=== HOST=car MASK=soft ARMS=interface SLACK=0.1 ===
=== host: car  mask: soft  arm: interface  slack: 0.1 ===
wandb: [wandb.login()] Loaded credentials for https://api.wandb.ai from /home/shora/.netrc.
wandb: Currently logged in as: shoraaa (shoraaa-vnu) to https://api.wandb.ai. Use `wandb login --relogin` to force relogin
wandb: setting up run n14vusyf
wandb: Tracking run with wandb version 0.28.1
wandb: Run data is saved locally in /home/shora/Research/PRISM/baselines/CaR-constraint/wandb/run-20260904_021225-n14vusyf
wandb: Run `wandb offline` to turn off syncing.
wandb: Syncing run 20260904_031217train_interface
wandb:  View project at https://wandb.ai/shoraaa-vnu/unified_solver
wandb:  View run at https://wandb.ai/shoraaa-vnu/unified_solver/runs/n14vusyf
{'POMO_checkpoint': '../PIP-constraint/POMO+PIP/pretrained/TSPTW/tsptw50_hard/POMO_star/epoch-10000.pt',
 'accumulation_steps': 8,
 'active_constraints': ['backhaul', 'route_limit', 'time_window'],
 'amp_training': True,
 'aspect_num': 2,
 'aux_mask': True,
 'backhaul_mask': 'soft',
 'baseline': 'group',
 'best_solution_path': None,
 'bonus_for_construction': False,
 'boundary': 0.5,
 'checkpoint': None,
 'clean_cache': False,
 'coefficient': 100,
 'consequence_hidden_dim': 16,
 'constraint_number': 4,
 'constraint_repr': 'interface',
 'couple_rows': True,
 'decoder_layer_num': 1,
 'diversity': 'kendall_tau_distance',
 'diversity_loss': True,
 'diversity_reward': False,
 'diversity_weight': 0.01,
 'dual_decoder': False,
 'dummy_improve_selected': 'random',
 'dummy_improve_steps': 0,
 'dynamic_coefficient': False,
 'embedding_dim': 128,
 'empty_cache_per_batch': True,
 'enable_eas': False,
 'encoder_layer_num': 6,
 'epochs': 10,
 'epsilon': 3.67,
 'epsilon_base': 5.0,
 'epsilon_decay_beta': 0.001,
 'eval_only': False,
 'eval_type': 'argmax',
 'extra_bonus': False,
 'extra_weight': 0.1,
 'ff_hidden_dim': 512,
 'fsb_dist_only': True,
 'fsb_reward_only': True,
 'fsb_reward_plus': False,
 'fsb_start_delay': 10000,
 'gamma': 0.1,
 'generate_PI_mask': False,
 'gpu_id': '0',
 'gumbel': False,
 'hardness': 'hard',
 'head_num': 8,
 'imitation_learning': True,
 'imitation_loss_weight': 1.0,
 'impr_encoder_start_idx': 0,
 'improve_start_when_dummy_ok': False,
 'improve_steps': 5,
 'improvement_method': 'kopt',
 'improvement_only': False,
 'infsb_dist_penalty': False,
 'init_sol_strategy': 'POMO',
 'insert_before': True,
 'is_lib': False,
 'iterations': 200,
 'iterations_impr': 20,
 'k_max': 4,
 'k_unconfident': 10,
 'lazy_pip_model': False,
 'load_optimizer': True,
 'load_which_pip': 'train_fsb_bsf',
 'log_dir': 'results/composition/train_car_soft_interface_slack0.1',
 'logit_clipping': 10,
 'lr': 0.0001,
 'max_dummy_size': 18,
 'milestones': [4501],
 'model_save_interval': 5,
 'model_type': 'SINGLE',
 'multi_processing': False,
 'multiple_gpu': False,
 'n2s_decoder': False,
 'neighborhood_search': False,
 'no_cuda': False,
 'node_repr': 'named',
 'node_repr_dim': 4,
 'non_linear': None,
 'non_linear_cons': False,
 'norm': 'instance',
 'norm_loc': 'norm_last',
 'occ_gpu': 0.0,
 'out_node_reward': True,
 'out_reward': True,
 'pairwise_merge': 'feature,attention',
 'penalty_factor': 1.0,
 'penalty_normalize': False,
 'pip_checkpoint': None,
 'pip_decoder': False,
 'pip_last_growup': 50,
 'pip_step': 1,
 'pip_update_epoch': 20,
 'pip_update_interval': 1000,
 'pomo_feasible_start': False,
 'pomo_size': 50,
 'pomo_start': False,
 'problem': 'VRPBLTW',
 'problem_size': 50,
 'probs_return': False,
 'qkv_dim': 16,
 'random_delta_t': 0,
 'reconstruct': False,
 'reconstruct_bonus_weight': 1.0,
 'reconstruct_improve_bonus': False,
 'refinement_history_path': None,
 'repeats': 1,
 'reward_gating': False,
 'rm_num': 1,
 'sample_size': 1,
 'seed': 1234,
 'select_strategy': 'quality',
 'select_top_k': 10,
 'select_top_k_val': 1,
 'seperate_obj_penalty': False,
 'simulation_stop_epoch': 100,
 'slack_normalize': True,
 'slack_weight': 0.1,
 'soft_constrained': True,
 'sop_variant': 1,
 'sqrt_embedding_dim': 11.313708498984761,
 'stochastic_probability': 0.5,
 'subgradient': False,
 'subgradient_lr': 0.1,
 'succ_attention_bias': 1.0,
 'supplement_feature_dim': 17,
 'tb_logger': False,
 'test_batch_size': 10000,
 'test_dataset': None,
 'test_episodes': 10000,
 'test_opt_path': None,
 'test_pomo_size': 1,
 'total_history': 3,
 'train_batch_size': 16,
 'train_episodes': 2560,
 'tw_normalize': True,
 'uncertainty_weight': False,
 'unified_decoder': False,
 'unified_encoder': True,
 'use_fast_attention': True,
 'use_real_PI_mask': False,
 'v_range': 6.0,
 'val_dataset': ['vrpbltw50_uniform.pkl'],
 'val_episodes': 64,
 'val_init_sol_strategy': 'POMO',
 'val_opt_path': None,
 'val_pomo_size': 1,
 'val_reconstruct_times': 1,
 'validation_batch_size': 32,
 'validation_improve_steps': 20,
 'validation_interval': 2,
 'wandb_logger': True,
 'weight_decay': 1e-06,
 'which_feature': 'both',
 'with_RNN': True,
 'with_bonus': False,
 'with_explore_stat_feature': True,
 'with_infsb_feature': True,
 'with_regular': False,
 'wo_node_penalty': False,
 'wo_tour_penalty': False,
 'world_size': 1}
>> Log Path: results/composition/train_car_soft_interface_slack0.1/20260904_031217train_interface
>> No occupation needed
>> USE_CUDA: True, CUDA_DEVICE_NUM: 0
>> Start VRPBLTW Training using SINGLE Model ...
[2026-09-04 02:12:26] utils.py(229) : >> Use unified encoder for Improvement and Construction!
[2026-09-04 02:12:27] utils.py(229) : >> Use kopt decoder for Improvement!
[2026-09-04 02:12:27] utils.py(229) : lambda_:
[2026-09-04 02:12:27] utils.py(229) : 1.0
[2026-09-04 02:12:28] utils.py(229) : Number of Parameters: 1648488
[2026-09-04 02:12:28] utils.py(229) : [copy_all_src] Warning: /home/shora/Research/PRISM/baselines/CaR-constraint/_ops.py not found. Skipping.
[2026-09-04 02:12:28] utils.py(229) : [copy_all_src] Warning: /home/shora/Research/PRISM/baselines/CaR-constraint/_classes.py not found. Skipping.
[2026-09-04 02:12:28] utils.py(229) : ================================================================================
[2026-09-04 02:12:32] utils.py(229) : Rank 0 >> Epoch 1: Train (0%)
[2026-09-04 02:12:32] utils.py(229) : [Construction] Score: 26.2572,  Loss: 532.0593,  Infeasible_rate: [100.0000%, 100.0000%], out: 86.3856, out_nodes: 25, Feasible_dist: 0.0000
[2026-09-04 02:12:32] utils.py(229) : [Improvement] Score: 168.9443 [BSF: 167.3221],  Loss: 9.6048,  Infeasible_rate: [100.0000%, 100.0000%], out: 172.4672, out_nodes: 57, Feasible_dist: 0.0000, Entropy: 2.3673
[2026-09-04 02:12:32] utils.py(229) : Diversity Loss: 9.4232, Constructive RL loss: 532.1534, Slack loss: 0.5774 (adds 53.21)
[2026-09-04 02:12:37] utils.py(229) : Rank 0 >> Epoch 1: Train (0%)
[2026-09-04 02:12:37] utils.py(229) : [Construction] Score: 26.4195,  Loss: 499.4988,  Infeasible_rate: [100.0000%, 100.0000%], out: 83.7907, out_nodes: 25, Feasible_dist: 0.0000
[2026-09-04 02:12:37] utils.py(229) : [Improvement] Score: 157.2722 [BSF: 156.0686],  Loss: 8.7593,  Infeasible_rate: [100.0000%, 100.0000%], out: 163.0758, out_nodes: 56, Feasible_dist: 0.0000, Entropy: 2.3817
[2026-09-04 02:12:37] utils.py(229) : Diversity Loss: 9.4683, Constructive RL loss: 499.5934, Slack loss: 0.5741 (adds 49.95)
[2026-09-04 02:12:41] utils.py(229) : Rank 0 >> Epoch 1: Train (0%)
[2026-09-04 02:12:41] utils.py(229) : [Construction] Score: 26.7186,  Loss: 566.4550,  Infeasible_rate: [100.0000%, 100.0000%], out: 83.5855, out_nodes: 25, Feasible_dist: 0.0000
[2026-09-04 02:12:41] utils.py(229) : [Improvement] Score: 157.4644 [BSF: 156.4465],  Loss: 8.8888,  Infeasible_rate: [100.0000%, 100.0000%], out: 160.4962, out_nodes: 56, Feasible_dist: 0.0000, Entropy: 2.4120
[2026-09-04 02:12:41] utils.py(229) : Diversity Loss: 9.4984, Constructive RL loss: 566.5499, Slack loss: 0.5850 (adds 56.65)
[2026-09-04 02:12:45] utils.py(229) : Rank 0 >> Epoch 1: Train (0%)
[2026-09-04 02:12:45] utils.py(229) : [Construction] Score: 26.7342,  Loss: 527.7731,  Infeasible_rate: [100.0000%, 100.0000%], out: 81.6031, out_nodes: 25, Feasible_dist: 0.0000
[2026-09-04 02:12:45] utils.py(229) : [Improvement] Score: 151.7378 [BSF: 150.8154],  Loss: 9.5994,  Infeasible_rate: [100.0000%, 100.0000%], out: 154.4390, out_nodes: 55, Feasible_dist: 0.0000, Entropy: 2.4266
[2026-09-04 02:12:45] utils.py(229) : Diversity Loss: 9.5170, Constructive RL loss: 527.8682, Slack loss: 0.5816 (adds 52.78)
[2026-09-04 02:12:49] utils.py(229) : Rank 0 >> Epoch 1: Train (0%)
[2026-09-04 02:12:49] utils.py(229) : [Construction] Score: 26.5310,  Loss: 539.6599,  Infeasible_rate: [100.0000%, 100.0000%], out: 81.4837, out_nodes: 25, Feasible_dist: 0.0000
[2026-09-04 02:12:49] utils.py(229) : [Improvement] Score: 152.7992 [BSF: 151.3320],  Loss: 10.0148,  Infeasible_rate: [100.0000%, 100.0000%], out: 156.0411, out_nodes: 56, Feasible_dist: 0.0000, Entropy: 2.4218
[2026-09-04 02:12:49] utils.py(229) : Diversity Loss: 9.5201, Constructive RL loss: 539.7550, Slack loss: 0.5844 (adds 53.97)
[2026-09-04 02:12:53] utils.py(229) : Rank 0 >> Epoch 1: Train (0%)
[2026-09-04 02:12:53] utils.py(229) : [Construction] Score: 26.5096,  Loss: 588.1451,  Infeasible_rate: [100.0000%, 100.0000%], out: 79.5133, out_nodes: 25, Feasible_dist: 0.0000
[2026-09-04 02:12:53] utils.py(229) : [Improvement] Score: 149.7964 [BSF: 148.4549],  Loss: 9.9916,  Infeasible_rate: [100.0000%, 100.0000%], out: 154.8477, out_nodes: 56, Feasible_dist: 0.0000, Entropy: 2.4265
[2026-09-04 02:12:53] utils.py(229) : Diversity Loss: 9.5321, Constructive RL loss: 588.2403, Slack loss: 0.5845 (adds 58.81)
[2026-09-04 02:12:57] utils.py(229) : Rank 0 >> Epoch 1: Train (0%)
[2026-09-04 02:12:57] utils.py(229) : [Construction] Score: 26.5140,  Loss: 589.8677,  Infeasible_rate: [100.0000%, 100.0000%], out: 78.7230, out_nodes: 25, Feasible_dist: 0.0000
[2026-09-04 02:12:57] utils.py(229) : [Improvement] Score: 148.7422 [BSF: 147.4116],  Loss: 9.8200,  Infeasible_rate: [100.0000%, 100.0000%], out: 153.6425, out_nodes: 55, Feasible_dist: 0.0000, Entropy: 2.4220
[2026-09-04 02:12:57] utils.py(229) : Diversity Loss: 9.5417, Constructive RL loss: 589.9632, Slack loss: 0.5839 (adds 58.99)
[2026-09-04 02:13:00] utils.py(229) : Rank 0 >> Epoch 1: Train (0%)
[2026-09-04 02:13:00] utils.py(229) : [Construction] Score: 26.5574,  Loss: 590.3481,  Infeasible_rate: [100.0000%, 100.0000%], out: 79.7013, out_nodes: 25, Feasible_dist: 0.0000
[2026-09-04 02:13:00] utils.py(229) : [Improvement] Score: 149.1925 [BSF: 147.7595],  Loss: 9.9190,  Infeasible_rate: [100.0000%, 100.0000%], out: 154.7256, out_nodes: 56, Feasible_dist: 0.0000, Entropy: 2.4145
[2026-09-04 02:13:00] utils.py(229) : Diversity Loss: 9.5341, Constructive RL loss: 590.4434, Slack loss: 0.5855 (adds 59.03)
[2026-09-04 02:13:04] utils.py(229) : Rank 0 >> Epoch 1: Train (5%)
[2026-09-04 02:13:04] utils.py(229) : [Construction] Score: 26.5205,  Loss: 595.9533,  Infeasible_rate: [100.0000%, 100.0000%], out: 81.1275, out_nodes: 25, Feasible_dist: 0.0000
[2026-09-04 02:13:04] utils.py(229) : [Improvement] Score: 150.5344 [BSF: 149.0981],  Loss: 10.2828,  Infeasible_rate: [100.0000%, 100.0000%], out: 156.8756, out_nodes: 56, Feasible_dist: 0.0000, Entropy: 2.4160
[2026-09-04 02:13:04] utils.py(229) : Diversity Loss: 9.5261, Constructive RL loss: 596.0485, Slack loss: 0.5892 (adds 59.60)
[2026-09-04 02:13:07] utils.py(229) : Rank 0 >> Epoch 1: Train (5%)
[2026-09-04 02:13:07] utils.py(229) : [Construction] Score: 26.4497,  Loss: 597.8827,  Infeasible_rate: [100.0000%, 100.0000%], out: 79.7791, out_nodes: 25, Feasible_dist: 0.0000
[2026-09-04 02:13:07] utils.py(229) : [Improvement] Score: 149.3046 [BSF: 147.8772],  Loss: 10.1149,  Infeasible_rate: [100.0000%, 100.0000%], out: 155.9366, out_nodes: 56, Feasible_dist: 0.0000, Entropy: 2.4092
[2026-09-04 02:13:07] utils.py(229) : Diversity Loss: 9.5276, Constructive RL loss: 597.9779, Slack loss: 0.5898 (adds 59.79)
[2026-09-04 02:13:11] utils.py(229) : Rank 0 >> Epoch 1: Train (5%)
[2026-09-04 02:13:11] utils.py(229) : [Construction] Score: 26.5279,  Loss: 599.8507,  Infeasible_rate: [100.0000%, 100.0000%], out: 80.2475, out_nodes: 25, Feasible_dist: 0.0000
[2026-09-04 02:13:11] utils.py(229) : [Improvement] Score: 149.0962 [BSF: 147.6117],  Loss: 10.0299,  Infeasible_rate: [100.0000%, 100.0000%], out: 157.2887, out_nodes: 56, Feasible_dist: 0.0000, Entropy: 2.4091
[2026-09-04 02:13:11] utils.py(229) : Diversity Loss: 9.5244, Constructive RL loss: 599.9458, Slack loss: 0.5911 (adds 59.99)
[2026-09-04 02:13:15] utils.py(229) : Rank 0 >> Epoch 1: Train (5%)
[2026-09-04 02:13:15] utils.py(229) : [Construction] Score: 26.4683,  Loss: 606.5914,  Infeasible_rate: [100.0000%, 100.0000%], out: 80.4945, out_nodes: 25, Feasible_dist: 0.0000
[2026-09-04 02:13:15] utils.py(229) : [Improvement] Score: 148.2120 [BSF: 146.8440],  Loss: 10.0487,  Infeasible_rate: [100.0000%, 100.0000%], out: 156.9862, out_nodes: 56, Feasible_dist: 0.0000, Entropy: 2.4140
[2026-09-04 02:13:15] utils.py(229) : Diversity Loss: 9.5195, Constructive RL loss: 606.6865, Slack loss: 0.5922 (adds 60.66)
[2026-09-04 02:13:20] utils.py(229) : Rank 0 >> Epoch 1: Train (5%)
[2026-09-04 02:13:20] utils.py(229) : [Construction] Score: 26.4820,  Loss: 608.3791,  Infeasible_rate: [100.0000%, 100.0000%], out: 80.0566, out_nodes: 25, Feasible_dist: 0.0000
[2026-09-04 02:13:20] utils.py(229) : [Improvement] Score: 147.7767 [BSF: 146.3714],  Loss: 10.1105,  Infeasible_rate: [100.0000%, 100.0000%], out: 157.5726, out_nodes: 56, Feasible_dist: 0.0000, Entropy: 2.4152
[2026-09-04 02:13:20] utils.py(229) : Diversity Loss: 9.5154, Constructive RL loss: 608.4741, Slack loss: 0.5928 (adds 60.84)
[2026-09-04 02:13:24] utils.py(229) : Rank 0 >> Epoch 1: Train (5%)
[2026-09-04 02:13:24] utils.py(229) : [Construction] Score: 26.4689,  Loss: 601.2154,  Infeasible_rate: [100.0000%, 100.0000%], out: 79.6988, out_nodes: 25, Feasible_dist: 0.0000
[2026-09-04 02:13:24] utils.py(229) : [Improvement] Score: 147.3439 [BSF: 145.8205],  Loss: 10.2421,  Infeasible_rate: [100.0000%, 100.0000%], out: 156.8350, out_nodes: 56, Feasible_dist: 0.0000, Entropy: 2.4120
[2026-09-04 02:13:24] utils.py(229) : Diversity Loss: 9.5145, Constructive RL loss: 601.3105, Slack loss: 0.5925 (adds 60.12)
[2026-09-04 02:13:30] utils.py(229) : Rank 0 >> Epoch 1: Train (5%)
[2026-09-04 02:13:30] utils.py(229) : [Construction] Score: 26.5129,  Loss: 599.5961,  Infeasible_rate: [100.0000%, 100.0000%], out: 79.7699, out_nodes: 25, Feasible_dist: 0.0000
[2026-09-04 02:13:30] utils.py(229) : [Improvement] Score: 147.0180 [BSF: 145.5451],  Loss: 10.5534,  Infeasible_rate: [100.0000%, 100.0000%], out: 156.2982, out_nodes: 56, Feasible_dist: 0.0000, Entropy: 2.4134
[2026-09-04 02:13:30] utils.py(229) : Diversity Loss: 9.5162, Constructive RL loss: 599.6912, Slack loss: 0.5925 (adds 59.96)
[2026-09-04 02:13:35] utils.py(229) : Rank 0 >> Epoch 1: Train (5%)
[2026-09-04 02:13:35] utils.py(229) : [Construction] Score: 26.5146,  Loss: 608.1213,  Infeasible_rate: [100.0000%, 100.0000%], out: 79.6611, out_nodes: 25, Feasible_dist: 0.0000
[2026-09-04 02:13:35] utils.py(229) : [Improvement] Score: 146.9804 [BSF: 145.5925],  Loss: 10.3001,  Infeasible_rate: [100.0000%, 100.0000%], out: 156.0777, out_nodes: 56, Feasible_dist: 0.0000, Entropy: 2.4140
[2026-09-04 02:13:35] utils.py(229) : Diversity Loss: 9.5187, Constructive RL loss: 608.2164, Slack loss: 0.5929 (adds 60.81)
[2026-09-04 02:13:39] utils.py(229) : Rank 0 >> Epoch 1: Train (10%)
[2026-09-04 02:13:39] utils.py(229) : [Construction] Score: 26.5235,  Loss: 611.1534,  Infeasible_rate: [100.0000%, 100.0000%], out: 79.4355, out_nodes: 25, Feasible_dist: 0.0000
[2026-09-04 02:13:39] utils.py(229) : [Improvement] Score: 147.0611 [BSF: 145.6862],  Loss: 10.2383,  Infeasible_rate: [100.0000%, 100.0000%], out: 155.4869, out_nodes: 56, Feasible_dist: 0.0000, Entropy: 2.4132
[2026-09-04 02:13:39] utils.py(229) : Diversity Loss: 9.5169, Constructive RL loss: 611.2485, Slack loss: 0.5928 (adds 61.12)
[2026-09-04 02:13:43] utils.py(229) : Rank 0 >> Epoch 1: Train (10%)
[2026-09-04 02:13:43] utils.py(229) : [Construction] Score: 26.4770,  Loss: 611.2217,  Infeasible_rate: [100.0000%, 100.0000%], out: 79.7579, out_nodes: 25, Feasible_dist: 0.0000
[2026-09-04 02:13:43] utils.py(229) : [Improvement] Score: 147.4422 [BSF: 146.0926],  Loss: 10.3535,  Infeasible_rate: [100.0000%, 100.0000%], out: 155.7533, out_nodes: 56, Feasible_dist: 0.0000, Entropy: 2.4163
[2026-09-04 02:13:43] utils.py(229) : Diversity Loss: 9.5187, Constructive RL loss: 611.3169, Slack loss: 0.5933 (adds 61.12)
[2026-09-04 02:13:47] utils.py(229) : Rank 0 >> Epoch 1: Train (10%)
[2026-09-04 02:13:47] utils.py(229) : [Construction] Score: 26.4985,  Loss: 616.8257,  Infeasible_rate: [100.0000%, 100.0000%], out: 79.4123, out_nodes: 25, Feasible_dist: 0.0000
[2026-09-04 02:13:47] utils.py(229) : [Improvement] Score: 147.0268 [BSF: 145.7265],  Loss: 10.1144,  Infeasible_rate: [100.0000%, 100.0000%], out: 155.0594, out_nodes: 56, Feasible_dist: 0.0000, Entropy: 2.4149
[2026-09-04 02:13:47] utils.py(229) : Diversity Loss: 9.5239, Constructive RL loss: 616.9208, Slack loss: 0.5926 (adds 61.68)
[2026-09-04 02:13:51] utils.py(229) : Rank 0 >> Epoch 1: Train (10%)
[2026-09-04 02:13:51] utils.py(229) : [Construction] Score: 26.5013,  Loss: 619.1907,  Infeasible_rate: [100.0000%, 100.0000%], out: 79.0902, out_nodes: 25, Feasible_dist: 0.0000
[2026-09-04 02:13:51] utils.py(229) : [Improvement] Score: 146.8354 [BSF: 145.5428],  Loss: 10.0937,  Infeasible_rate: [100.0000%, 100.0000%], out: 154.8720, out_nodes: 56, Feasible_dist: 0.0000, Entropy: 2.4157
[2026-09-04 02:13:51] utils.py(229) : Diversity Loss: 9.5214, Constructive RL loss: 619.2858, Slack loss: 0.5930 (adds 61.92)
[2026-09-04 02:13:54] utils.py(229) : Rank 0 >> Epoch 1: Train (10%)
[2026-09-04 02:13:54] utils.py(229) : [Construction] Score: 26.5317,  Loss: 624.2829,  Infeasible_rate: [100.0000%, 100.0000%], out: 79.1147, out_nodes: 25, Feasible_dist: 0.0000
[2026-09-04 02:13:54] utils.py(229) : [Improvement] Score: 147.0381 [BSF: 145.7972],  Loss: 10.1872,  Infeasible_rate: [100.0000%, 100.0000%], out: 155.0941, out_nodes: 56, Feasible_dist: 0.0000, Entropy: 2.4140
[2026-09-04 02:13:54] utils.py(229) : Diversity Loss: 9.5206, Constructive RL loss: 624.3781, Slack loss: 0.5930 (adds 62.43)
[2026-09-04 02:13:58] utils.py(229) : Rank 0 >> Epoch 1: Train (10%)
[2026-09-04 02:13:58] utils.py(229) : [Construction] Score: 26.5295,  Loss: 619.7211,  Infeasible_rate: [100.0000%, 100.0000%], out: 79.2786, out_nodes: 25, Feasible_dist: 0.0000
[2026-09-04 02:13:58] utils.py(229) : [Improvement] Score: 147.1687 [BSF: 145.9843],  Loss: 10.1231,  Infeasible_rate: [100.0000%, 100.0000%], out: 154.9331, out_nodes: 56, Feasible_dist: 0.0000, Entropy: 2.4152
[2026-09-04 02:13:58] utils.py(229) : Diversity Loss: 9.5215, Constructive RL loss: 619.8163, Slack loss: 0.5923 (adds 61.97)
[2026-09-04 02:14:02] utils.py(229) : Rank 0 >> Epoch 1: Train (10%)
[2026-09-04 02:14:02] utils.py(229) : [Construction] Score: 26.5410,  Loss: 622.0777,  Infeasible_rate: [100.0000%, 100.0000%], out: 79.2999, out_nodes: 25, Feasible_dist: 0.0000
[2026-09-04 02:14:02] utils.py(229) : [Improvement] Score: 146.8238 [BSF: 145.6701],  Loss: 9.9839,  Infeasible_rate: [100.0000%, 100.0000%], out: 154.1186, out_nodes: 55, Feasible_dist: 0.0000, Entropy: 2.4127
[2026-09-04 02:14:02] utils.py(229) : Diversity Loss: 9.5273, Constructive RL loss: 622.1729, Slack loss: 0.5920 (adds 62.21)
[2026-09-04 02:14:06] utils.py(229) : Rank 0 >> Epoch 1: Train (10%)
[2026-09-04 02:14:06] utils.py(229) : [Construction] Score: 26.5343,  Loss: 624.0055,  Infeasible_rate: [100.0000%, 100.0000%], out: 79.3415, out_nodes: 25, Feasible_dist: 0.0000
[2026-09-04 02:14:06] utils.py(229) : [Improvement] Score: 147.0502 [BSF: 145.8899],  Loss: 9.8291,  Infeasible_rate: [100.0000%, 100.0000%], out: 154.5481, out_nodes: 56, Feasible_dist: 0.0000, Entropy: 2.4116
[2026-09-04 02:14:06] utils.py(229) : Diversity Loss: 9.5233, Constructive RL loss: 624.1007, Slack loss: 0.5926 (adds 62.40)
[2026-09-04 02:14:09] utils.py(229) : Rank 0 >> Epoch 1: Train (15%)
[2026-09-04 02:14:09] utils.py(229) : [Construction] Score: 26.5638,  Loss: 618.7968,  Infeasible_rate: [100.0000%, 100.0000%], out: 79.0230, out_nodes: 25, Feasible_dist: 0.0000
[2026-09-04 02:14:09] utils.py(229) : [Improvement] Score: 146.8398 [BSF: 145.6898],  Loss: 9.8371,  Infeasible_rate: [100.0000%, 100.0000%], out: 153.8423, out_nodes: 55, Feasible_dist: 0.0000, Entropy: 2.4106
[2026-09-04 02:14:09] utils.py(229) : Diversity Loss: 9.5258, Constructive RL loss: 618.8920, Slack loss: 0.5918 (adds 61.88)
[2026-09-04 02:14:13] utils.py(229) : Rank 0 >> Epoch 1: Train (15%)
[2026-09-04 02:14:13] utils.py(229) : [Construction] Score: 26.5634,  Loss: 615.9515,  Infeasible_rate: [100.0000%, 100.0000%], out: 79.1683, out_nodes: 25, Feasible_dist: 0.0000
[2026-09-04 02:14:13] utils.py(229) : [Improvement] Score: 146.8932 [BSF: 145.7507],  Loss: 9.8668,  Infeasible_rate: [100.0000%, 100.0000%], out: 154.1599, out_nodes: 55, Feasible_dist: 0.0000, Entropy: 2.4116
[2026-09-04 02:14:13] utils.py(229) : Diversity Loss: 9.5228, Constructive RL loss: 616.0467, Slack loss: 0.5920 (adds 61.60)
[2026-09-04 02:14:17] utils.py(229) : Rank 0 >> Epoch 1: Train (15%)
[2026-09-04 02:14:17] utils.py(229) : [Construction] Score: 26.5540,  Loss: 613.1076,  Infeasible_rate: [100.0000%, 100.0000%], out: 79.5061, out_nodes: 25, Feasible_dist: 0.0000
[2026-09-04 02:14:17] utils.py(229) : [Improvement] Score: 146.8198 [BSF: 145.6957],  Loss: 10.0855,  Infeasible_rate: [100.0000%, 100.0000%], out: 154.3691, out_nodes: 56, Feasible_dist: 0.0000, Entropy: 2.4130
[2026-09-04 02:14:17] utils.py(229) : Diversity Loss: 9.5204, Constructive RL loss: 613.2028, Slack loss: 0.5923 (adds 61.31)
[2026-09-04 02:14:21] utils.py(229) : Rank 0 >> Epoch 1: Train (15%)
[2026-09-04 02:14:21] utils.py(229) : [Construction] Score: 26.5755,  Loss: 612.4822,  Infeasible_rate: [100.0000%, 100.0000%], out: 79.5482, out_nodes: 25, Feasible_dist: 0.0000
[2026-09-04 02:14:21] utils.py(229) : [Improvement] Score: 147.3127 [BSF: 146.0974],  Loss: 10.1133,  Infeasible_rate: [100.0000%, 100.0000%], out: 154.6256, out_nodes: 56, Feasible_dist: 0.0000, Entropy: 2.4108
[2026-09-04 02:14:21] utils.py(229) : Diversity Loss: 9.5215, Constructive RL loss: 612.5774, Slack loss: 0.5925 (adds 61.25)
[2026-09-04 02:14:25] utils.py(229) : Rank 0 >> Epoch 1: Train (15%)
[2026-09-04 02:14:25] utils.py(229) : [Construction] Score: 26.5883,  Loss: 615.2745,  Infeasible_rate: [100.0000%, 100.0000%], out: 79.5678, out_nodes: 25, Feasible_dist: 0.0000
[2026-09-04 02:14:25] utils.py(229) : [Improvement] Score: 147.5193 [BSF: 146.3459],  Loss: 10.1227,  Infeasible_rate: [100.0000%, 100.0000%], out: 154.5375, out_nodes: 56, Feasible_dist: 0.0000, Entropy: 2.4114
[2026-09-04 02:14:25] utils.py(229) : Diversity Loss: 9.5245, Constructive RL loss: 615.3698, Slack loss: 0.5921 (adds 61.53)
[2026-09-04 02:14:29] utils.py(229) : Rank 0 >> Epoch 1: Train (15%)
[2026-09-04 02:14:29] utils.py(229) : [Construction] Score: 26.5791,  Loss: 616.4624,  Infeasible_rate: [100.0000%, 100.0000%], out: 79.6559, out_nodes: 25, Feasible_dist: 0.0000
[2026-09-04 02:14:29] utils.py(229) : [Improvement] Score: 147.8740 [BSF: 146.7044],  Loss: 10.1280,  Infeasible_rate: [100.0000%, 100.0000%], out: 155.0802, out_nodes: 56, Feasible_dist: 0.0000, Entropy: 2.4110
[2026-09-04 02:14:29] utils.py(229) : Diversity Loss: 9.5232, Constructive RL loss: 616.5576, Slack loss: 0.5925 (adds 61.65)
[2026-09-04 02:14:33] utils.py(229) : Rank 0 >> Epoch 1: Train (15%)
[2026-09-04 02:14:33] utils.py(229) : [Construction] Score: 26.6199,  Loss: 615.5997,  Infeasible_rate: [100.0000%, 100.0000%], out: 79.1319, out_nodes: 25, Feasible_dist: 0.0000
[2026-09-04 02:14:33] utils.py(229) : [Improvement] Score: 147.2461 [BSF: 146.1143],  Loss: 10.0164,  Infeasible_rate: [100.0000%, 100.0000%], out: 154.1280, out_nodes: 56, Feasible_dist: 0.0000, Entropy: 2.4119
[2026-09-04 02:14:33] utils.py(229) : Diversity Loss: 9.5273, Constructive RL loss: 615.6950, Slack loss: 0.5914 (adds 61.56)
[2026-09-04 02:14:37] utils.py(229) : Rank 0 >> Epoch 1: Train (15%)
[2026-09-04 02:14:37] utils.py(229) : [Construction] Score: 26.6091,  Loss: 614.0558,  Infeasible_rate: [100.0000%, 100.0000%], out: 79.1287, out_nodes: 25, Feasible_dist: 0.0000
[2026-09-04 02:14:37] utils.py(229) : [Improvement] Score: 147.2142 [BSF: 146.0947],  Loss: 9.9965,  Infeasible_rate: [100.0000%, 100.0000%], out: 153.6305, out_nodes: 55, Feasible_dist: 0.0000, Entropy: 2.4115
[2026-09-04 02:14:37] utils.py(229) : Diversity Loss: 9.5262, Constructive RL loss: 614.1511, Slack loss: 0.5908 (adds 61.41)
[2026-09-04 02:14:41] utils.py(229) : Rank 0 >> Epoch 1: Train (20%)
[2026-09-04 02:14:41] utils.py(229) : [Construction] Score: 26.5872,  Loss: 610.4049,  Infeasible_rate: [100.0000%, 100.0000%], out: 78.6437, out_nodes: 25, Feasible_dist: 0.0000
[2026-09-04 02:14:41] utils.py(229) : [Improvement] Score: 146.6851 [BSF: 145.5954],  Loss: 9.9155,  Infeasible_rate: [100.0000%, 100.0000%], out: 152.7855, out_nodes: 55, Feasible_dist: 0.0000, Entropy: 2.4126
[2026-09-04 02:14:41] utils.py(229) : Diversity Loss: 9.5302, Constructive RL loss: 610.5002, Slack loss: 0.5897 (adds 61.04)
[2026-09-04 02:14:45] utils.py(229) : Rank 0 >> Epoch 1: Train (20%)
[2026-09-04 02:14:45] utils.py(229) : [Construction] Score: 26.6044,  Loss: 612.3092,  Infeasible_rate: [100.0000%, 100.0000%], out: 78.5064, out_nodes: 25, Feasible_dist: 0.0000
[2026-09-04 02:14:45] utils.py(229) : [Improvement] Score: 146.5547 [BSF: 145.4289],  Loss: 9.9539,  Infeasible_rate: [100.0000%, 100.0000%], out: 152.7707, out_nodes: 55, Feasible_dist: 0.0000, Entropy: 2.4123
[2026-09-04 02:14:45] utils.py(229) : Diversity Loss: 9.5314, Constructive RL loss: 612.4045, Slack loss: 0.5895 (adds 61.23)
[2026-09-04 02:14:49] utils.py(229) : Rank 0 >> Epoch 1: Train (20%)
[2026-09-04 02:14:49] utils.py(229) : [Construction] Score: 26.6307,  Loss: 616.1453,  Infeasible_rate: [100.0000%, 100.0000%], out: 78.1611, out_nodes: 25, Feasible_dist: 0.0000
[2026-09-04 02:14:49] utils.py(229) : [Improvement] Score: 146.3863 [BSF: 145.2277],  Loss: 9.9020,  Infeasible_rate: [100.0000%, 100.0000%], out: 152.8762, out_nodes: 55, Feasible_dist: 0.0000, Entropy: 2.4130
[2026-09-04 02:14:49] utils.py(229) : Diversity Loss: 9.5290, Constructive RL loss: 616.2405, Slack loss: 0.5897 (adds 61.61)
[2026-09-04 02:14:53] utils.py(229) : Rank 0 >> Epoch 1: Train (20%)
[2026-09-04 02:14:53] utils.py(229) : [Construction] Score: 26.6357,  Loss: 615.7095,  Infeasible_rate: [100.0000%, 100.0000%], out: 78.1967, out_nodes: 25, Feasible_dist: 0.0000
[2026-09-04 02:14:53] utils.py(229) : [Improvement] Score: 146.3569 [BSF: 145.2305],  Loss: 9.9093,  Infeasible_rate: [100.0000%, 100.0000%], out: 153.0583, out_nodes: 55, Feasible_dist: 0.0000, Entropy: 2.4116
[2026-09-04 02:14:53] utils.py(229) : Diversity Loss: 9.5271, Constructive RL loss: 615.8047, Slack loss: 0.5900 (adds 61.57)
[2026-09-04 02:14:57] utils.py(229) : Rank 0 >> Epoch 1: Train (20%)
[2026-09-04 02:14:57] utils.py(229) : [Construction] Score: 26.6222,  Loss: 613.9699,  Infeasible_rate: [100.0000%, 100.0000%], out: 78.3094, out_nodes: 25, Feasible_dist: 0.0000
[2026-09-04 02:14:57] utils.py(229) : [Improvement] Score: 146.6507 [BSF: 145.5203],  Loss: 9.8726,  Infeasible_rate: [100.0000%, 100.0000%], out: 153.3056, out_nodes: 55, Feasible_dist: 0.0000, Entropy: 2.4129
[2026-09-04 02:14:57] utils.py(229) : Diversity Loss: 9.5266, Constructive RL loss: 614.0652, Slack loss: 0.5902 (adds 61.40)
[2026-09-04 02:15:02] utils.py(229) : Rank 0 >> Epoch 1: Train (20%)
[2026-09-04 02:15:02] utils.py(229) : [Construction] Score: 26.6218,  Loss: 614.7798,  Infeasible_rate: [100.0000%, 100.0000%], out: 78.3502, out_nodes: 25, Feasible_dist: 0.0000
[2026-09-04 02:15:02] utils.py(229) : [Improvement] Score: 146.5297 [BSF: 145.3430],  Loss: 9.9149,  Infeasible_rate: [100.0000%, 100.0000%], out: 153.3243, out_nodes: 55, Feasible_dist: 0.0000, Entropy: 2.4152
[2026-09-04 02:15:02] utils.py(229) : Diversity Loss: 9.5256, Constructive RL loss: 614.8750, Slack loss: 0.5900 (adds 61.48)
[2026-09-04 02:15:07] utils.py(229) : Rank 0 >> Epoch 1: Train (20%)
[2026-09-04 02:15:07] utils.py(229) : [Construction] Score: 26.6137,  Loss: 614.3258,  Infeasible_rate: [100.0000%, 100.0000%], out: 78.3222, out_nodes: 25, Feasible_dist: 0.0000
[2026-09-04 02:15:07] utils.py(229) : [Improvement] Score: 146.7355 [BSF: 145.5326],  Loss: 9.8706,  Infeasible_rate: [100.0000%, 100.0000%], out: 153.5425, out_nodes: 55, Feasible_dist: 0.0000, Entropy: 2.4158
[2026-09-04 02:15:07] utils.py(229) : Diversity Loss: 9.5230, Constructive RL loss: 614.4210, Slack loss: 0.5904 (adds 61.43)
[2026-09-04 02:15:10] utils.py(229) : Rank 0 >> Epoch 1: Train (20%)
[2026-09-04 02:15:10] utils.py(229) : [Construction] Score: 26.6126,  Loss: 613.0749,  Infeasible_rate: [100.0000%, 100.0000%], out: 78.4291, out_nodes: 25, Feasible_dist: 0.0000
[2026-09-04 02:15:10] utils.py(229) : [Improvement] Score: 146.6759 [BSF: 145.5031],  Loss: 9.7924,  Infeasible_rate: [100.0000%, 100.0000%], out: 153.8206, out_nodes: 55, Feasible_dist: 0.0000, Entropy: 2.4159
[2026-09-04 02:15:10] utils.py(229) : Diversity Loss: 9.5210, Constructive RL loss: 613.1701, Slack loss: 0.5904 (adds 61.31)
[2026-09-04 02:15:14] utils.py(229) : Rank 0 >> Epoch 1: Train (25%)
[2026-09-04 02:15:14] utils.py(229) : [Construction] Score: 26.6148,  Loss: 612.2386,  Infeasible_rate: [100.0000%, 100.0000%], out: 78.5434, out_nodes: 25, Feasible_dist: 0.0000
[2026-09-04 02:15:14] utils.py(229) : [Improvement] Score: 146.6510 [BSF: 145.5068],  Loss: 9.8368,  Infeasible_rate: [100.0000%, 100.0000%], out: 154.1512, out_nodes: 55, Feasible_dist: 0.0000, Entropy: 2.4165
[2026-09-04 02:15:14] utils.py(229) : Diversity Loss: 9.5204, Constructive RL loss: 612.3338, Slack loss: 0.5906 (adds 61.22)
[2026-09-04 02:15:18] utils.py(229) : Rank 0 >> Epoch 1: Train (25%)
[2026-09-04 02:15:18] utils.py(229) : [Construction] Score: 26.6005,  Loss: 614.7331,  Infeasible_rate: [100.0000%, 100.0000%], out: 78.5660, out_nodes: 25, Feasible_dist: 0.0000
[2026-09-04 02:15:18] utils.py(229) : [Improvement] Score: 146.6657 [BSF: 145.5488],  Loss: 9.8196,  Infeasible_rate: [100.0000%, 100.0000%], out: 154.2145, out_nodes: 55, Feasible_dist: 0.0000, Entropy: 2.4175
[2026-09-04 02:15:18] utils.py(229) : Diversity Loss: 9.5197, Constructive RL loss: 614.8283, Slack loss: 0.5906 (adds 61.47)
[2026-09-04 02:15:22] utils.py(229) : Rank 0 >> Epoch 1: Train (25%)
[2026-09-04 02:15:22] utils.py(229) : [Construction] Score: 26.5968,  Loss: 614.2017,  Infeasible_rate: [100.0000%, 100.0000%], out: 78.7996, out_nodes: 25, Feasible_dist: 0.0000
[2026-09-04 02:15:22] utils.py(229) : [Improvement] Score: 147.3414 [BSF: 146.1910],  Loss: 9.8167,  Infeasible_rate: [100.0000%, 100.0000%], out: 154.7166, out_nodes: 56, Feasible_dist: 0.0000, Entropy: 2.4171
[2026-09-04 02:15:22] utils.py(229) : Diversity Loss: 9.5184, Constructive RL loss: 614.2969, Slack loss: 0.5911 (adds 61.42)
[2026-09-04 02:15:26] utils.py(229) : Rank 0 >> Epoch 1: Train (25%)
[2026-09-04 02:15:26] utils.py(229) : [Construction] Score: 26.6028,  Loss: 614.6387,  Infeasible_rate: [100.0000%, 100.0000%], out: 79.0632, out_nodes: 25, Feasible_dist: 0.0000
[2026-09-04 02:15:26] utils.py(229) : [Improvement] Score: 147.6910 [BSF: 146.5668],  Loss: 9.8651,  Infeasible_rate: [100.0000%, 100.0000%], out: 154.9667, out_nodes: 56, Feasible_dist: 0.0000, Entropy: 2.4173
[2026-09-04 02:15:26] utils.py(229) : Diversity Loss: 9.5170, Constructive RL loss: 614.7339, Slack loss: 0.5912 (adds 61.46)
[2026-09-04 02:15:29] utils.py(229) : Rank 0 >> Epoch 1: Train (25%)
[2026-09-04 02:15:29] utils.py(229) : [Construction] Score: 26.6173,  Loss: 613.5157,  Infeasible_rate: [100.0000%, 100.0000%], out: 78.8800, out_nodes: 25, Feasible_dist: 0.0000
[2026-09-04 02:15:29] utils.py(229) : [Improvement] Score: 147.3599 [BSF: 146.2607],  Loss: 9.8922,  Infeasible_rate: [100.0000%, 100.0000%], out: 154.5874, out_nodes: 56, Feasible_dist: 0.0000, Entropy: 2.4176
[2026-09-04 02:15:29] utils.py(229) : Diversity Loss: 9.5170, Constructive RL loss: 613.6109, Slack loss: 0.5911 (adds 61.35)
[2026-09-04 02:15:34] utils.py(229) : Rank 0 >> Epoch 1: Train (25%)
[2026-09-04 02:15:34] utils.py(229) : [Construction] Score: 26.6300,  Loss: 612.2390,  Infeasible_rate: [100.0000%, 100.0000%], out: 78.9068, out_nodes: 25, Feasible_dist: 0.0000
[2026-09-04 02:15:34] utils.py(229) : [Improvement] Score: 147.2995 [BSF: 146.1822],  Loss: 9.8698,  Infeasible_rate: [100.0000%, 100.0000%], out: 154.4473, out_nodes: 56, Feasible_dist: 0.0000, Entropy: 2.4173
[2026-09-04 02:15:34] utils.py(229) : Diversity Loss: 9.5191, Constructive RL loss: 612.3342, Slack loss: 0.5910 (adds 61.22)
[2026-09-04 02:15:37] utils.py(229) : Rank 0 >> Epoch 1: Train (25%)
[2026-09-04 02:15:37] utils.py(229) : [Construction] Score: 26.6111,  Loss: 612.6315,  Infeasible_rate: [100.0000%, 100.0000%], out: 78.8340, out_nodes: 25, Feasible_dist: 0.0000
[2026-09-04 02:15:37] utils.py(229) : [Improvement] Score: 147.4217 [BSF: 146.2878],  Loss: 9.8860,  Infeasible_rate: [100.0000%, 100.0000%], out: 154.4437, out_nodes: 56, Feasible_dist: 0.0000, Entropy: 2.4169
[2026-09-04 02:15:37] utils.py(229) : Diversity Loss: 9.5186, Constructive RL loss: 612.7267, Slack loss: 0.5915 (adds 61.26)
[2026-09-04 02:15:41] utils.py(229) : Rank 0 >> Epoch 1: Train (25%)
[2026-09-04 02:15:41] utils.py(229) : [Construction] Score: 26.6022,  Loss: 613.6901,  Infeasible_rate: [100.0000%, 100.0000%], out: 78.6566, out_nodes: 25, Feasible_dist: 0.0000
[2026-09-04 02:15:41] utils.py(229) : [Improvement] Score: 147.1390 [BSF: 145.9773],  Loss: 9.8897,  Infeasible_rate: [100.0000%, 100.0000%], out: 153.8731, out_nodes: 55, Feasible_dist: 0.0000, Entropy: 2.4160
[2026-09-04 02:15:41] utils.py(229) : Diversity Loss: 9.5202, Constructive RL loss: 613.7853, Slack loss: 0.5912 (adds 61.37)
[2026-09-04 02:15:44] utils.py(229) : Rank 0 >> Epoch 1: Train (30%)
[2026-09-04 02:15:44] utils.py(229) : [Construction] Score: 26.5836,  Loss: 614.8258,  Infeasible_rate: [100.0000%, 100.0000%], out: 78.5422, out_nodes: 25, Feasible_dist: 0.0000
[2026-09-04 02:15:44] utils.py(229) : [Improvement] Score: 146.9310 [BSF: 145.7709],  Loss: 9.7874,  Infeasible_rate: [100.0000%, 100.0000%], out: 153.8158, out_nodes: 55, Feasible_dist: 0.0000, Entropy: 2.4162
[2026-09-04 02:15:44] utils.py(229) : Diversity Loss: 9.5209, Constructive RL loss: 614.9210, Slack loss: 0.5914 (adds 61.48)
[2026-09-04 02:15:46] utils.py(229) : Rank 0 >> Epoch 1: Train (30%)
[2026-09-04 02:15:46] utils.py(229) : [Construction] Score: 26.5840,  Loss: 613.6336,  Infeasible_rate: [100.0000%, 100.0000%], out: 78.4893, out_nodes: 25, Feasible_dist: 0.0000
[2026-09-04 02:15:46] utils.py(229) : [Improvement] Score: 146.8153 [BSF: 145.6568],  Loss: 9.7305,  Infeasible_rate: [100.0000%, 100.0000%], out: 153.4874, out_nodes: 55, Feasible_dist: 0.0000, Entropy: 2.4163
[2026-09-04 02:15:46] utils.py(229) : Diversity Loss: 9.5217, Constructive RL loss: 613.7289, Slack loss: 0.5910 (adds 61.36)
[2026-09-04 02:15:49] utils.py(229) : Rank 0 >> Epoch 1: Train (30%)
[2026-09-04 02:15:49] utils.py(229) : [Construction] Score: 26.5897,  Loss: 613.8258,  Infeasible_rate: [100.0000%, 100.0000%], out: 78.4499, out_nodes: 25, Feasible_dist: 0.0000
[2026-09-04 02:15:49] utils.py(229) : [Improvement] Score: 146.6941 [BSF: 145.5412],  Loss: 9.7960,  Infeasible_rate: [100.0000%, 100.0000%], out: 153.5209, out_nodes: 55, Feasible_dist: 0.0000, Entropy: 2.4183
[2026-09-04 02:15:49] utils.py(229) : Diversity Loss: 9.5222, Constructive RL loss: 613.9210, Slack loss: 0.5912 (adds 61.38)
[2026-09-04 02:15:51] utils.py(229) : Rank 0 >> Epoch 1: Train (30%)
[2026-09-04 02:15:51] utils.py(229) : [Construction] Score: 26.6099,  Loss: 615.4965,  Infeasible_rate: [100.0000%, 100.0000%], out: 78.1885, out_nodes: 25, Feasible_dist: 0.0000
[2026-09-04 02:15:51] utils.py(229) : [Improvement] Score: 146.5225 [BSF: 145.3682],  Loss: 9.8369,  Infeasible_rate: [100.0000%, 100.0000%], out: 153.2878, out_nodes: 55, Feasible_dist: 0.0000, Entropy: 2.4196
[2026-09-04 02:15:51] utils.py(229) : Diversity Loss: 9.5226, Constructive RL loss: 615.5917, Slack loss: 0.5912 (adds 61.55)
[2026-09-04 02:15:55] utils.py(229) : Rank 0 >> Epoch 1: Train (30%)
[2026-09-04 02:15:55] utils.py(229) : [Construction] Score: 26.6098,  Loss: 615.8564,  Infeasible_rate: [100.0000%, 100.0000%], out: 78.0552, out_nodes: 25, Feasible_dist: 0.0000
[2026-09-04 02:15:55] utils.py(229) : [Improvement] Score: 146.1507 [BSF: 145.0179],  Loss: 9.8024,  Infeasible_rate: [100.0000%, 100.0000%], out: 153.1171, out_nodes: 55, Feasible_dist: 0.0000, Entropy: 2.4189
[2026-09-04 02:15:55] utils.py(229) : Diversity Loss: 9.5241, Constructive RL loss: 615.9517, Slack loss: 0.5909 (adds 61.59)
[2026-09-04 02:15:58] utils.py(229) : Rank 0 >> Epoch 1: Train (30%)
[2026-09-04 02:15:58] utils.py(229) : [Construction] Score: 26.5889,  Loss: 614.3872,  Infeasible_rate: [100.0000%, 100.0000%], out: 77.6975, out_nodes: 25, Feasible_dist: 0.0000
[2026-09-04 02:15:58] utils.py(229) : [Improvement] Score: 145.8052 [BSF: 144.6693],  Loss: 9.7756,  Infeasible_rate: [100.0000%, 100.0000%], out: 152.7047, out_nodes: 55, Feasible_dist: 0.0000, Entropy: 2.4209
[2026-09-04 02:15:58] utils.py(229) : Diversity Loss: 9.5244, Constructive RL loss: 614.4824, Slack loss: 0.5907 (adds 61.44)
[2026-09-04 02:16:01] utils.py(229) : Rank 0 >> Epoch 1: Train (30%)
[2026-09-04 02:16:01] utils.py(229) : [Construction] Score: 26.5877,  Loss: 613.2604,  Infeasible_rate: [100.0000%, 100.0000%], out: 77.8747, out_nodes: 25, Feasible_dist: 0.0000
[2026-09-04 02:16:01] utils.py(229) : [Improvement] Score: 145.8327 [BSF: 144.6989],  Loss: 9.8437,  Infeasible_rate: [100.0000%, 100.0000%], out: 152.8226, out_nodes: 55, Feasible_dist: 0.0000, Entropy: 2.4206
[2026-09-04 02:16:01] utils.py(229) : Diversity Loss: 9.5237, Constructive RL loss: 613.3557, Slack loss: 0.5909 (adds 61.33)
[2026-09-04 02:16:04] utils.py(229) : Rank 0 >> Epoch 1: Train (30%)
[2026-09-04 02:16:04] utils.py(229) : [Construction] Score: 26.5939,  Loss: 611.0274,  Infeasible_rate: [100.0000%, 100.0000%], out: 78.0036, out_nodes: 25, Feasible_dist: 0.0000
[2026-09-04 02:16:04] utils.py(229) : [Improvement] Score: 145.9644 [BSF: 144.7830],  Loss: 9.8799,  Infeasible_rate: [100.0000%, 100.0000%], out: 152.7133, out_nodes: 55, Feasible_dist: 0.0000, Entropy: 2.4211
[2026-09-04 02:16:04] utils.py(229) : Diversity Loss: 9.5226, Constructive RL loss: 611.1226, Slack loss: 0.5911 (adds 61.10)
[2026-09-04 02:16:08] utils.py(229) : Rank 0 >> Epoch 1: Train (35%)
[2026-09-04 02:16:08] utils.py(229) : [Construction] Score: 26.5866,  Loss: 610.4433,  Infeasible_rate: [100.0000%, 100.0000%], out: 77.8277, out_nodes: 24, Feasible_dist: 0.0000
[2026-09-04 02:16:08] utils.py(229) : [Improvement] Score: 145.8756 [BSF: 144.6829],  Loss: 9.9107,  Infeasible_rate: [100.0000%, 100.0000%], out: 152.5437, out_nodes: 55, Feasible_dist: 0.0000, Entropy: 2.4217
[2026-09-04 02:16:08] utils.py(229) : Diversity Loss: 9.5231, Constructive RL loss: 610.5385, Slack loss: 0.5908 (adds 61.04)
[2026-09-04 02:16:11] utils.py(229) : Rank 0 >> Epoch 1: Train (35%)
[2026-09-04 02:16:11] utils.py(229) : [Construction] Score: 26.5771,  Loss: 611.5183,  Infeasible_rate: [100.0000%, 100.0000%], out: 77.7712, out_nodes: 24, Feasible_dist: 0.0000
[2026-09-04 02:16:11] utils.py(229) : [Improvement] Score: 145.7948 [BSF: 144.5978],  Loss: 9.9333,  Infeasible_rate: [100.0000%, 100.0000%], out: 152.4665, out_nodes: 55, Feasible_dist: 0.0000, Entropy: 2.4216
[2026-09-04 02:16:11] utils.py(229) : Diversity Loss: 9.5238, Constructive RL loss: 611.6136, Slack loss: 0.5907 (adds 61.15)
[2026-09-04 02:16:15] utils.py(229) : Rank 0 >> Epoch 1: Train (35%)
[2026-09-04 02:16:15] utils.py(229) : [Construction] Score: 26.5848,  Loss: 610.5931,  Infeasible_rate: [100.0000%, 100.0000%], out: 77.7121, out_nodes: 24, Feasible_dist: 0.0000
[2026-09-04 02:16:15] utils.py(229) : [Improvement] Score: 145.8119 [BSF: 144.5991],  Loss: 9.9470,  Infeasible_rate: [100.0000%, 100.0000%], out: 152.5432, out_nodes: 55, Feasible_dist: 0.0000, Entropy: 2.4215
[2026-09-04 02:16:15] utils.py(229) : Diversity Loss: 9.5253, Constructive RL loss: 610.6883, Slack loss: 0.5905 (adds 61.06)
[2026-09-04 02:16:18] utils.py(229) : Rank 0 >> Epoch 1: Train (35%)
[2026-09-04 02:16:18] utils.py(229) : [Construction] Score: 26.5713,  Loss: 611.7073,  Infeasible_rate: [100.0000%, 100.0000%], out: 77.4793, out_nodes: 24, Feasible_dist: 0.0000
[2026-09-04 02:16:18] utils.py(229) : [Improvement] Score: 145.5908 [BSF: 144.3467],  Loss: 9.8954,  Infeasible_rate: [100.0000%, 100.0000%], out: 152.2227, out_nodes: 55, Feasible_dist: 0.0000, Entropy: 2.4208
[2026-09-04 02:16:18] utils.py(229) : Diversity Loss: 9.5263, Constructive RL loss: 611.8026, Slack loss: 0.5904 (adds 61.17)
[2026-09-04 02:16:22] utils.py(229) : Rank 0 >> Epoch 1: Train (35%)
[2026-09-04 02:16:22] utils.py(229) : [Construction] Score: 26.5659,  Loss: 611.2360,  Infeasible_rate: [100.0000%, 100.0000%], out: 77.4353, out_nodes: 24, Feasible_dist: 0.0000
[2026-09-04 02:16:22] utils.py(229) : [Improvement] Score: 145.5693 [BSF: 144.2944],  Loss: 9.8730,  Infeasible_rate: [100.0000%, 100.0000%], out: 152.1990, out_nodes: 55, Feasible_dist: 0.0000, Entropy: 2.4209
[2026-09-04 02:16:22] utils.py(229) : Diversity Loss: 9.5254, Constructive RL loss: 611.3313, Slack loss: 0.5905 (adds 61.12)
[2026-09-04 02:16:25] utils.py(229) : Rank 0 >> Epoch 1: Train (35%)
[2026-09-04 02:16:25] utils.py(229) : [Construction] Score: 26.5481,  Loss: 614.5719,  Infeasible_rate: [100.0000%, 100.0000%], out: 77.4429, out_nodes: 24, Feasible_dist: 0.0000
[2026-09-04 02:16:25] utils.py(229) : [Improvement] Score: 145.5578 [BSF: 144.3034],  Loss: 9.8482,  Infeasible_rate: [100.0000%, 100.0000%], out: 152.2125, out_nodes: 55, Feasible_dist: 0.0000, Entropy: 2.4206
[2026-09-04 02:16:25] utils.py(229) : Diversity Loss: 9.5248, Constructive RL loss: 614.6671, Slack loss: 0.5906 (adds 61.46)
[2026-09-04 02:16:28] utils.py(229) : Rank 0 >> Epoch 1: Train (35%)
[2026-09-04 02:16:28] utils.py(229) : [Construction] Score: 26.5547,  Loss: 611.9880,  Infeasible_rate: [100.0000%, 100.0000%], out: 77.2326, out_nodes: 24, Feasible_dist: 0.0000
[2026-09-04 02:16:28] utils.py(229) : [Improvement] Score: 145.4340 [BSF: 144.1718],  Loss: 9.8748,  Infeasible_rate: [100.0000%, 100.0000%], out: 152.0683, out_nodes: 55, Feasible_dist: 0.0000, Entropy: 2.4203
[2026-09-04 02:16:28] utils.py(229) : Diversity Loss: 9.5251, Constructive RL loss: 612.0832, Slack loss: 0.5905 (adds 61.20)
[2026-09-04 02:16:32] utils.py(229) : Rank 0 >> Epoch 1: Train (35%)
[2026-09-04 02:16:32] utils.py(229) : [Construction] Score: 26.5495,  Loss: 611.9216,  Infeasible_rate: [100.0000%, 100.0000%], out: 77.0907, out_nodes: 24, Feasible_dist: 0.0000
[2026-09-04 02:16:32] utils.py(229) : [Improvement] Score: 145.5453 [BSF: 144.2584],  Loss: 9.8214,  Infeasible_rate: [100.0000%, 100.0000%], out: 152.2085, out_nodes: 55, Feasible_dist: 0.0000, Entropy: 2.4199
[2026-09-04 02:16:32] utils.py(229) : Diversity Loss: 9.5251, Constructive RL loss: 612.0168, Slack loss: 0.5906 (adds 61.19)
[2026-09-04 02:16:35] utils.py(229) : Rank 0 >> Epoch 1: Train (40%)
[2026-09-04 02:16:35] utils.py(229) : [Construction] Score: 26.5557,  Loss: 610.6228,  Infeasible_rate: [100.0000%, 100.0000%], out: 77.2168, out_nodes: 24, Feasible_dist: 0.0000
[2026-09-04 02:16:35] utils.py(229) : [Improvement] Score: 145.7068 [BSF: 144.3925],  Loss: 9.8470,  Infeasible_rate: [100.0000%, 100.0000%], out: 152.5865, out_nodes: 55, Feasible_dist: 0.0000, Entropy: 2.4197
[2026-09-04 02:16:35] utils.py(229) : Diversity Loss: 9.5243, Constructive RL loss: 610.7181, Slack loss: 0.5907 (adds 61.06)
[2026-09-04 02:16:38] utils.py(229) : Rank 0 >> Epoch 1: Train (40%)
[2026-09-04 02:16:38] utils.py(229) : [Construction] Score: 26.5513,  Loss: 612.1974,  Infeasible_rate: [100.0000%, 100.0000%], out: 77.3112, out_nodes: 24, Feasible_dist: 0.0000
[2026-09-04 02:16:38] utils.py(229) : [Improvement] Score: 145.9104 [BSF: 144.6112],  Loss: 9.8565,  Infeasible_rate: [100.0000%, 100.0000%], out: 152.7813, out_nodes: 55, Feasible_dist: 0.0000, Entropy: 2.4199
[2026-09-04 02:16:38] utils.py(229) : Diversity Loss: 9.5239, Constructive RL loss: 612.2926, Slack loss: 0.5909 (adds 61.22)
[2026-09-04 02:16:41] utils.py(229) : Rank 0 >> Epoch 1: Train (40%)
[2026-09-04 02:16:41] utils.py(229) : [Construction] Score: 26.5534,  Loss: 613.8173,  Infeasible_rate: [100.0000%, 100.0000%], out: 77.1322, out_nodes: 24, Feasible_dist: 0.0000
[2026-09-04 02:16:41] utils.py(229) : [Improvement] Score: 145.5970 [BSF: 144.2867],  Loss: 9.8612,  Infeasible_rate: [100.0000%, 100.0000%], out: 152.6454, out_nodes: 55, Feasible_dist: 0.0000, Entropy: 2.4198
[2026-09-04 02:16:41] utils.py(229) : Diversity Loss: 9.5253, Constructive RL loss: 613.9126, Slack loss: 0.5907 (adds 61.38)
[2026-09-04 02:16:45] utils.py(229) : Rank 0 >> Epoch 1: Train (40%)
[2026-09-04 02:16:45] utils.py(229) : [Construction] Score: 26.5603,  Loss: 610.9619,  Infeasible_rate: [100.0000%, 100.0000%], out: 76.9823, out_nodes: 24, Feasible_dist: 0.0000
[2026-09-04 02:16:45] utils.py(229) : [Improvement] Score: 145.6226 [BSF: 144.2395],  Loss: 9.8623,  Infeasible_rate: [100.0000%, 100.0000%], out: 152.4870, out_nodes: 55, Feasible_dist: 0.0000, Entropy: 2.4191
[2026-09-04 02:16:45] utils.py(229) : Diversity Loss: 9.5266, Constructive RL loss: 611.0572, Slack loss: 0.5905 (adds 61.10)
[2026-09-04 02:16:48] utils.py(229) : Rank 0 >> Epoch 1: Train (40%)
[2026-09-04 02:16:48] utils.py(229) : [Construction] Score: 26.5561,  Loss: 613.7940,  Infeasible_rate: [100.0000%, 100.0000%], out: 76.9874, out_nodes: 24, Feasible_dist: 0.0000
[2026-09-04 02:16:48] utils.py(229) : [Improvement] Score: 145.6531 [BSF: 144.2791],  Loss: 9.9386,  Infeasible_rate: [100.0000%, 100.0000%], out: 152.6494, out_nodes: 55, Feasible_dist: 0.0000, Entropy: 2.4200
[2026-09-04 02:16:48] utils.py(229) : Diversity Loss: 9.5259, Constructive RL loss: 613.8893, Slack loss: 0.5907 (adds 61.38)
[2026-09-04 02:16:51] utils.py(229) : Rank 0 >> Epoch 1: Train (40%)
[2026-09-04 02:16:51] utils.py(229) : [Construction] Score: 26.5637,  Loss: 612.3902,  Infeasible_rate: [100.0000%, 100.0000%], out: 76.8799, out_nodes: 24, Feasible_dist: 0.0000
[2026-09-04 02:16:51] utils.py(229) : [Improvement] Score: 145.6103 [BSF: 144.2455],  Loss: 9.9106,  Infeasible_rate: [100.0000%, 100.0000%], out: 152.4433, out_nodes: 55, Feasible_dist: 0.0000, Entropy: 2.4203
[2026-09-04 02:16:51] utils.py(229) : Diversity Loss: 9.5254, Constructive RL loss: 612.4855, Slack loss: 0.5904 (adds 61.24)
[2026-09-04 02:16:55] utils.py(229) : Rank 0 >> Epoch 1: Train (40%)
[2026-09-04 02:16:55] utils.py(229) : [Construction] Score: 26.5422,  Loss: 612.7566,  Infeasible_rate: [100.0000%, 100.0000%], out: 76.9463, out_nodes: 24, Feasible_dist: 0.0000
[2026-09-04 02:16:55] utils.py(229) : [Improvement] Score: 145.6632 [BSF: 144.3107],  Loss: 9.8770,  Infeasible_rate: [100.0000%, 100.0000%], out: 152.4538, out_nodes: 55, Feasible_dist: 0.0000, Entropy: 2.4201
[2026-09-04 02:16:55] utils.py(229) : Diversity Loss: 9.5263, Constructive RL loss: 612.8519, Slack loss: 0.5903 (adds 61.28)
[2026-09-04 02:16:58] utils.py(229) : Rank 0 >> Epoch 1: Train (40%)
[2026-09-04 02:16:58] utils.py(229) : [Construction] Score: 26.5590,  Loss: 612.1777,  Infeasible_rate: [100.0000%, 100.0000%], out: 77.0045, out_nodes: 24, Feasible_dist: 0.0000
[2026-09-04 02:16:58] utils.py(229) : [Improvement] Score: 145.7568 [BSF: 144.4231],  Loss: 9.8582,  Infeasible_rate: [100.0000%, 100.0000%], out: 152.5211, out_nodes: 55, Feasible_dist: 0.0000, Entropy: 2.4198
[2026-09-04 02:16:58] utils.py(229) : Diversity Loss: 9.5263, Constructive RL loss: 612.2729, Slack loss: 0.5902 (adds 61.22)
[2026-09-04 02:17:03] utils.py(229) : Rank 0 >> Epoch 1: Train (45%)
[2026-09-04 02:17:03] utils.py(229) : [Construction] Score: 26.5781,  Loss: 604.8370,  Infeasible_rate: [100.0000%, 100.0000%], out: 76.3372, out_nodes: 24, Feasible_dist: 0.0000
[2026-09-04 02:17:03] utils.py(229) : [Improvement] Score: 144.8312 [BSF: 143.5116],  Loss: 9.7366,  Infeasible_rate: [100.0000%, 100.0000%], out: 150.9656, out_nodes: 55, Feasible_dist: 0.0000, Entropy: 2.4229
[2026-09-04 02:17:03] utils.py(229) : Diversity Loss: 9.5371, Constructive RL loss: 604.9324, Slack loss: 0.5875 (adds 60.48)
[2026-09-04 02:17:07] utils.py(229) : Rank 0 >> Epoch 1: Train (45%)
[2026-09-04 02:17:07] utils.py(229) : [Construction] Score: 26.6176,  Loss: 599.2317,  Infeasible_rate: [100.0000%, 100.0000%], out: 75.7087, out_nodes: 24, Feasible_dist: 0.0000
[2026-09-04 02:17:07] utils.py(229) : [Improvement] Score: 144.0267 [BSF: 142.7249],  Loss: 9.6304,  Infeasible_rate: [100.0000%, 100.0000%], out: 149.5120, out_nodes: 55, Feasible_dist: 0.0000, Entropy: 2.4260
[2026-09-04 02:17:07] utils.py(229) : Diversity Loss: 9.5481, Constructive RL loss: 599.3272, Slack loss: 0.5850 (adds 59.92)
[2026-09-04 02:17:11] utils.py(229) : Rank 0 >> Epoch 1: Train (45%)
[2026-09-04 02:17:11] utils.py(229) : [Construction] Score: 26.6471,  Loss: 592.8868,  Infeasible_rate: [100.0000%, 100.0000%], out: 75.0507, out_nodes: 24, Feasible_dist: 0.0000
[2026-09-04 02:17:11] utils.py(229) : [Improvement] Score: 143.1865 [BSF: 141.9013],  Loss: 9.5179,  Infeasible_rate: [100.0000%, 100.0000%], out: 148.0076, out_nodes: 54, Feasible_dist: 0.0000, Entropy: 2.4299
[2026-09-04 02:17:11] utils.py(229) : Diversity Loss: 9.5591, Constructive RL loss: 592.9824, Slack loss: 0.5825 (adds 59.29)
[2026-09-04 02:17:15] utils.py(229) : Rank 0 >> Epoch 1: Train (45%)
[2026-09-04 02:17:15] utils.py(229) : [Construction] Score: 26.6793,  Loss: 587.2232,  Infeasible_rate: [100.0000%, 100.0000%], out: 74.5080, out_nodes: 24, Feasible_dist: 0.0000
[2026-09-04 02:17:15] utils.py(229) : [Improvement] Score: 142.3814 [BSF: 141.1131],  Loss: 9.4166,  Infeasible_rate: [100.0000%, 100.0000%], out: 146.5810, out_nodes: 54, Feasible_dist: 0.0000, Entropy: 2.4337
[2026-09-04 02:17:15] utils.py(229) : Diversity Loss: 9.5688, Constructive RL loss: 587.3189, Slack loss: 0.5802 (adds 58.72)
[2026-09-04 02:17:19] utils.py(229) : Rank 0 >> Epoch 1: Train (45%)
[2026-09-04 02:17:19] utils.py(229) : [Construction] Score: 26.7101,  Loss: 581.1066,  Infeasible_rate: [100.0000%, 100.0000%], out: 73.9020, out_nodes: 24, Feasible_dist: 0.0000
[2026-09-04 02:17:19] utils.py(229) : [Improvement] Score: 141.5995 [BSF: 140.3447],  Loss: 9.3138,  Infeasible_rate: [100.0000%, 100.0000%], out: 145.2236, out_nodes: 54, Feasible_dist: 0.0000, Entropy: 2.4376
[2026-09-04 02:17:19] utils.py(229) : Diversity Loss: 9.5781, Constructive RL loss: 581.2024, Slack loss: 0.5779 (adds 58.11)
[2026-09-04 02:17:23] utils.py(229) : Rank 0 >> Epoch 1: Train (45%)
[2026-09-04 02:17:23] utils.py(229) : [Construction] Score: 26.7380,  Loss: 575.2360,  Infeasible_rate: [100.0000%, 100.0000%], out: 73.3536, out_nodes: 24, Feasible_dist: 0.0000
[2026-09-04 02:17:23] utils.py(229) : [Improvement] Score: 140.8281 [BSF: 139.5893],  Loss: 9.2027,  Infeasible_rate: [100.0000%, 100.0000%], out: 143.9043, out_nodes: 53, Feasible_dist: 0.0000, Entropy: 2.4404
[2026-09-04 02:17:23] utils.py(229) : Diversity Loss: 9.5873, Constructive RL loss: 575.3319, Slack loss: 0.5758 (adds 57.52)
[2026-09-04 02:17:27] utils.py(229) : Rank 0 >> Epoch 1: Train (45%)
[2026-09-04 02:17:27] utils.py(229) : [Construction] Score: 26.7646,  Loss: 570.1992,  Infeasible_rate: [100.0000%, 100.0000%], out: 72.7290, out_nodes: 24, Feasible_dist: 0.0000
[2026-09-04 02:17:27] utils.py(229) : [Improvement] Score: 139.9952 [BSF: 138.7520],  Loss: 9.0936,  Infeasible_rate: [100.0000%, 100.0000%], out: 142.5256, out_nodes: 53, Feasible_dist: 0.0000, Entropy: 2.4438
[2026-09-04 02:17:27] utils.py(229) : Diversity Loss: 9.5991, Constructive RL loss: 570.2952, Slack loss: 0.5735 (adds 57.02)
[2026-09-04 02:17:30] utils.py(229) : Rank 0 >> Epoch 1: Train (45%)
[2026-09-04 02:17:30] utils.py(229) : [Construction] Score: 26.7987,  Loss: 564.7266,  Infeasible_rate: [100.0000%, 100.0000%], out: 72.1271, out_nodes: 24, Feasible_dist: 0.0000
[2026-09-04 02:17:30] utils.py(229) : [Improvement] Score: 139.2309 [BSF: 137.9994],  Loss: 8.9878,  Infeasible_rate: [100.0000%, 100.0000%], out: 141.2131, out_nodes: 53, Feasible_dist: 0.0000, Entropy: 2.4468
[2026-09-04 02:17:30] utils.py(229) : Diversity Loss: 9.6090, Constructive RL loss: 564.8227, Slack loss: 0.5711 (adds 56.47)
[2026-09-04 02:17:39] utils.py(229) : Rank 0 >> Epoch 1: Train (50%)
[2026-09-04 02:17:39] utils.py(229) : [Construction] Score: 26.8619,  Loss: 557.0031,  Infeasible_rate: [100.0000%, 100.0000%], out: 71.3542, out_nodes: 23, Feasible_dist: 0.0000
[2026-09-04 02:17:39] utils.py(229) : [Improvement] Score: 138.2931 [BSF: 137.0747],  Loss: 8.8705,  Infeasible_rate: [100.0000%, 100.0000%], out: 139.6597, out_nodes: 52, Feasible_dist: 0.0000, Entropy: 2.4510
[2026-09-04 02:17:39] utils.py(229) : Diversity Loss: 9.6280, Constructive RL loss: 557.0994, Slack loss: 0.5675 (adds 55.85)
[2026-09-04 02:18:00] utils.py(229) : Rank 0 >> Epoch 1: Train (50%)
[2026-09-04 02:18:00] utils.py(229) : [Construction] Score: 26.9270,  Loss: 550.0236,  Infeasible_rate: [100.0000%, 100.0000%], out: 70.6116, out_nodes: 23, Feasible_dist: 0.0000
[2026-09-04 02:18:00] utils.py(229) : [Improvement] Score: 137.3818 [BSF: 136.1770],  Loss: 8.7588,  Infeasible_rate: [100.0000%, 100.0000%], out: 138.1466, out_nodes: 52, Feasible_dist: 0.0000, Entropy: 2.4551
[2026-09-04 02:18:00] utils.py(229) : Diversity Loss: 9.6459, Constructive RL loss: 550.1201, Slack loss: 0.5639 (adds 55.19)
[2026-09-04 02:18:06] utils.py(229) : Rank 0 >> Epoch 1: Train (50%)
[2026-09-04 02:18:06] utils.py(229) : [Construction] Score: 27.0012,  Loss: 543.2256,  Infeasible_rate: [100.0000%, 100.0000%], out: 69.8473, out_nodes: 23, Feasible_dist: 0.0000
[2026-09-04 02:18:06] utils.py(229) : [Improvement] Score: 136.5014 [BSF: 135.3093],  Loss: 8.6517,  Infeasible_rate: [100.0000%, 100.0000%], out: 136.6311, out_nodes: 52, Feasible_dist: 0.0000, Entropy: 2.4586
[2026-09-04 02:18:06] utils.py(229) : Diversity Loss: 9.6651, Constructive RL loss: 543.3222, Slack loss: 0.5603 (adds 54.54)
[2026-09-04 02:18:23] utils.py(229) : Rank 0 >> Epoch 1: Train (50%)
[2026-09-04 02:18:23] utils.py(229) : [Construction] Score: 27.0691,  Loss: 536.3081,  Infeasible_rate: [100.0000%, 100.0000%], out: 69.1523, out_nodes: 23, Feasible_dist: 0.0000
[2026-09-04 02:18:23] utils.py(229) : [Improvement] Score: 135.6678 [BSF: 134.4883],  Loss: 8.5498,  Infeasible_rate: [100.0000%, 100.0000%], out: 135.1982, out_nodes: 51, Feasible_dist: 0.0000, Entropy: 2.4621
[2026-09-04 02:18:23] utils.py(229) : Diversity Loss: 9.6816, Constructive RL loss: 536.4049, Slack loss: 0.5571 (adds 53.94)
[2026-09-04 02:18:32] utils.py(229) : Rank 0 >> Epoch 1: Train (50%)
[2026-09-04 02:18:32] utils.py(229) : [Construction] Score: 27.1241,  Loss: 529.7676,  Infeasible_rate: [100.0000%, 100.0000%], out: 68.4228, out_nodes: 23, Feasible_dist: 0.0000
[2026-09-04 02:18:32] utils.py(229) : [Improvement] Score: 134.7857 [BSF: 133.6110],  Loss: 8.4522,  Infeasible_rate: [100.0000%, 100.0000%], out: 133.7594, out_nodes: 51, Feasible_dist: 0.0000, Entropy: 2.4658
[2026-09-04 02:18:32] utils.py(229) : Diversity Loss: 9.6983, Constructive RL loss: 529.8646, Slack loss: 0.5539 (adds 53.32)
[2026-09-04 02:18:41] utils.py(229) : Rank 0 >> Epoch 1: Train (50%)
[2026-09-04 02:18:41] utils.py(229) : [Construction] Score: 27.1869,  Loss: 523.6865,  Infeasible_rate: [100.0000%, 100.0000%], out: 67.7215, out_nodes: 23, Feasible_dist: 0.0000
[2026-09-04 02:18:41] utils.py(229) : [Improvement] Score: 133.9504 [BSF: 132.7869],  Loss: 8.3544,  Infeasible_rate: [100.0000%, 100.0000%], out: 132.3600, out_nodes: 51, Feasible_dist: 0.0000, Entropy: 2.4684
[2026-09-04 02:18:41] utils.py(229) : Diversity Loss: 9.7159, Constructive RL loss: 523.7836, Slack loss: 0.5507 (adds 52.71)
[2026-09-04 02:18:50] utils.py(229) : Rank 0 >> Epoch 1: Train (50%)
[2026-09-04 02:18:50] utils.py(229) : [Construction] Score: 27.2518,  Loss: 517.2512,  Infeasible_rate: [100.0000%, 100.0000%], out: 67.0660, out_nodes: 22, Feasible_dist: 0.0000
[2026-09-04 02:18:50] utils.py(229) : [Improvement] Score: 133.1595 [BSF: 132.0075],  Loss: 8.2568,  Infeasible_rate: [100.0000%, 100.0000%], out: 131.0179, out_nodes: 50, Feasible_dist: 0.0000, Entropy: 2.4712
[2026-09-04 02:18:50] utils.py(229) : Diversity Loss: 9.7319, Constructive RL loss: 517.3485, Slack loss: 0.5476 (adds 52.15)
[2026-09-04 02:19:00] utils.py(229) : Rank 0 >> Epoch 1: Train (50%)
[2026-09-04 02:19:00] utils.py(229) : [Construction] Score: 27.3095,  Loss: 511.0350,  Infeasible_rate: [100.0000%, 100.0000%], out: 66.3990, out_nodes: 22, Feasible_dist: 0.0000
[2026-09-04 02:19:00] utils.py(229) : [Improvement] Score: 132.3517 [BSF: 131.2090],  Loss: 8.1587,  Infeasible_rate: [100.0000%, 100.0000%], out: 129.6694, out_nodes: 50, Feasible_dist: 0.0000, Entropy: 2.4747
[2026-09-04 02:19:00] utils.py(229) : Diversity Loss: 9.7469, Constructive RL loss: 511.1325, Slack loss: 0.5445 (adds 51.59)
[2026-09-04 02:19:11] utils.py(229) : Rank 0 >> Epoch 1: Train (55%)
[2026-09-04 02:19:11] utils.py(229) : [Construction] Score: 27.4032,  Loss: 505.1035,  Infeasible_rate: [100.0000%, 100.0000%], out: 65.6971, out_nodes: 22, Feasible_dist: 0.0000
[2026-09-04 02:19:11] utils.py(229) : [Improvement] Score: 131.5134 [BSF: 130.3835],  Loss: 8.0662,  Infeasible_rate: [100.0000%, 100.0000%], out: 128.2884, out_nodes: 50, Feasible_dist: 0.0000, Entropy: 2.4786
[2026-09-04 02:19:11] utils.py(229) : Diversity Loss: 9.7651, Constructive RL loss: 505.2011, Slack loss: 0.5409 (adds 51.03)
[2026-09-04 02:19:22] utils.py(229) : Rank 0 >> Epoch 1: Train (55%)
[2026-09-04 02:19:22] utils.py(229) : [Construction] Score: 27.4943,  Loss: 499.2767,  Infeasible_rate: [100.0000%, 100.0000%], out: 65.0186, out_nodes: 22, Feasible_dist: 0.0000
[2026-09-04 02:19:22] utils.py(229) : [Improvement] Score: 130.7060 [BSF: 129.5878],  Loss: 7.9748,  Infeasible_rate: [100.0000%, 100.0000%], out: 126.9455, out_nodes: 49, Feasible_dist: 0.0000, Entropy: 2.4817
[2026-09-04 02:19:22] utils.py(229) : Diversity Loss: 9.7835, Constructive RL loss: 499.3746, Slack loss: 0.5375 (adds 50.48)
[2026-09-04 02:19:43] utils.py(229) : Rank 0 >> Epoch 1: Train (55%)
[2026-09-04 02:19:43] utils.py(229) : [Construction] Score: 27.5606,  Loss: 493.4220,  Infeasible_rate: [100.0000%, 100.0000%], out: 64.3436, out_nodes: 22, Feasible_dist: 0.0000
[2026-09-04 02:19:43] utils.py(229) : [Improvement] Score: 129.8865 [BSF: 128.7723],  Loss: 7.8861,  Infeasible_rate: [100.0000%, 100.0000%], out: 125.6341, out_nodes: 49, Feasible_dist: 0.0000, Entropy: 2.4856
[2026-09-04 02:19:43] utils.py(229) : Diversity Loss: 9.8020, Constructive RL loss: 493.5200, Slack loss: 0.5341 (adds 49.97)
[2026-09-04 02:19:54] utils.py(229) : Rank 0 >> Epoch 1: Train (55%)
[2026-09-04 02:19:54] utils.py(229) : [Construction] Score: 27.6573,  Loss: 487.7281,  Infeasible_rate: [100.0000%, 100.0000%], out: 63.6821, out_nodes: 21, Feasible_dist: 0.0000
[2026-09-04 02:19:54] utils.py(229) : [Improvement] Score: 129.1153 [BSF: 128.0092],  Loss: 7.7992,  Infeasible_rate: [100.0000%, 100.0000%], out: 124.3414, out_nodes: 48, Feasible_dist: 0.0000, Entropy: 2.4895
[2026-09-04 02:19:54] utils.py(229) : Diversity Loss: 9.8196, Constructive RL loss: 487.8263, Slack loss: 0.5306 (adds 49.46)
[2026-09-04 02:20:13] utils.py(229) : Rank 0 >> Epoch 1: Train (55%)
[2026-09-04 02:20:13] utils.py(229) : [Construction] Score: 27.7241,  Loss: 482.0811,  Infeasible_rate: [100.0000%, 100.0000%], out: 63.0326, out_nodes: 21, Feasible_dist: 0.0000
[2026-09-04 02:20:13] utils.py(229) : [Improvement] Score: 128.3259 [BSF: 127.2306],  Loss: 7.7160,  Infeasible_rate: [100.0000%, 100.0000%], out: 123.0819, out_nodes: 48, Feasible_dist: 0.0000, Entropy: 2.4927
[2026-09-04 02:20:13] utils.py(229) : Diversity Loss: 9.8370, Constructive RL loss: 482.1795, Slack loss: 0.5273 (adds 48.96)
[2026-09-04 02:20:22] utils.py(229) : Rank 0 >> Epoch 1: Train (55%)
[2026-09-04 02:20:22] utils.py(229) : [Construction] Score: 27.8190,  Loss: 476.5443,  Infeasible_rate: [100.0000%, 100.0000%], out: 62.3990, out_nodes: 21, Feasible_dist: 0.0000
[2026-09-04 02:20:22] utils.py(229) : [Improvement] Score: 127.5956 [BSF: 126.5119],  Loss: 7.6348,  Infeasible_rate: [100.0000%, 100.0000%], out: 121.8546, out_nodes: 48, Feasible_dist: 0.0000, Entropy: 2.4954
[2026-09-04 02:20:22] utils.py(229) : Diversity Loss: 9.8559, Constructive RL loss: 476.6429, Slack loss: 0.5241 (adds 48.48)
[2026-09-04 02:20:31] utils.py(229) : Rank 0 >> Epoch 1: Train (55%)
[2026-09-04 02:20:31] utils.py(229) : [Construction] Score: 27.9057,  Loss: 471.3186,  Infeasible_rate: [100.0000%, 100.0000%], out: 61.7870, out_nodes: 21, Feasible_dist: 0.0000
[2026-09-04 02:20:31] utils.py(229) : [Improvement] Score: 126.8731 [BSF: 125.8007],  Loss: 7.5553,  Infeasible_rate: [100.0000%, 100.0000%], out: 120.6510, out_nodes: 47, Feasible_dist: 0.0000, Entropy: 2.4986
[2026-09-04 02:20:31] utils.py(229) : Diversity Loss: 9.8727, Constructive RL loss: 471.4173, Slack loss: 0.5209 (adds 47.99)
[2026-09-04 02:20:42] utils.py(229) : Rank 0 >> Epoch 1: Train (55%)
[2026-09-04 02:20:42] utils.py(229) : [Construction] Score: 27.9921,  Loss: 466.1662,  Infeasible_rate: [100.0000%, 100.0000%], out: 61.1745, out_nodes: 21, Feasible_dist: 0.0000
[2026-09-04 02:20:42] utils.py(229) : [Improvement] Score: 126.1669 [BSF: 125.1000],  Loss: 7.4771,  Infeasible_rate: [100.0000%, 100.0000%], out: 119.4614, out_nodes: 47, Feasible_dist: 0.0000, Entropy: 2.5015
[2026-09-04 02:20:42] utils.py(229) : Diversity Loss: 9.8881, Constructive RL loss: 466.2651, Slack loss: 0.5179 (adds 47.52)
[2026-09-04 02:20:54] utils.py(229) : Rank 0 >> Epoch 1: Train (60%)
[2026-09-04 02:20:54] utils.py(229) : [Construction] Score: 28.0920,  Loss: 461.2137,  Infeasible_rate: [100.0000%, 100.0000%], out: 60.5634, out_nodes: 21, Feasible_dist: 0.0000
[2026-09-04 02:20:54] utils.py(229) : [Improvement] Score: 125.4600 [BSF: 124.4014],  Loss: 7.3995,  Infeasible_rate: [100.0000%, 100.0000%], out: 118.2823, out_nodes: 47, Feasible_dist: 0.0000, Entropy: 2.5049
[2026-09-04 02:20:54] utils.py(229) : Diversity Loss: 9.9056, Constructive RL loss: 461.3127, Slack loss: 0.5145 (adds 47.04)
[2026-09-04 02:21:04] utils.py(229) : Rank 0 >> Epoch 1: Train (60%)
[2026-09-04 02:21:04] utils.py(229) : [Construction] Score: 28.2075,  Loss: 456.2923,  Infeasible_rate: [100.0000%, 100.0000%], out: 59.9611, out_nodes: 20, Feasible_dist: 0.0000
[2026-09-04 02:21:04] utils.py(229) : [Improvement] Score: 124.7663 [BSF: 123.7176],  Loss: 7.3236,  Infeasible_rate: [100.0000%, 100.0000%], out: 117.1208, out_nodes: 46, Feasible_dist: 0.0000, Entropy: 2.5079
[2026-09-04 02:21:04] utils.py(229) : Diversity Loss: 9.9207, Constructive RL loss: 456.3915, Slack loss: 0.5113 (adds 46.58)
[2026-09-04 02:21:14] utils.py(229) : Rank 0 >> Epoch 1: Train (60%)
[2026-09-04 02:21:14] utils.py(229) : [Construction] Score: 28.3218,  Loss: 451.3959,  Infeasible_rate: [100.0000%, 100.0000%], out: 59.3701, out_nodes: 20, Feasible_dist: 0.0000
[2026-09-04 02:21:14] utils.py(229) : [Improvement] Score: 124.0921 [BSF: 123.0494],  Loss: 7.2494,  Infeasible_rate: [100.0000%, 100.0000%], out: 115.9837, out_nodes: 46, Feasible_dist: 0.0000, Entropy: 2.5117
[2026-09-04 02:21:14] utils.py(229) : Diversity Loss: 9.9361, Constructive RL loss: 451.4953, Slack loss: 0.5082 (adds 46.14)
[2026-09-04 02:21:24] utils.py(229) : Rank 0 >> Epoch 1: Train (60%)
[2026-09-04 02:21:24] utils.py(229) : [Construction] Score: 28.4260,  Loss: 446.6940,  Infeasible_rate: [100.0000%, 100.0000%], out: 58.7884, out_nodes: 20, Feasible_dist: 0.0000
[2026-09-04 02:21:24] utils.py(229) : [Improvement] Score: 123.4210 [BSF: 122.3806],  Loss: 7.1773,  Infeasible_rate: [100.0000%, 100.0000%], out: 114.8658, out_nodes: 46, Feasible_dist: 0.0000, Entropy: 2.5155
[2026-09-04 02:21:24] utils.py(229) : Diversity Loss: 9.9520, Constructive RL loss: 446.7935, Slack loss: 0.5050 (adds 45.70)
[2026-09-04 02:21:33] utils.py(229) : Rank 0 >> Epoch 1: Train (60%)
[2026-09-04 02:21:33] utils.py(229) : [Construction] Score: 28.5127,  Loss: 442.0669,  Infeasible_rate: [100.0000%, 100.0000%], out: 58.2238, out_nodes: 20, Feasible_dist: 0.0000
[2026-09-04 02:21:33] utils.py(229) : [Improvement] Score: 122.7560 [BSF: 121.7237],  Loss: 7.1049,  Infeasible_rate: [100.0000%, 100.0000%], out: 113.7727, out_nodes: 45, Feasible_dist: 0.0000, Entropy: 2.5181
[2026-09-04 02:21:33] utils.py(229) : Diversity Loss: 9.9682, Constructive RL loss: 442.1666, Slack loss: 0.5019 (adds 45.27)
[2026-09-04 02:21:42] utils.py(229) : Rank 0 >> Epoch 1: Train (60%)
[2026-09-04 02:21:42] utils.py(229) : [Construction] Score: 28.6073,  Loss: 437.4657,  Infeasible_rate: [100.0000%, 100.0000%], out: 57.6688, out_nodes: 20, Feasible_dist: 0.0000
[2026-09-04 02:21:42] utils.py(229) : [Improvement] Score: 122.1325 [BSF: 121.1041],  Loss: 7.0357,  Infeasible_rate: [100.0000%, 100.0000%], out: 112.7007, out_nodes: 45, Feasible_dist: 0.0000, Entropy: 2.5213
[2026-09-04 02:21:42] utils.py(229) : Diversity Loss: 9.9846, Constructive RL loss: 437.5655, Slack loss: 0.4989 (adds 44.85)
[2026-09-04 02:21:52] utils.py(229) : Rank 0 >> Epoch 1: Train (60%)
[2026-09-04 02:21:52] utils.py(229) : [Construction] Score: 28.6902,  Loss: 433.0273,  Infeasible_rate: [100.0000%, 100.0000%], out: 57.1245, out_nodes: 20, Feasible_dist: 0.0000
[2026-09-04 02:21:52] utils.py(229) : [Improvement] Score: 121.4900 [BSF: 120.4648],  Loss: 6.9669,  Infeasible_rate: [100.0000%, 100.0000%], out: 111.6520, out_nodes: 45, Feasible_dist: 0.0000, Entropy: 2.5237
[2026-09-04 02:21:52] utils.py(229) : Diversity Loss: 9.9991, Constructive RL loss: 433.1273, Slack loss: 0.4960 (adds 44.43)
[2026-09-04 02:22:01] utils.py(229) : Rank 0 >> Epoch 1: Train (60%)
[2026-09-04 02:22:01] utils.py(229) : [Construction] Score: 28.7914,  Loss: 428.6167,  Infeasible_rate: [100.0000%, 100.0000%], out: 56.5886, out_nodes: 19, Feasible_dist: 0.0000
[2026-09-04 02:22:01] utils.py(229) : [Improvement] Score: 120.8660 [BSF: 119.8492],  Loss: 6.9008,  Infeasible_rate: [100.0000%, 100.0000%], out: 110.6205, out_nodes: 44, Feasible_dist: 0.0000, Entropy: 2.5264
[2026-09-04 02:22:01] utils.py(229) : Diversity Loss: 10.0154, Constructive RL loss: 428.7169, Slack loss: 0.4931 (adds 44.03)
[2026-09-04 02:22:10] utils.py(229) : Rank 0 >> Epoch 1: Train (65%)
[2026-09-04 02:22:10] utils.py(229) : [Construction] Score: 28.8806,  Loss: 424.4177,  Infeasible_rate: [100.0000%, 100.0000%], out: 56.0594, out_nodes: 19, Feasible_dist: 0.0000
[2026-09-04 02:22:10] utils.py(229) : [Improvement] Score: 120.2329 [BSF: 119.2242],  Loss: 6.8344,  Infeasible_rate: [100.0000%, 100.0000%], out: 109.6009, out_nodes: 44, Feasible_dist: 0.0000, Entropy: 2.5298
[2026-09-04 02:22:10] utils.py(229) : Diversity Loss: 10.0307, Constructive RL loss: 424.5181, Slack loss: 0.4901 (adds 43.62)
[2026-09-04 02:22:20] utils.py(229) : Rank 0 >> Epoch 1: Train (65%)
[2026-09-04 02:22:20] utils.py(229) : [Construction] Score: 28.9759,  Loss: 420.3218,  Infeasible_rate: [100.0000%, 100.0000%], out: 55.5371, out_nodes: 19, Feasible_dist: 0.0000
[2026-09-04 02:22:20] utils.py(229) : [Improvement] Score: 119.6261 [BSF: 118.6231],  Loss: 6.7703,  Infeasible_rate: [100.0000%, 100.0000%], out: 108.5990, out_nodes: 44, Feasible_dist: 0.0000, Entropy: 2.5342
[2026-09-04 02:22:20] utils.py(229) : Diversity Loss: 10.0457, Constructive RL loss: 420.4222, Slack loss: 0.4872 (adds 43.22)
[2026-09-04 02:22:31] utils.py(229) : Rank 0 >> Epoch 1: Train (65%)
[2026-09-04 02:22:31] utils.py(229) : [Construction] Score: 29.0824,  Loss: 416.2528,  Infeasible_rate: [100.0000%, 100.0000%], out: 55.0296, out_nodes: 19, Feasible_dist: 0.0000
[2026-09-04 02:22:31] utils.py(229) : [Improvement] Score: 119.0431 [BSF: 118.0485],  Loss: 6.7075,  Infeasible_rate: [100.0000%, 100.0000%], out: 107.6188, out_nodes: 44, Feasible_dist: 0.0000, Entropy: 2.5378
[2026-09-04 02:22:31] utils.py(229) : Diversity Loss: 10.0604, Constructive RL loss: 416.3534, Slack loss: 0.4843 (adds 42.83)
[2026-09-04 02:22:42] utils.py(229) : Rank 0 >> Epoch 1: Train (65%)
[2026-09-04 02:22:42] utils.py(229) : [Construction] Score: 29.1805,  Loss: 412.2528,  Infeasible_rate: [100.0000%, 100.0000%], out: 54.5259, out_nodes: 19, Feasible_dist: 0.0000
[2026-09-04 02:22:42] utils.py(229) : [Improvement] Score: 118.4583 [BSF: 117.4711],  Loss: 6.6458,  Infeasible_rate: [100.0000%, 100.0000%], out: 106.6525, out_nodes: 43, Feasible_dist: 0.0000, Entropy: 2.5404
[2026-09-04 02:22:42] utils.py(229) : Diversity Loss: 10.0757, Constructive RL loss: 412.3535, Slack loss: 0.4815 (adds 42.45)
[2026-09-04 02:22:53] utils.py(229) : Rank 0 >> Epoch 1: Train (65%)
[2026-09-04 02:22:53] utils.py(229) : [Construction] Score: 29.2672,  Loss: 408.3165,  Infeasible_rate: [100.0000%, 100.0000%], out: 54.0329, out_nodes: 19, Feasible_dist: 0.0000
[2026-09-04 02:22:53] utils.py(229) : [Improvement] Score: 117.8779 [BSF: 116.8945],  Loss: 6.5847,  Infeasible_rate: [100.0000%, 100.0000%], out: 105.7050, out_nodes: 43, Feasible_dist: 0.0000, Entropy: 2.5437
[2026-09-04 02:22:53] utils.py(229) : Diversity Loss: 10.0912, Constructive RL loss: 408.4175, Slack loss: 0.4787 (adds 42.08)
[2026-09-04 02:23:03] utils.py(229) : Rank 0 >> Epoch 1: Train (65%)
[2026-09-04 02:23:03] utils.py(229) : [Construction] Score: 29.3435,  Loss: 404.4724,  Infeasible_rate: [100.0000%, 100.0000%], out: 53.5484, out_nodes: 18, Feasible_dist: 0.0000
[2026-09-04 02:23:03] utils.py(229) : [Improvement] Score: 117.2980 [BSF: 116.3171],  Loss: 6.5248,  Infeasible_rate: [100.0000%, 100.0000%], out: 104.7770, out_nodes: 43, Feasible_dist: 0.0000, Entropy: 2.5464
[2026-09-04 02:23:03] utils.py(229) : Diversity Loss: 10.1073, Constructive RL loss: 404.5735, Slack loss: 0.4759 (adds 41.71)
[2026-09-04 02:23:14] utils.py(229) : Rank 0 >> Epoch 1: Train (65%)
[2026-09-04 02:23:14] utils.py(229) : [Construction] Score: 29.4546,  Loss: 400.7071,  Infeasible_rate: [100.0000%, 100.0000%], out: 53.0716, out_nodes: 18, Feasible_dist: 0.0000
[2026-09-04 02:23:14] utils.py(229) : [Improvement] Score: 116.7637 [BSF: 115.7892],  Loss: 6.4659,  Infeasible_rate: [100.0000%, 100.0000%], out: 103.8632, out_nodes: 42, Feasible_dist: 0.0000, Entropy: 2.5496
[2026-09-04 02:23:14] utils.py(229) : Diversity Loss: 10.1192, Constructive RL loss: 400.8083, Slack loss: 0.4733 (adds 41.34)
Memory access fault by GPU node-1 (Agent handle: 0x3db7fbc0) on address 0x6a1c7000. Reason: Page not present or supervisor privilege.
./run_paradigm_study.sh: line 55: 2006321 Aborted                    (core dumped) "$PY" train.py --problem VRPBLTW --problem_size "$SIZE" --epochs "$EPOCHS" --train_episodes "$EPISODES" --train_batch_size "$BATCH" --accumulation_steps "$ACCUM" "${HOST_ARGS[@]}" --validation_batch_size 32 --val_episodes 64 --validation_interval 2 --model_save_interval 5 --val_dataset vrpbltw50_uniform.pkl --constraint_repr "$ARM" --slack_weight "$SLACK" --seed "$SEED" --couple_rows "$COUPLE" --empty_cache_per_batch True --wandb_logger True --tb_logger False --log_dir "$OUT/train_$TAG" 2>&1
     2006322 Done                       | tee "$OUT/train_$TAG.log"
=== HOST=car MASK=soft ARMS=attr ===
=== host: car  mask: soft  arm: attr  slack: 0.0 ===
wandb: [wandb.login()] Loaded credentials for https://api.wandb.ai from /home/shora/.netrc.
wandb: Currently logged in as: shoraaa (shoraaa-vnu) to https://api.wandb.ai. Use `wandb login --relogin` to force relogin
wandb: setting up run o7bqre02
wandb: Tracking run with wandb version 0.28.1
wandb: Run data is saved locally in /home/shora/Research/PRISM/baselines/CaR-constraint/wandb/run-20260904_022637-o7bqre02
wandb: Run `wandb offline` to turn off syncing.
wandb: Syncing run 20260904_032625train_attr
wandb:  View project at https://wandb.ai/shoraaa-vnu/unified_solver
wandb:  View run at https://wandb.ai/shoraaa-vnu/unified_solver/runs/o7bqre02
{'POMO_checkpoint': '../PIP-constraint/POMO+PIP/pretrained/TSPTW/tsptw50_hard/POMO_star/epoch-10000.pt',
 'accumulation_steps': 8,
 'active_constraints': ['backhaul', 'route_limit', 'time_window'],
 'amp_training': True,
 'aspect_num': 2,
 'aux_mask': True,
 'backhaul_mask': 'soft',
 'baseline': 'group',
 'best_solution_path': None,
 'bonus_for_construction': False,
 'boundary': 0.5,
 'checkpoint': None,
 'clean_cache': False,
 'coefficient': 100,
 'consequence_hidden_dim': 16,
 'constraint_number': 4,
 'constraint_repr': 'attr',
 'couple_rows': True,
 'decoder_layer_num': 1,
 'diversity': 'kendall_tau_distance',
 'diversity_loss': True,
 'diversity_reward': False,
 'diversity_weight': 0.01,
 'dual_decoder': False,
 'dummy_improve_selected': 'random',
 'dummy_improve_steps': 0,
 'dynamic_coefficient': False,
 'embedding_dim': 128,
 'empty_cache_per_batch': True,
 'enable_eas': False,
 'encoder_layer_num': 6,
 'epochs': 10,
 'epsilon': 3.67,
 'epsilon_base': 5.0,
 'epsilon_decay_beta': 0.001,
 'eval_only': False,
 'eval_type': 'argmax',
 'extra_bonus': False,
 'extra_weight': 0.1,
 'ff_hidden_dim': 512,
 'fsb_dist_only': True,
 'fsb_reward_only': True,
 'fsb_reward_plus': False,
 'fsb_start_delay': 10000,
 'gamma': 0.1,
 'generate_PI_mask': False,
 'gpu_id': '0',
 'gumbel': False,
 'hardness': 'hard',
 'head_num': 8,
 'imitation_learning': True,
 'imitation_loss_weight': 1.0,
 'impr_encoder_start_idx': 0,
 'improve_start_when_dummy_ok': False,
 'improve_steps': 5,
 'improvement_method': 'kopt',
 'improvement_only': False,
 'infsb_dist_penalty': False,
 'init_sol_strategy': 'POMO',
 'insert_before': True,
 'is_lib': False,
 'iterations': 200,
 'iterations_impr': 20,
 'k_max': 4,
 'k_unconfident': 10,
 'lazy_pip_model': False,
 'load_optimizer': True,
 'load_which_pip': 'train_fsb_bsf',
 'log_dir': 'results/composition/train_car_soft_attr',
 'logit_clipping': 10,
 'lr': 0.0001,
 'max_dummy_size': 18,
 'milestones': [4501],
 'model_save_interval': 5,
 'model_type': 'SINGLE',
 'multi_processing': False,
 'multiple_gpu': False,
 'n2s_decoder': False,
 'neighborhood_search': False,
 'no_cuda': False,
 'node_repr': 'named',
 'node_repr_dim': 4,
 'non_linear': None,
 'non_linear_cons': False,
 'norm': 'instance',
 'norm_loc': 'norm_last',
 'occ_gpu': 0.0,
 'out_node_reward': True,
 'out_reward': True,
 'pairwise_merge': 'feature,attention',
 'penalty_factor': 1.0,
 'penalty_normalize': False,
 'pip_checkpoint': None,
 'pip_decoder': False,
 'pip_last_growup': 50,
 'pip_step': 1,
 'pip_update_epoch': 20,
 'pip_update_interval': 1000,
 'pomo_feasible_start': False,
 'pomo_size': 50,
 'pomo_start': False,
 'problem': 'VRPBLTW',
 'problem_size': 50,
 'probs_return': False,
 'qkv_dim': 16,
 'random_delta_t': 0,
 'reconstruct': False,
 'reconstruct_bonus_weight': 1.0,
 'reconstruct_improve_bonus': False,
 'refinement_history_path': None,
 'repeats': 1,
 'reward_gating': False,
 'rm_num': 1,
 'sample_size': 1,
 'seed': 1234,
 'select_strategy': 'quality',
 'select_top_k': 10,
 'select_top_k_val': 1,
 'seperate_obj_penalty': False,
 'simulation_stop_epoch': 100,
 'slack_normalize': True,
 'slack_weight': 0.0,
 'soft_constrained': True,
 'sop_variant': 1,
 'sqrt_embedding_dim': 11.313708498984761,
 'stochastic_probability': 0.5,
 'subgradient': False,
 'subgradient_lr': 0.1,
 'succ_attention_bias': 1.0,
 'supplement_feature_dim': 17,
 'tb_logger': False,
 'test_batch_size': 10000,
 'test_dataset': None,
 'test_episodes': 10000,
 'test_opt_path': None,
 'test_pomo_size': 1,
 'total_history': 3,
 'train_batch_size': 16,
 'train_episodes': 2560,
 'tw_normalize': True,
 'uncertainty_weight': False,
 'unified_decoder': False,
 'unified_encoder': True,
 'use_fast_attention': True,
 'use_real_PI_mask': False,
 'v_range': 6.0,
 'val_dataset': ['vrpbltw50_uniform.pkl'],
 'val_episodes': 64,
 'val_init_sol_strategy': 'POMO',
 'val_opt_path': None,
 'val_pomo_size': 1,
 'val_reconstruct_times': 1,
 'validation_batch_size': 32,
 'validation_improve_steps': 20,
 'validation_interval': 2,
 'wandb_logger': True,
 'weight_decay': 1e-06,
 'which_feature': 'both',
 'with_RNN': True,
 'with_bonus': False,
 'with_explore_stat_feature': True,
 'with_infsb_feature': True,
 'with_regular': False,
 'wo_node_penalty': False,
 'wo_tour_penalty': False,
 'world_size': 1}
>> Log Path: results/composition/train_car_soft_attr/20260904_032625train_attr
>> No occupation needed
>> USE_CUDA: True, CUDA_DEVICE_NUM: 0
>> Start VRPBLTW Training using SINGLE Model ...
[2026-09-04 02:26:40] utils.py(229) : >> Use unified encoder for Improvement and Construction!
[2026-09-04 02:26:40] utils.py(229) : >> Use kopt decoder for Improvement!
[2026-09-04 02:26:40] utils.py(229) : lambda_:
[2026-09-04 02:26:40] utils.py(229) : 1.0
[2026-09-04 02:26:41] utils.py(229) : Number of Parameters: 1642336
[2026-09-04 02:26:41] utils.py(229) : [copy_all_src] Warning: /home/shora/Research/PRISM/baselines/CaR-constraint/_ops.py not found. Skipping.
[2026-09-04 02:26:41] utils.py(229) : [copy_all_src] Warning: /home/shora/Research/PRISM/baselines/CaR-constraint/_classes.py not found. Skipping.
[2026-09-04 02:26:41] utils.py(229) : ================================================================================
[2026-09-04 02:26:46] utils.py(229) : Rank 0 >> Epoch 1: Train (0%)
[2026-09-04 02:26:46] utils.py(229) : [Construction] Score: 27.0142,  Loss: 296.9694,  Infeasible_rate: [100.0000%, 100.0000%], out: 121.6552, out_nodes: 25, Feasible_dist: 0.0000
[2026-09-04 02:26:46] utils.py(229) : [Improvement] Score: 147.2660 [BSF: 147.2660],  Loss: 17.5683,  Infeasible_rate: [100.0000%, 100.0000%], out: 171.8140, out_nodes: 56, Feasible_dist: 0.0000, Entropy: 2.4803
[2026-09-04 02:26:46] utils.py(229) : Diversity Loss: 10.0289, Constructive RL loss: 297.0698
[2026-09-04 02:26:51] utils.py(229) : Rank 0 >> Epoch 1: Train (0%)
[2026-09-04 02:26:51] utils.py(229) : [Construction] Score: 27.1116,  Loss: 317.7987,  Infeasible_rate: [100.0000%, 100.0000%], out: 114.3392, out_nodes: 25, Feasible_dist: 0.0000
[2026-09-04 02:26:51] utils.py(229) : [Improvement] Score: 149.5993 [BSF: 149.5993],  Loss: 15.8666,  Infeasible_rate: [100.0000%, 100.0000%], out: 167.1336, out_nodes: 56, Feasible_dist: 0.0000, Entropy: 2.4282
[2026-09-04 02:26:51] utils.py(229) : Diversity Loss: 10.0004, Constructive RL loss: 317.8988
[2026-09-04 02:26:57] utils.py(229) : Rank 0 >> Epoch 1: Train (0%)
[2026-09-04 02:26:57] utils.py(229) : [Construction] Score: 27.0922,  Loss: 360.2464,  Infeasible_rate: [100.0000%, 100.0000%], out: 115.2691, out_nodes: 25, Feasible_dist: 0.0000
[2026-09-04 02:26:57] utils.py(229) : [Improvement] Score: 149.6964 [BSF: 149.6964],  Loss: 18.7681,  Infeasible_rate: [100.0000%, 100.0000%], out: 169.0244, out_nodes: 56, Feasible_dist: 0.0000, Entropy: 2.4309
[2026-09-04 02:26:57] utils.py(229) : Diversity Loss: 10.0388, Constructive RL loss: 360.3468
[2026-09-04 02:27:01] utils.py(229) : Rank 0 >> Epoch 1: Train (0%)
[2026-09-04 02:27:01] utils.py(229) : [Construction] Score: 27.3138,  Loss: 361.4361,  Infeasible_rate: [100.0000%, 100.0000%], out: 117.5785, out_nodes: 25, Feasible_dist: 0.0000
[2026-09-04 02:27:01] utils.py(229) : [Improvement] Score: 152.2980 [BSF: 152.1389],  Loss: 20.5956,  Infeasible_rate: [100.0000%, 100.0000%], out: 170.0303, out_nodes: 57, Feasible_dist: 0.0000, Entropy: 2.4206
[2026-09-04 02:27:01] utils.py(229) : Diversity Loss: 10.0378, Constructive RL loss: 361.5365
[2026-09-04 02:27:06] utils.py(229) : Rank 0 >> Epoch 1: Train (0%)
[2026-09-04 02:27:06] utils.py(229) : [Construction] Score: 27.3321,  Loss: 348.2624,  Infeasible_rate: [100.0000%, 100.0000%], out: 114.3688, out_nodes: 25, Feasible_dist: 0.0000
[2026-09-04 02:27:06] utils.py(229) : [Improvement] Score: 152.2271 [BSF: 152.0999],  Loss: 20.5707,  Infeasible_rate: [100.0000%, 100.0000%], out: 169.3438, out_nodes: 56, Feasible_dist: 0.0000, Entropy: 2.4293
[2026-09-04 02:27:06] utils.py(229) : Diversity Loss: 10.0449, Constructive RL loss: 348.3629
=== car_soft_interface_slack0.1 (attempt 1) ===
=== host: car  mask: soft  arm: interface  slack: 0.1 ===
wandb: [wandb.login()] Loaded credentials for https://api.wandb.ai from /home/shora/.netrc.
wandb: Currently logged in as: shoraaa (shoraaa-vnu) to https://api.wandb.ai. Use `wandb login --relogin` to force relogin
wandb: setting up run supjsy6j
wandb: Tracking run with wandb version 0.28.1
wandb: Run data is saved locally in /home/shora/Research/PRISM/baselines/CaR-constraint/wandb/run-20260904_022748-supjsy6j
wandb: Run `wandb offline` to turn off syncing.
wandb: Syncing run 20260904_032737train_interface
wandb:  View project at https://wandb.ai/shoraaa-vnu/unified_solver
wandb:  View run at https://wandb.ai/shoraaa-vnu/unified_solver/runs/supjsy6j
{'POMO_checkpoint': '../PIP-constraint/POMO+PIP/pretrained/TSPTW/tsptw50_hard/POMO_star/epoch-10000.pt',
 'accumulation_steps': 8,
 'active_constraints': ['backhaul', 'route_limit', 'time_window'],
 'amp_training': True,
 'aspect_num': 2,
 'aux_mask': True,
 'backhaul_mask': 'soft',
 'baseline': 'group',
 'best_solution_path': None,
 'bonus_for_construction': False,
 'boundary': 0.5,
 'checkpoint': None,
 'clean_cache': False,
 'coefficient': 100,
 'consequence_hidden_dim': 16,
 'constraint_number': 4,
 'constraint_repr': 'interface',
 'couple_rows': True,
 'decoder_layer_num': 1,
 'diversity': 'kendall_tau_distance',
 'diversity_loss': True,
 'diversity_reward': False,
 'diversity_weight': 0.01,
 'dual_decoder': False,
 'dummy_improve_selected': 'random',
 'dummy_improve_steps': 0,
 'dynamic_coefficient': False,
 'embedding_dim': 128,
 'empty_cache_per_batch': True,
 'enable_eas': False,
 'encoder_layer_num': 6,
 'epochs': 10,
 'epsilon': 3.67,
 'epsilon_base': 5.0,
 'epsilon_decay_beta': 0.001,
 'eval_only': False,
 'eval_type': 'argmax',
 'extra_bonus': False,
 'extra_weight': 0.1,
 'ff_hidden_dim': 512,
 'fsb_dist_only': True,
 'fsb_reward_only': True,
 'fsb_reward_plus': False,
 'fsb_start_delay': 10000,
 'gamma': 0.1,
 'generate_PI_mask': False,
 'gpu_id': '0',
 'gumbel': False,
 'hardness': 'hard',
 'head_num': 8,
 'imitation_learning': True,
 'imitation_loss_weight': 1.0,
 'impr_encoder_start_idx': 0,
 'improve_start_when_dummy_ok': False,
 'improve_steps': 5,
 'improvement_method': 'kopt',
 'improvement_only': False,
 'infsb_dist_penalty': False,
 'init_sol_strategy': 'POMO',
 'insert_before': True,
 'is_lib': False,
 'iterations': 200,
 'iterations_impr': 20,
 'k_max': 4,
 'k_unconfident': 10,
 'lazy_pip_model': False,
 'load_optimizer': True,
 'load_which_pip': 'train_fsb_bsf',
 'log_dir': 'results/composition/train_car_soft_interface_slack0.1',
 'logit_clipping': 10,
 'lr': 0.0001,
 'max_dummy_size': 18,
 'milestones': [4501],
 'model_save_interval': 5,
 'model_type': 'SINGLE',
 'multi_processing': False,
 'multiple_gpu': False,
 'n2s_decoder': False,
 'neighborhood_search': False,
 'no_cuda': False,
 'node_repr': 'named',
 'node_repr_dim': 4,
 'non_linear': None,
 'non_linear_cons': False,
 'norm': 'instance',
 'norm_loc': 'norm_last',
 'occ_gpu': 0.0,
 'out_node_reward': True,
 'out_reward': True,
 'pairwise_merge': 'feature,attention',
 'penalty_factor': 1.0,
 'penalty_normalize': False,
 'pip_checkpoint': None,
 'pip_decoder': False,
 'pip_last_growup': 50,
 'pip_step': 1,
 'pip_update_epoch': 20,
 'pip_update_interval': 1000,
 'pomo_feasible_start': False,
 'pomo_size': 50,
 'pomo_start': False,
 'problem': 'VRPBLTW',
 'problem_size': 50,
 'probs_return': False,
 'qkv_dim': 16,
 'random_delta_t': 0,
 'reconstruct': False,
 'reconstruct_bonus_weight': 1.0,
 'reconstruct_improve_bonus': False,
 'refinement_history_path': None,
 'repeats': 1,
 'reward_gating': False,
 'rm_num': 1,
 'sample_size': 1,
 'seed': 1234,
 'select_strategy': 'quality',
 'select_top_k': 10,
 'select_top_k_val': 1,
 'seperate_obj_penalty': False,
 'simulation_stop_epoch': 100,
 'slack_normalize': True,
 'slack_weight': 0.1,
 'soft_constrained': True,
 'sop_variant': 1,
 'sqrt_embedding_dim': 11.313708498984761,
 'stochastic_probability': 0.5,
 'subgradient': False,
 'subgradient_lr': 0.1,
 'succ_attention_bias': 1.0,
 'supplement_feature_dim': 17,
 'tb_logger': False,
 'test_batch_size': 10000,
 'test_dataset': None,
 'test_episodes': 10000,
 'test_opt_path': None,
 'test_pomo_size': 1,
 'total_history': 3,
 'train_batch_size': 16,
 'train_episodes': 2560,
 'tw_normalize': True,
 'uncertainty_weight': False,
 'unified_decoder': False,
 'unified_encoder': True,
 'use_fast_attention': True,
 'use_real_PI_mask': False,
 'v_range': 6.0,
 'val_dataset': ['vrpbltw50_uniform.pkl'],
 'val_episodes': 64,
 'val_init_sol_strategy': 'POMO',
 'val_opt_path': None,
 'val_pomo_size': 1,
 'val_reconstruct_times': 1,
 'validation_batch_size': 32,
 'validation_improve_steps': 20,
 'validation_interval': 2,
 'wandb_logger': True,
 'weight_decay': 1e-06,
 'which_feature': 'both',
 'with_RNN': True,
 'with_bonus': False,
 'with_explore_stat_feature': True,
 'with_infsb_feature': True,
 'with_regular': False,
 'wo_node_penalty': False,
 'wo_tour_penalty': False,
 'world_size': 1}
>> Log Path: results/composition/train_car_soft_interface_slack0.1/20260904_032737train_interface
>> No occupation needed
>> USE_CUDA: True, CUDA_DEVICE_NUM: 0
>> Start VRPBLTW Training using SINGLE Model ...
[2026-09-04 02:27:49] utils.py(229) : >> Use unified encoder for Improvement and Construction!
[2026-09-04 02:27:49] utils.py(229) : >> Use kopt decoder for Improvement!
[2026-09-04 02:27:50] utils.py(229) : lambda_:
[2026-09-04 02:27:50] utils.py(229) : 1.0
[2026-09-04 02:27:51] utils.py(229) : Number of Parameters: 1648488
[2026-09-04 02:27:51] utils.py(229) : [copy_all_src] Warning: /home/shora/Research/PRISM/baselines/CaR-constraint/_ops.py not found. Skipping.
[2026-09-04 02:27:51] utils.py(229) : [copy_all_src] Warning: /home/shora/Research/PRISM/baselines/CaR-constraint/_classes.py not found. Skipping.
[2026-09-04 02:27:51] utils.py(229) : ================================================================================
[2026-09-04 02:27:57] utils.py(229) : Rank 0 >> Epoch 1: Train (0%)
[2026-09-04 02:27:57] utils.py(229) : [Construction] Score: 26.2572,  Loss: 532.0593,  Infeasible_rate: [100.0000%, 100.0000%], out: 86.3856, out_nodes: 25, Feasible_dist: 0.0000
[2026-09-04 02:27:57] utils.py(229) : [Improvement] Score: 168.9443 [BSF: 167.3221],  Loss: 9.6048,  Infeasible_rate: [100.0000%, 100.0000%], out: 172.4672, out_nodes: 57, Feasible_dist: 0.0000, Entropy: 2.3673
[2026-09-04 02:27:57] utils.py(229) : Diversity Loss: 9.4232, Constructive RL loss: 532.1534, Slack loss: 0.5774 (adds 53.21)
[2026-09-04 02:28:06] utils.py(229) : Rank 0 >> Epoch 1: Train (0%)
[2026-09-04 02:28:06] utils.py(229) : [Construction] Score: 26.4195,  Loss: 499.4988,  Infeasible_rate: [100.0000%, 100.0000%], out: 83.7907, out_nodes: 25, Feasible_dist: 0.0000
[2026-09-04 02:28:06] utils.py(229) : [Improvement] Score: 157.2722 [BSF: 156.0686],  Loss: 8.7593,  Infeasible_rate: [100.0000%, 100.0000%], out: 163.0758, out_nodes: 56, Feasible_dist: 0.0000, Entropy: 2.3817
[2026-09-04 02:28:06] utils.py(229) : Diversity Loss: 9.4683, Constructive RL loss: 499.5934, Slack loss: 0.5741 (adds 49.95)
[2026-09-04 02:28:14] utils.py(229) : Rank 0 >> Epoch 1: Train (0%)
[2026-09-04 02:28:14] utils.py(229) : [Construction] Score: 26.7186,  Loss: 566.4550,  Infeasible_rate: [100.0000%, 100.0000%], out: 83.5855, out_nodes: 25, Feasible_dist: 0.0000
[2026-09-04 02:28:14] utils.py(229) : [Improvement] Score: 157.4644 [BSF: 156.4465],  Loss: 8.8888,  Infeasible_rate: [100.0000%, 100.0000%], out: 160.4962, out_nodes: 56, Feasible_dist: 0.0000, Entropy: 2.4120
[2026-09-04 02:28:14] utils.py(229) : Diversity Loss: 9.4984, Constructive RL loss: 566.5499, Slack loss: 0.5850 (adds 56.65)
[2026-09-04 02:28:22] utils.py(229) : Rank 0 >> Epoch 1: Train (0%)
[2026-09-04 02:28:22] utils.py(229) : [Construction] Score: 26.7342,  Loss: 527.7731,  Infeasible_rate: [100.0000%, 100.0000%], out: 81.6031, out_nodes: 25, Feasible_dist: 0.0000
[2026-09-04 02:28:22] utils.py(229) : [Improvement] Score: 151.7378 [BSF: 150.8154],  Loss: 9.5994,  Infeasible_rate: [100.0000%, 100.0000%], out: 154.4390, out_nodes: 55, Feasible_dist: 0.0000, Entropy: 2.4266
[2026-09-04 02:28:22] utils.py(229) : Diversity Loss: 9.5170, Constructive RL loss: 527.8682, Slack loss: 0.5816 (adds 52.78)
[2026-09-04 02:28:30] utils.py(229) : Rank 0 >> Epoch 1: Train (0%)
[2026-09-04 02:28:30] utils.py(229) : [Construction] Score: 26.5310,  Loss: 539.6599,  Infeasible_rate: [100.0000%, 100.0000%], out: 81.4837, out_nodes: 25, Feasible_dist: 0.0000
[2026-09-04 02:28:30] utils.py(229) : [Improvement] Score: 152.7992 [BSF: 151.3320],  Loss: 10.0148,  Infeasible_rate: [100.0000%, 100.0000%], out: 156.0411, out_nodes: 56, Feasible_dist: 0.0000, Entropy: 2.4218
[2026-09-04 02:28:30] utils.py(229) : Diversity Loss: 9.5201, Constructive RL loss: 539.7550, Slack loss: 0.5844 (adds 53.97)
[2026-09-04 02:28:39] utils.py(229) : Rank 0 >> Epoch 1: Train (0%)
[2026-09-04 02:28:39] utils.py(229) : [Construction] Score: 26.5096,  Loss: 588.1451,  Infeasible_rate: [100.0000%, 100.0000%], out: 79.5133, out_nodes: 25, Feasible_dist: 0.0000
[2026-09-04 02:28:39] utils.py(229) : [Improvement] Score: 149.7964 [BSF: 148.4549],  Loss: 9.9916,  Infeasible_rate: [100.0000%, 100.0000%], out: 154.8477, out_nodes: 56, Feasible_dist: 0.0000, Entropy: 2.4265
[2026-09-04 02:28:39] utils.py(229) : Diversity Loss: 9.5321, Constructive RL loss: 588.2403, Slack loss: 0.5845 (adds 58.81)
[2026-09-04 02:28:46] utils.py(229) : Rank 0 >> Epoch 1: Train (0%)
[2026-09-04 02:28:46] utils.py(229) : [Construction] Score: 26.5140,  Loss: 589.8677,  Infeasible_rate: [100.0000%, 100.0000%], out: 78.7230, out_nodes: 25, Feasible_dist: 0.0000
[2026-09-04 02:28:46] utils.py(229) : [Improvement] Score: 148.7422 [BSF: 147.4116],  Loss: 9.8200,  Infeasible_rate: [100.0000%, 100.0000%], out: 153.6425, out_nodes: 55, Feasible_dist: 0.0000, Entropy: 2.4220
[2026-09-04 02:28:46] utils.py(229) : Diversity Loss: 9.5417, Constructive RL loss: 589.9632, Slack loss: 0.5839 (adds 58.99)
[2026-09-04 02:28:55] utils.py(229) : Rank 0 >> Epoch 1: Train (0%)
[2026-09-04 02:28:55] utils.py(229) : [Construction] Score: 26.5574,  Loss: 590.3481,  Infeasible_rate: [100.0000%, 100.0000%], out: 79.7013, out_nodes: 25, Feasible_dist: 0.0000
[2026-09-04 02:28:55] utils.py(229) : [Improvement] Score: 149.1925 [BSF: 147.7595],  Loss: 9.9190,  Infeasible_rate: [100.0000%, 100.0000%], out: 154.7256, out_nodes: 56, Feasible_dist: 0.0000, Entropy: 2.4145
[2026-09-04 02:28:55] utils.py(229) : Diversity Loss: 9.5341, Constructive RL loss: 590.4434, Slack loss: 0.5855 (adds 59.03)
[2026-09-04 02:29:03] utils.py(229) : Rank 0 >> Epoch 1: Train (5%)
[2026-09-04 02:29:03] utils.py(229) : [Construction] Score: 26.5205,  Loss: 595.9533,  Infeasible_rate: [100.0000%, 100.0000%], out: 81.1275, out_nodes: 25, Feasible_dist: 0.0000
[2026-09-04 02:29:03] utils.py(229) : [Improvement] Score: 150.5344 [BSF: 149.0981],  Loss: 10.2828,  Infeasible_rate: [100.0000%, 100.0000%], out: 156.8756, out_nodes: 56, Feasible_dist: 0.0000, Entropy: 2.4160
[2026-09-04 02:29:03] utils.py(229) : Diversity Loss: 9.5261, Constructive RL loss: 596.0485, Slack loss: 0.5892 (adds 59.60)
[2026-09-04 02:29:11] utils.py(229) : Rank 0 >> Epoch 1: Train (5%)
[2026-09-04 02:29:11] utils.py(229) : [Construction] Score: 26.4497,  Loss: 597.8827,  Infeasible_rate: [100.0000%, 100.0000%], out: 79.7791, out_nodes: 25, Feasible_dist: 0.0000
[2026-09-04 02:29:11] utils.py(229) : [Improvement] Score: 149.3046 [BSF: 147.8772],  Loss: 10.1149,  Infeasible_rate: [100.0000%, 100.0000%], out: 155.9366, out_nodes: 56, Feasible_dist: 0.0000, Entropy: 2.4092
[2026-09-04 02:29:11] utils.py(229) : Diversity Loss: 9.5276, Constructive RL loss: 597.9779, Slack loss: 0.5898 (adds 59.79)
[2026-09-04 02:29:20] utils.py(229) : Rank 0 >> Epoch 1: Train (5%)
[2026-09-04 02:29:20] utils.py(229) : [Construction] Score: 26.5279,  Loss: 599.8507,  Infeasible_rate: [100.0000%, 100.0000%], out: 80.2475, out_nodes: 25, Feasible_dist: 0.0000
[2026-09-04 02:29:20] utils.py(229) : [Improvement] Score: 149.0962 [BSF: 147.6117],  Loss: 10.0299,  Infeasible_rate: [100.0000%, 100.0000%], out: 157.2887, out_nodes: 56, Feasible_dist: 0.0000, Entropy: 2.4091
[2026-09-04 02:29:20] utils.py(229) : Diversity Loss: 9.5244, Constructive RL loss: 599.9458, Slack loss: 0.5911 (adds 59.99)
[2026-09-04 02:29:27] utils.py(229) : Rank 0 >> Epoch 1: Train (5%)
[2026-09-04 02:29:27] utils.py(229) : [Construction] Score: 26.4683,  Loss: 606.5914,  Infeasible_rate: [100.0000%, 100.0000%], out: 80.4945, out_nodes: 25, Feasible_dist: 0.0000
[2026-09-04 02:29:27] utils.py(229) : [Improvement] Score: 148.2120 [BSF: 146.8440],  Loss: 10.0487,  Infeasible_rate: [100.0000%, 100.0000%], out: 156.9862, out_nodes: 56, Feasible_dist: 0.0000, Entropy: 2.4140
[2026-09-04 02:29:27] utils.py(229) : Diversity Loss: 9.5195, Constructive RL loss: 606.6865, Slack loss: 0.5922 (adds 60.66)
[2026-09-04 02:29:35] utils.py(229) : Rank 0 >> Epoch 1: Train (5%)
[2026-09-04 02:29:35] utils.py(229) : [Construction] Score: 26.4820,  Loss: 608.3791,  Infeasible_rate: [100.0000%, 100.0000%], out: 80.0566, out_nodes: 25, Feasible_dist: 0.0000
[2026-09-04 02:29:35] utils.py(229) : [Improvement] Score: 147.7767 [BSF: 146.3714],  Loss: 10.1105,  Infeasible_rate: [100.0000%, 100.0000%], out: 157.5726, out_nodes: 56, Feasible_dist: 0.0000, Entropy: 2.4152
[2026-09-04 02:29:35] utils.py(229) : Diversity Loss: 9.5154, Constructive RL loss: 608.4741, Slack loss: 0.5928 (adds 60.84)
[2026-09-04 02:29:42] utils.py(229) : Rank 0 >> Epoch 1: Train (5%)
[2026-09-04 02:29:42] utils.py(229) : [Construction] Score: 26.4689,  Loss: 601.2154,  Infeasible_rate: [100.0000%, 100.0000%], out: 79.6988, out_nodes: 25, Feasible_dist: 0.0000
[2026-09-04 02:29:42] utils.py(229) : [Improvement] Score: 147.3439 [BSF: 145.8205],  Loss: 10.2421,  Infeasible_rate: [100.0000%, 100.0000%], out: 156.8350, out_nodes: 56, Feasible_dist: 0.0000, Entropy: 2.4120
[2026-09-04 02:29:42] utils.py(229) : Diversity Loss: 9.5145, Constructive RL loss: 601.3105, Slack loss: 0.5925 (adds 60.12)
[2026-09-04 02:29:50] utils.py(229) : Rank 0 >> Epoch 1: Train (5%)
[2026-09-04 02:29:50] utils.py(229) : [Construction] Score: 26.5129,  Loss: 599.5961,  Infeasible_rate: [100.0000%, 100.0000%], out: 79.7699, out_nodes: 25, Feasible_dist: 0.0000
[2026-09-04 02:29:50] utils.py(229) : [Improvement] Score: 147.0180 [BSF: 145.5451],  Loss: 10.5534,  Infeasible_rate: [100.0000%, 100.0000%], out: 156.2982, out_nodes: 56, Feasible_dist: 0.0000, Entropy: 2.4134
[2026-09-04 02:29:50] utils.py(229) : Diversity Loss: 9.5162, Constructive RL loss: 599.6912, Slack loss: 0.5925 (adds 59.96)
[2026-09-04 02:29:58] utils.py(229) : Rank 0 >> Epoch 1: Train (5%)
[2026-09-04 02:29:58] utils.py(229) : [Construction] Score: 26.5146,  Loss: 608.1213,  Infeasible_rate: [100.0000%, 100.0000%], out: 79.6611, out_nodes: 25, Feasible_dist: 0.0000
[2026-09-04 02:29:58] utils.py(229) : [Improvement] Score: 146.9804 [BSF: 145.5925],  Loss: 10.3001,  Infeasible_rate: [100.0000%, 100.0000%], out: 156.0777, out_nodes: 56, Feasible_dist: 0.0000, Entropy: 2.4140
[2026-09-04 02:29:58] utils.py(229) : Diversity Loss: 9.5187, Constructive RL loss: 608.2164, Slack loss: 0.5929 (adds 60.81)
[2026-09-04 02:30:06] utils.py(229) : Rank 0 >> Epoch 1: Train (10%)
[2026-09-04 02:30:06] utils.py(229) : [Construction] Score: 26.5235,  Loss: 611.1534,  Infeasible_rate: [100.0000%, 100.0000%], out: 79.4355, out_nodes: 25, Feasible_dist: 0.0000
[2026-09-04 02:30:06] utils.py(229) : [Improvement] Score: 147.0611 [BSF: 145.6862],  Loss: 10.2383,  Infeasible_rate: [100.0000%, 100.0000%], out: 155.4869, out_nodes: 56, Feasible_dist: 0.0000, Entropy: 2.4132
[2026-09-04 02:30:06] utils.py(229) : Diversity Loss: 9.5169, Constructive RL loss: 611.2485, Slack loss: 0.5928 (adds 61.12)
[2026-09-04 02:30:13] utils.py(229) : Rank 0 >> Epoch 1: Train (10%)
[2026-09-04 02:30:13] utils.py(229) : [Construction] Score: 26.4770,  Loss: 611.2217,  Infeasible_rate: [100.0000%, 100.0000%], out: 79.7579, out_nodes: 25, Feasible_dist: 0.0000
[2026-09-04 02:30:13] utils.py(229) : [Improvement] Score: 147.4422 [BSF: 146.0926],  Loss: 10.3535,  Infeasible_rate: [100.0000%, 100.0000%], out: 155.7533, out_nodes: 56, Feasible_dist: 0.0000, Entropy: 2.4163
[2026-09-04 02:30:13] utils.py(229) : Diversity Loss: 9.5187, Constructive RL loss: 611.3169, Slack loss: 0.5933 (adds 61.12)
[2026-09-04 02:30:20] utils.py(229) : Rank 0 >> Epoch 1: Train (10%)
[2026-09-04 02:30:20] utils.py(229) : [Construction] Score: 26.4985,  Loss: 616.8257,  Infeasible_rate: [100.0000%, 100.0000%], out: 79.4123, out_nodes: 25, Feasible_dist: 0.0000
[2026-09-04 02:30:20] utils.py(229) : [Improvement] Score: 147.0268 [BSF: 145.7265],  Loss: 10.1144,  Infeasible_rate: [100.0000%, 100.0000%], out: 155.0594, out_nodes: 56, Feasible_dist: 0.0000, Entropy: 2.4149
[2026-09-04 02:30:20] utils.py(229) : Diversity Loss: 9.5239, Constructive RL loss: 616.9208, Slack loss: 0.5926 (adds 61.68)
[2026-09-04 02:30:28] utils.py(229) : Rank 0 >> Epoch 1: Train (10%)
[2026-09-04 02:30:28] utils.py(229) : [Construction] Score: 26.5013,  Loss: 619.1907,  Infeasible_rate: [100.0000%, 100.0000%], out: 79.0902, out_nodes: 25, Feasible_dist: 0.0000
[2026-09-04 02:30:28] utils.py(229) : [Improvement] Score: 146.8354 [BSF: 145.5428],  Loss: 10.0937,  Infeasible_rate: [100.0000%, 100.0000%], out: 154.8720, out_nodes: 56, Feasible_dist: 0.0000, Entropy: 2.4157
[2026-09-04 02:30:28] utils.py(229) : Diversity Loss: 9.5214, Constructive RL loss: 619.2858, Slack loss: 0.5930 (adds 61.92)
[2026-09-04 02:30:36] utils.py(229) : Rank 0 >> Epoch 1: Train (10%)
[2026-09-04 02:30:36] utils.py(229) : [Construction] Score: 26.5317,  Loss: 624.2829,  Infeasible_rate: [100.0000%, 100.0000%], out: 79.1147, out_nodes: 25, Feasible_dist: 0.0000
[2026-09-04 02:30:36] utils.py(229) : [Improvement] Score: 147.0381 [BSF: 145.7972],  Loss: 10.1872,  Infeasible_rate: [100.0000%, 100.0000%], out: 155.0941, out_nodes: 56, Feasible_dist: 0.0000, Entropy: 2.4140
[2026-09-04 02:30:36] utils.py(229) : Diversity Loss: 9.5206, Constructive RL loss: 624.3781, Slack loss: 0.5930 (adds 62.43)
[2026-09-04 02:30:43] utils.py(229) : Rank 0 >> Epoch 1: Train (10%)
[2026-09-04 02:30:43] utils.py(229) : [Construction] Score: 26.5295,  Loss: 619.7211,  Infeasible_rate: [100.0000%, 100.0000%], out: 79.2786, out_nodes: 25, Feasible_dist: 0.0000
[2026-09-04 02:30:43] utils.py(229) : [Improvement] Score: 147.1687 [BSF: 145.9843],  Loss: 10.1231,  Infeasible_rate: [100.0000%, 100.0000%], out: 154.9331, out_nodes: 56, Feasible_dist: 0.0000, Entropy: 2.4152
[2026-09-04 02:30:43] utils.py(229) : Diversity Loss: 9.5215, Constructive RL loss: 619.8163, Slack loss: 0.5923 (adds 61.97)
[2026-09-04 02:30:51] utils.py(229) : Rank 0 >> Epoch 1: Train (10%)
[2026-09-04 02:30:51] utils.py(229) : [Construction] Score: 26.5410,  Loss: 622.0777,  Infeasible_rate: [100.0000%, 100.0000%], out: 79.2999, out_nodes: 25, Feasible_dist: 0.0000
[2026-09-04 02:30:51] utils.py(229) : [Improvement] Score: 146.8238 [BSF: 145.6701],  Loss: 9.9839,  Infeasible_rate: [100.0000%, 100.0000%], out: 154.1186, out_nodes: 55, Feasible_dist: 0.0000, Entropy: 2.4127
[2026-09-04 02:30:51] utils.py(229) : Diversity Loss: 9.5273, Constructive RL loss: 622.1729, Slack loss: 0.5920 (adds 62.21)
[2026-09-04 02:30:58] utils.py(229) : Rank 0 >> Epoch 1: Train (10%)
[2026-09-04 02:30:58] utils.py(229) : [Construction] Score: 26.5343,  Loss: 624.0055,  Infeasible_rate: [100.0000%, 100.0000%], out: 79.3415, out_nodes: 25, Feasible_dist: 0.0000
[2026-09-04 02:30:58] utils.py(229) : [Improvement] Score: 147.0502 [BSF: 145.8899],  Loss: 9.8291,  Infeasible_rate: [100.0000%, 100.0000%], out: 154.5481, out_nodes: 56, Feasible_dist: 0.0000, Entropy: 2.4116
[2026-09-04 02:30:58] utils.py(229) : Diversity Loss: 9.5233, Constructive RL loss: 624.1007, Slack loss: 0.5926 (adds 62.40)
[2026-09-04 02:31:06] utils.py(229) : Rank 0 >> Epoch 1: Train (15%)
[2026-09-04 02:31:06] utils.py(229) : [Construction] Score: 26.5638,  Loss: 618.7968,  Infeasible_rate: [100.0000%, 100.0000%], out: 79.0230, out_nodes: 25, Feasible_dist: 0.0000
[2026-09-04 02:31:06] utils.py(229) : [Improvement] Score: 146.8398 [BSF: 145.6898],  Loss: 9.8371,  Infeasible_rate: [100.0000%, 100.0000%], out: 153.8423, out_nodes: 55, Feasible_dist: 0.0000, Entropy: 2.4106
[2026-09-04 02:31:06] utils.py(229) : Diversity Loss: 9.5258, Constructive RL loss: 618.8920, Slack loss: 0.5918 (adds 61.88)
[2026-09-04 02:31:14] utils.py(229) : Rank 0 >> Epoch 1: Train (15%)
[2026-09-04 02:31:14] utils.py(229) : [Construction] Score: 26.5634,  Loss: 615.9515,  Infeasible_rate: [100.0000%, 100.0000%], out: 79.1683, out_nodes: 25, Feasible_dist: 0.0000
[2026-09-04 02:31:14] utils.py(229) : [Improvement] Score: 146.8932 [BSF: 145.7507],  Loss: 9.8668,  Infeasible_rate: [100.0000%, 100.0000%], out: 154.1599, out_nodes: 55, Feasible_dist: 0.0000, Entropy: 2.4116
[2026-09-04 02:31:14] utils.py(229) : Diversity Loss: 9.5228, Constructive RL loss: 616.0467, Slack loss: 0.5920 (adds 61.60)
[2026-09-04 02:31:22] utils.py(229) : Rank 0 >> Epoch 1: Train (15%)
[2026-09-04 02:31:22] utils.py(229) : [Construction] Score: 26.5540,  Loss: 613.1076,  Infeasible_rate: [100.0000%, 100.0000%], out: 79.5061, out_nodes: 25, Feasible_dist: 0.0000
[2026-09-04 02:31:22] utils.py(229) : [Improvement] Score: 146.8198 [BSF: 145.6957],  Loss: 10.0855,  Infeasible_rate: [100.0000%, 100.0000%], out: 154.3691, out_nodes: 56, Feasible_dist: 0.0000, Entropy: 2.4130
[2026-09-04 02:31:22] utils.py(229) : Diversity Loss: 9.5204, Constructive RL loss: 613.2028, Slack loss: 0.5923 (adds 61.31)
[2026-09-04 02:31:29] utils.py(229) : Rank 0 >> Epoch 1: Train (15%)
[2026-09-04 02:31:29] utils.py(229) : [Construction] Score: 26.5755,  Loss: 612.4822,  Infeasible_rate: [100.0000%, 100.0000%], out: 79.5482, out_nodes: 25, Feasible_dist: 0.0000
[2026-09-04 02:31:29] utils.py(229) : [Improvement] Score: 147.3127 [BSF: 146.0974],  Loss: 10.1133,  Infeasible_rate: [100.0000%, 100.0000%], out: 154.6256, out_nodes: 56, Feasible_dist: 0.0000, Entropy: 2.4108
[2026-09-04 02:31:29] utils.py(229) : Diversity Loss: 9.5215, Constructive RL loss: 612.5774, Slack loss: 0.5925 (adds 61.25)
[2026-09-04 02:31:36] utils.py(229) : Rank 0 >> Epoch 1: Train (15%)
[2026-09-04 02:31:36] utils.py(229) : [Construction] Score: 26.5883,  Loss: 615.2745,  Infeasible_rate: [100.0000%, 100.0000%], out: 79.5678, out_nodes: 25, Feasible_dist: 0.0000
[2026-09-04 02:31:36] utils.py(229) : [Improvement] Score: 147.5193 [BSF: 146.3459],  Loss: 10.1227,  Infeasible_rate: [100.0000%, 100.0000%], out: 154.5375, out_nodes: 56, Feasible_dist: 0.0000, Entropy: 2.4114
[2026-09-04 02:31:36] utils.py(229) : Diversity Loss: 9.5245, Constructive RL loss: 615.3698, Slack loss: 0.5921 (adds 61.53)
[2026-09-04 02:31:43] utils.py(229) : Rank 0 >> Epoch 1: Train (15%)
[2026-09-04 02:31:43] utils.py(229) : [Construction] Score: 26.5791,  Loss: 616.4624,  Infeasible_rate: [100.0000%, 100.0000%], out: 79.6559, out_nodes: 25, Feasible_dist: 0.0000
[2026-09-04 02:31:43] utils.py(229) : [Improvement] Score: 147.8740 [BSF: 146.7044],  Loss: 10.1280,  Infeasible_rate: [100.0000%, 100.0000%], out: 155.0802, out_nodes: 56, Feasible_dist: 0.0000, Entropy: 2.4110
[2026-09-04 02:31:43] utils.py(229) : Diversity Loss: 9.5232, Constructive RL loss: 616.5576, Slack loss: 0.5925 (adds 61.65)
[2026-09-04 02:31:53] utils.py(229) : Rank 0 >> Epoch 1: Train (15%)
[2026-09-04 02:31:53] utils.py(229) : [Construction] Score: 26.6199,  Loss: 615.5997,  Infeasible_rate: [100.0000%, 100.0000%], out: 79.1319, out_nodes: 25, Feasible_dist: 0.0000
[2026-09-04 02:31:53] utils.py(229) : [Improvement] Score: 147.2461 [BSF: 146.1143],  Loss: 10.0164,  Infeasible_rate: [100.0000%, 100.0000%], out: 154.1280, out_nodes: 56, Feasible_dist: 0.0000, Entropy: 2.4119
[2026-09-04 02:31:53] utils.py(229) : Diversity Loss: 9.5273, Constructive RL loss: 615.6950, Slack loss: 0.5914 (adds 61.56)
[2026-09-04 02:32:03] utils.py(229) : Rank 0 >> Epoch 1: Train (15%)
[2026-09-04 02:32:03] utils.py(229) : [Construction] Score: 26.6091,  Loss: 614.0558,  Infeasible_rate: [100.0000%, 100.0000%], out: 79.1287, out_nodes: 25, Feasible_dist: 0.0000
[2026-09-04 02:32:03] utils.py(229) : [Improvement] Score: 147.2142 [BSF: 146.0947],  Loss: 9.9965,  Infeasible_rate: [100.0000%, 100.0000%], out: 153.6305, out_nodes: 55, Feasible_dist: 0.0000, Entropy: 2.4115
[2026-09-04 02:32:03] utils.py(229) : Diversity Loss: 9.5262, Constructive RL loss: 614.1511, Slack loss: 0.5908 (adds 61.41)
[2026-09-04 02:32:12] utils.py(229) : Rank 0 >> Epoch 1: Train (20%)
[2026-09-04 02:32:12] utils.py(229) : [Construction] Score: 26.5872,  Loss: 610.4049,  Infeasible_rate: [100.0000%, 100.0000%], out: 78.6437, out_nodes: 25, Feasible_dist: 0.0000
[2026-09-04 02:32:12] utils.py(229) : [Improvement] Score: 146.6851 [BSF: 145.5954],  Loss: 9.9155,  Infeasible_rate: [100.0000%, 100.0000%], out: 152.7855, out_nodes: 55, Feasible_dist: 0.0000, Entropy: 2.4126
[2026-09-04 02:32:12] utils.py(229) : Diversity Loss: 9.5302, Constructive RL loss: 610.5002, Slack loss: 0.5897 (adds 61.04)
[2026-09-04 02:32:20] utils.py(229) : Rank 0 >> Epoch 1: Train (20%)
[2026-09-04 02:32:20] utils.py(229) : [Construction] Score: 26.6044,  Loss: 612.3092,  Infeasible_rate: [100.0000%, 100.0000%], out: 78.5064, out_nodes: 25, Feasible_dist: 0.0000
[2026-09-04 02:32:20] utils.py(229) : [Improvement] Score: 146.5547 [BSF: 145.4289],  Loss: 9.9539,  Infeasible_rate: [100.0000%, 100.0000%], out: 152.7707, out_nodes: 55, Feasible_dist: 0.0000, Entropy: 2.4123
[2026-09-04 02:32:20] utils.py(229) : Diversity Loss: 9.5314, Constructive RL loss: 612.4045, Slack loss: 0.5895 (adds 61.23)
[2026-09-04 02:32:27] utils.py(229) : Rank 0 >> Epoch 1: Train (20%)
[2026-09-04 02:32:27] utils.py(229) : [Construction] Score: 26.6307,  Loss: 616.1453,  Infeasible_rate: [100.0000%, 100.0000%], out: 78.1611, out_nodes: 25, Feasible_dist: 0.0000
[2026-09-04 02:32:27] utils.py(229) : [Improvement] Score: 146.3863 [BSF: 145.2277],  Loss: 9.9020,  Infeasible_rate: [100.0000%, 100.0000%], out: 152.8762, out_nodes: 55, Feasible_dist: 0.0000, Entropy: 2.4130
[2026-09-04 02:32:27] utils.py(229) : Diversity Loss: 9.5290, Constructive RL loss: 616.2405, Slack loss: 0.5897 (adds 61.61)
[2026-09-04 02:32:35] utils.py(229) : Rank 0 >> Epoch 1: Train (20%)
[2026-09-04 02:32:35] utils.py(229) : [Construction] Score: 26.6357,  Loss: 615.7095,  Infeasible_rate: [100.0000%, 100.0000%], out: 78.1967, out_nodes: 25, Feasible_dist: 0.0000
[2026-09-04 02:32:35] utils.py(229) : [Improvement] Score: 146.3569 [BSF: 145.2305],  Loss: 9.9093,  Infeasible_rate: [100.0000%, 100.0000%], out: 153.0583, out_nodes: 55, Feasible_dist: 0.0000, Entropy: 2.4116
[2026-09-04 02:32:35] utils.py(229) : Diversity Loss: 9.5271, Constructive RL loss: 615.8047, Slack loss: 0.5900 (adds 61.57)
[2026-09-04 02:32:43] utils.py(229) : Rank 0 >> Epoch 1: Train (20%)
[2026-09-04 02:32:43] utils.py(229) : [Construction] Score: 26.6222,  Loss: 613.9699,  Infeasible_rate: [100.0000%, 100.0000%], out: 78.3094, out_nodes: 25, Feasible_dist: 0.0000
[2026-09-04 02:32:43] utils.py(229) : [Improvement] Score: 146.6507 [BSF: 145.5203],  Loss: 9.8726,  Infeasible_rate: [100.0000%, 100.0000%], out: 153.3056, out_nodes: 55, Feasible_dist: 0.0000, Entropy: 2.4129
[2026-09-04 02:32:43] utils.py(229) : Diversity Loss: 9.5266, Constructive RL loss: 614.0652, Slack loss: 0.5902 (adds 61.40)
[2026-09-04 02:32:51] utils.py(229) : Rank 0 >> Epoch 1: Train (20%)
[2026-09-04 02:32:51] utils.py(229) : [Construction] Score: 26.6218,  Loss: 614.7798,  Infeasible_rate: [100.0000%, 100.0000%], out: 78.3502, out_nodes: 25, Feasible_dist: 0.0000
[2026-09-04 02:32:51] utils.py(229) : [Improvement] Score: 146.5297 [BSF: 145.3430],  Loss: 9.9149,  Infeasible_rate: [100.0000%, 100.0000%], out: 153.3243, out_nodes: 55, Feasible_dist: 0.0000, Entropy: 2.4152
[2026-09-04 02:32:51] utils.py(229) : Diversity Loss: 9.5256, Constructive RL loss: 614.8750, Slack loss: 0.5900 (adds 61.48)
[2026-09-04 02:32:59] utils.py(229) : Rank 0 >> Epoch 1: Train (20%)
[2026-09-04 02:32:59] utils.py(229) : [Construction] Score: 26.6137,  Loss: 614.3258,  Infeasible_rate: [100.0000%, 100.0000%], out: 78.3222, out_nodes: 25, Feasible_dist: 0.0000
[2026-09-04 02:32:59] utils.py(229) : [Improvement] Score: 146.7355 [BSF: 145.5326],  Loss: 9.8706,  Infeasible_rate: [100.0000%, 100.0000%], out: 153.5425, out_nodes: 55, Feasible_dist: 0.0000, Entropy: 2.4158
[2026-09-04 02:32:59] utils.py(229) : Diversity Loss: 9.5230, Constructive RL loss: 614.4210, Slack loss: 0.5904 (adds 61.43)
[2026-09-04 02:33:07] utils.py(229) : Rank 0 >> Epoch 1: Train (20%)
[2026-09-04 02:33:07] utils.py(229) : [Construction] Score: 26.6126,  Loss: 613.0749,  Infeasible_rate: [100.0000%, 100.0000%], out: 78.4291, out_nodes: 25, Feasible_dist: 0.0000
[2026-09-04 02:33:07] utils.py(229) : [Improvement] Score: 146.6759 [BSF: 145.5031],  Loss: 9.7924,  Infeasible_rate: [100.0000%, 100.0000%], out: 153.8206, out_nodes: 55, Feasible_dist: 0.0000, Entropy: 2.4159
[2026-09-04 02:33:07] utils.py(229) : Diversity Loss: 9.5210, Constructive RL loss: 613.1701, Slack loss: 0.5904 (adds 61.31)
[2026-09-04 02:33:15] utils.py(229) : Rank 0 >> Epoch 1: Train (25%)
[2026-09-04 02:33:15] utils.py(229) : [Construction] Score: 26.6148,  Loss: 612.2386,  Infeasible_rate: [100.0000%, 100.0000%], out: 78.5434, out_nodes: 25, Feasible_dist: 0.0000
[2026-09-04 02:33:15] utils.py(229) : [Improvement] Score: 146.6510 [BSF: 145.5068],  Loss: 9.8368,  Infeasible_rate: [100.0000%, 100.0000%], out: 154.1512, out_nodes: 55, Feasible_dist: 0.0000, Entropy: 2.4165
[2026-09-04 02:33:15] utils.py(229) : Diversity Loss: 9.5204, Constructive RL loss: 612.3338, Slack loss: 0.5906 (adds 61.22)
[2026-09-04 02:33:23] utils.py(229) : Rank 0 >> Epoch 1: Train (25%)
[2026-09-04 02:33:23] utils.py(229) : [Construction] Score: 26.6005,  Loss: 614.7331,  Infeasible_rate: [100.0000%, 100.0000%], out: 78.5660, out_nodes: 25, Feasible_dist: 0.0000
[2026-09-04 02:33:23] utils.py(229) : [Improvement] Score: 146.6657 [BSF: 145.5488],  Loss: 9.8196,  Infeasible_rate: [100.0000%, 100.0000%], out: 154.2145, out_nodes: 55, Feasible_dist: 0.0000, Entropy: 2.4175
[2026-09-04 02:33:23] utils.py(229) : Diversity Loss: 9.5197, Constructive RL loss: 614.8283, Slack loss: 0.5906 (adds 61.47)
[2026-09-04 02:33:31] utils.py(229) : Rank 0 >> Epoch 1: Train (25%)
[2026-09-04 02:33:31] utils.py(229) : [Construction] Score: 26.5968,  Loss: 614.2017,  Infeasible_rate: [100.0000%, 100.0000%], out: 78.7996, out_nodes: 25, Feasible_dist: 0.0000
[2026-09-04 02:33:31] utils.py(229) : [Improvement] Score: 147.3414 [BSF: 146.1910],  Loss: 9.8167,  Infeasible_rate: [100.0000%, 100.0000%], out: 154.7166, out_nodes: 56, Feasible_dist: 0.0000, Entropy: 2.4171
[2026-09-04 02:33:31] utils.py(229) : Diversity Loss: 9.5184, Constructive RL loss: 614.2969, Slack loss: 0.5911 (adds 61.42)
[2026-09-04 02:33:39] utils.py(229) : Rank 0 >> Epoch 1: Train (25%)
[2026-09-04 02:33:39] utils.py(229) : [Construction] Score: 26.6028,  Loss: 614.6387,  Infeasible_rate: [100.0000%, 100.0000%], out: 79.0632, out_nodes: 25, Feasible_dist: 0.0000
[2026-09-04 02:33:39] utils.py(229) : [Improvement] Score: 147.6910 [BSF: 146.5668],  Loss: 9.8651,  Infeasible_rate: [100.0000%, 100.0000%], out: 154.9667, out_nodes: 56, Feasible_dist: 0.0000, Entropy: 2.4173
[2026-09-04 02:33:39] utils.py(229) : Diversity Loss: 9.5170, Constructive RL loss: 614.7339, Slack loss: 0.5912 (adds 61.46)
[2026-09-04 02:33:46] utils.py(229) : Rank 0 >> Epoch 1: Train (25%)
[2026-09-04 02:33:46] utils.py(229) : [Construction] Score: 26.6173,  Loss: 613.5157,  Infeasible_rate: [100.0000%, 100.0000%], out: 78.8800, out_nodes: 25, Feasible_dist: 0.0000
[2026-09-04 02:33:46] utils.py(229) : [Improvement] Score: 147.3599 [BSF: 146.2607],  Loss: 9.8922,  Infeasible_rate: [100.0000%, 100.0000%], out: 154.5874, out_nodes: 56, Feasible_dist: 0.0000, Entropy: 2.4176
[2026-09-04 02:33:46] utils.py(229) : Diversity Loss: 9.5170, Constructive RL loss: 613.6109, Slack loss: 0.5911 (adds 61.35)
[2026-09-04 02:33:55] utils.py(229) : Rank 0 >> Epoch 1: Train (25%)
[2026-09-04 02:33:55] utils.py(229) : [Construction] Score: 26.6300,  Loss: 612.2390,  Infeasible_rate: [100.0000%, 100.0000%], out: 78.9068, out_nodes: 25, Feasible_dist: 0.0000
[2026-09-04 02:33:55] utils.py(229) : [Improvement] Score: 147.2995 [BSF: 146.1822],  Loss: 9.8698,  Infeasible_rate: [100.0000%, 100.0000%], out: 154.4473, out_nodes: 56, Feasible_dist: 0.0000, Entropy: 2.4173
[2026-09-04 02:33:55] utils.py(229) : Diversity Loss: 9.5191, Constructive RL loss: 612.3342, Slack loss: 0.5910 (adds 61.22)
[2026-09-04 02:34:03] utils.py(229) : Rank 0 >> Epoch 1: Train (25%)
[2026-09-04 02:34:03] utils.py(229) : [Construction] Score: 26.6111,  Loss: 612.6315,  Infeasible_rate: [100.0000%, 100.0000%], out: 78.8340, out_nodes: 25, Feasible_dist: 0.0000
[2026-09-04 02:34:03] utils.py(229) : [Improvement] Score: 147.4217 [BSF: 146.2878],  Loss: 9.8860,  Infeasible_rate: [100.0000%, 100.0000%], out: 154.4437, out_nodes: 56, Feasible_dist: 0.0000, Entropy: 2.4169
[2026-09-04 02:34:03] utils.py(229) : Diversity Loss: 9.5186, Constructive RL loss: 612.7267, Slack loss: 0.5915 (adds 61.26)
[2026-09-04 02:34:10] utils.py(229) : Rank 0 >> Epoch 1: Train (25%)
[2026-09-04 02:34:10] utils.py(229) : [Construction] Score: 26.6022,  Loss: 613.6901,  Infeasible_rate: [100.0000%, 100.0000%], out: 78.6566, out_nodes: 25, Feasible_dist: 0.0000
[2026-09-04 02:34:10] utils.py(229) : [Improvement] Score: 147.1390 [BSF: 145.9773],  Loss: 9.8897,  Infeasible_rate: [100.0000%, 100.0000%], out: 153.8731, out_nodes: 55, Feasible_dist: 0.0000, Entropy: 2.4160
[2026-09-04 02:34:10] utils.py(229) : Diversity Loss: 9.5202, Constructive RL loss: 613.7853, Slack loss: 0.5912 (adds 61.37)
[2026-09-04 02:34:18] utils.py(229) : Rank 0 >> Epoch 1: Train (30%)
[2026-09-04 02:34:18] utils.py(229) : [Construction] Score: 26.5836,  Loss: 614.8258,  Infeasible_rate: [100.0000%, 100.0000%], out: 78.5422, out_nodes: 25, Feasible_dist: 0.0000
[2026-09-04 02:34:18] utils.py(229) : [Improvement] Score: 146.9310 [BSF: 145.7709],  Loss: 9.7874,  Infeasible_rate: [100.0000%, 100.0000%], out: 153.8158, out_nodes: 55, Feasible_dist: 0.0000, Entropy: 2.4162
[2026-09-04 02:34:18] utils.py(229) : Diversity Loss: 9.5209, Constructive RL loss: 614.9210, Slack loss: 0.5914 (adds 61.48)
[2026-09-04 02:34:26] utils.py(229) : Rank 0 >> Epoch 1: Train (30%)
[2026-09-04 02:34:26] utils.py(229) : [Construction] Score: 26.5840,  Loss: 613.6336,  Infeasible_rate: [100.0000%, 100.0000%], out: 78.4893, out_nodes: 25, Feasible_dist: 0.0000
[2026-09-04 02:34:26] utils.py(229) : [Improvement] Score: 146.8153 [BSF: 145.6568],  Loss: 9.7305,  Infeasible_rate: [100.0000%, 100.0000%], out: 153.4874, out_nodes: 55, Feasible_dist: 0.0000, Entropy: 2.4163
[2026-09-04 02:34:26] utils.py(229) : Diversity Loss: 9.5217, Constructive RL loss: 613.7289, Slack loss: 0.5910 (adds 61.36)
[2026-09-04 02:34:34] utils.py(229) : Rank 0 >> Epoch 1: Train (30%)
[2026-09-04 02:34:34] utils.py(229) : [Construction] Score: 26.5897,  Loss: 613.8258,  Infeasible_rate: [100.0000%, 100.0000%], out: 78.4499, out_nodes: 25, Feasible_dist: 0.0000
[2026-09-04 02:34:34] utils.py(229) : [Improvement] Score: 146.6941 [BSF: 145.5412],  Loss: 9.7960,  Infeasible_rate: [100.0000%, 100.0000%], out: 153.5209, out_nodes: 55, Feasible_dist: 0.0000, Entropy: 2.4183
[2026-09-04 02:34:34] utils.py(229) : Diversity Loss: 9.5222, Constructive RL loss: 613.9210, Slack loss: 0.5912 (adds 61.38)
[2026-09-04 02:34:42] utils.py(229) : Rank 0 >> Epoch 1: Train (30%)
[2026-09-04 02:34:42] utils.py(229) : [Construction] Score: 26.6099,  Loss: 615.4965,  Infeasible_rate: [100.0000%, 100.0000%], out: 78.1885, out_nodes: 25, Feasible_dist: 0.0000
[2026-09-04 02:34:42] utils.py(229) : [Improvement] Score: 146.5225 [BSF: 145.3682],  Loss: 9.8369,  Infeasible_rate: [100.0000%, 100.0000%], out: 153.2878, out_nodes: 55, Feasible_dist: 0.0000, Entropy: 2.4196
[2026-09-04 02:34:42] utils.py(229) : Diversity Loss: 9.5226, Constructive RL loss: 615.5917, Slack loss: 0.5912 (adds 61.55)
[2026-09-04 02:34:50] utils.py(229) : Rank 0 >> Epoch 1: Train (30%)
[2026-09-04 02:34:50] utils.py(229) : [Construction] Score: 26.6098,  Loss: 615.8564,  Infeasible_rate: [100.0000%, 100.0000%], out: 78.0552, out_nodes: 25, Feasible_dist: 0.0000
[2026-09-04 02:34:50] utils.py(229) : [Improvement] Score: 146.1507 [BSF: 145.0179],  Loss: 9.8024,  Infeasible_rate: [100.0000%, 100.0000%], out: 153.1171, out_nodes: 55, Feasible_dist: 0.0000, Entropy: 2.4189
[2026-09-04 02:34:50] utils.py(229) : Diversity Loss: 9.5241, Constructive RL loss: 615.9517, Slack loss: 0.5909 (adds 61.59)
[2026-09-04 02:34:59] utils.py(229) : Rank 0 >> Epoch 1: Train (30%)
[2026-09-04 02:34:59] utils.py(229) : [Construction] Score: 26.5889,  Loss: 614.3872,  Infeasible_rate: [100.0000%, 100.0000%], out: 77.6975, out_nodes: 25, Feasible_dist: 0.0000
[2026-09-04 02:34:59] utils.py(229) : [Improvement] Score: 145.8052 [BSF: 144.6693],  Loss: 9.7756,  Infeasible_rate: [100.0000%, 100.0000%], out: 152.7047, out_nodes: 55, Feasible_dist: 0.0000, Entropy: 2.4209
[2026-09-04 02:34:59] utils.py(229) : Diversity Loss: 9.5244, Constructive RL loss: 614.4824, Slack loss: 0.5907 (adds 61.44)
[2026-09-04 02:35:08] utils.py(229) : Rank 0 >> Epoch 1: Train (30%)
[2026-09-04 02:35:08] utils.py(229) : [Construction] Score: 26.5877,  Loss: 613.2604,  Infeasible_rate: [100.0000%, 100.0000%], out: 77.8747, out_nodes: 25, Feasible_dist: 0.0000
[2026-09-04 02:35:08] utils.py(229) : [Improvement] Score: 145.8327 [BSF: 144.6989],  Loss: 9.8437,  Infeasible_rate: [100.0000%, 100.0000%], out: 152.8226, out_nodes: 55, Feasible_dist: 0.0000, Entropy: 2.4206
[2026-09-04 02:35:08] utils.py(229) : Diversity Loss: 9.5237, Constructive RL loss: 613.3557, Slack loss: 0.5909 (adds 61.33)
[2026-09-04 02:35:17] utils.py(229) : Rank 0 >> Epoch 1: Train (30%)
[2026-09-04 02:35:17] utils.py(229) : [Construction] Score: 26.5939,  Loss: 611.0274,  Infeasible_rate: [100.0000%, 100.0000%], out: 78.0036, out_nodes: 25, Feasible_dist: 0.0000
[2026-09-04 02:35:17] utils.py(229) : [Improvement] Score: 145.9644 [BSF: 144.7830],  Loss: 9.8799,  Infeasible_rate: [100.0000%, 100.0000%], out: 152.7133, out_nodes: 55, Feasible_dist: 0.0000, Entropy: 2.4211
[2026-09-04 02:35:17] utils.py(229) : Diversity Loss: 9.5226, Constructive RL loss: 611.1226, Slack loss: 0.5911 (adds 61.10)
[2026-09-04 02:35:25] utils.py(229) : Rank 0 >> Epoch 1: Train (35%)
[2026-09-04 02:35:25] utils.py(229) : [Construction] Score: 26.5866,  Loss: 610.4433,  Infeasible_rate: [100.0000%, 100.0000%], out: 77.8277, out_nodes: 24, Feasible_dist: 0.0000
[2026-09-04 02:35:25] utils.py(229) : [Improvement] Score: 145.8756 [BSF: 144.6829],  Loss: 9.9107,  Infeasible_rate: [100.0000%, 100.0000%], out: 152.5437, out_nodes: 55, Feasible_dist: 0.0000, Entropy: 2.4217
[2026-09-04 02:35:25] utils.py(229) : Diversity Loss: 9.5231, Constructive RL loss: 610.5385, Slack loss: 0.5908 (adds 61.04)
[2026-09-04 02:35:33] utils.py(229) : Rank 0 >> Epoch 1: Train (35%)
[2026-09-04 02:35:33] utils.py(229) : [Construction] Score: 26.5771,  Loss: 611.5183,  Infeasible_rate: [100.0000%, 100.0000%], out: 77.7712, out_nodes: 24, Feasible_dist: 0.0000
[2026-09-04 02:35:33] utils.py(229) : [Improvement] Score: 145.7948 [BSF: 144.5978],  Loss: 9.9333,  Infeasible_rate: [100.0000%, 100.0000%], out: 152.4665, out_nodes: 55, Feasible_dist: 0.0000, Entropy: 2.4216
[2026-09-04 02:35:33] utils.py(229) : Diversity Loss: 9.5238, Constructive RL loss: 611.6136, Slack loss: 0.5907 (adds 61.15)
[2026-09-04 02:35:41] utils.py(229) : Rank 0 >> Epoch 1: Train (35%)
[2026-09-04 02:35:41] utils.py(229) : [Construction] Score: 26.5848,  Loss: 610.5931,  Infeasible_rate: [100.0000%, 100.0000%], out: 77.7121, out_nodes: 24, Feasible_dist: 0.0000
[2026-09-04 02:35:41] utils.py(229) : [Improvement] Score: 145.8119 [BSF: 144.5991],  Loss: 9.9470,  Infeasible_rate: [100.0000%, 100.0000%], out: 152.5432, out_nodes: 55, Feasible_dist: 0.0000, Entropy: 2.4215
[2026-09-04 02:35:41] utils.py(229) : Diversity Loss: 9.5253, Constructive RL loss: 610.6883, Slack loss: 0.5905 (adds 61.06)
[2026-09-04 02:35:49] utils.py(229) : Rank 0 >> Epoch 1: Train (35%)
[2026-09-04 02:35:49] utils.py(229) : [Construction] Score: 26.5713,  Loss: 611.7073,  Infeasible_rate: [100.0000%, 100.0000%], out: 77.4793, out_nodes: 24, Feasible_dist: 0.0000
[2026-09-04 02:35:49] utils.py(229) : [Improvement] Score: 145.5908 [BSF: 144.3467],  Loss: 9.8954,  Infeasible_rate: [100.0000%, 100.0000%], out: 152.2227, out_nodes: 55, Feasible_dist: 0.0000, Entropy: 2.4208
[2026-09-04 02:35:49] utils.py(229) : Diversity Loss: 9.5263, Constructive RL loss: 611.8026, Slack loss: 0.5904 (adds 61.17)
[2026-09-04 02:35:56] utils.py(229) : Rank 0 >> Epoch 1: Train (35%)
[2026-09-04 02:35:56] utils.py(229) : [Construction] Score: 26.5659,  Loss: 611.2360,  Infeasible_rate: [100.0000%, 100.0000%], out: 77.4353, out_nodes: 24, Feasible_dist: 0.0000
[2026-09-04 02:35:56] utils.py(229) : [Improvement] Score: 145.5693 [BSF: 144.2944],  Loss: 9.8730,  Infeasible_rate: [100.0000%, 100.0000%], out: 152.1990, out_nodes: 55, Feasible_dist: 0.0000, Entropy: 2.4209
[2026-09-04 02:35:56] utils.py(229) : Diversity Loss: 9.5254, Constructive RL loss: 611.3313, Slack loss: 0.5905 (adds 61.12)
[2026-09-04 02:36:04] utils.py(229) : Rank 0 >> Epoch 1: Train (35%)
[2026-09-04 02:36:04] utils.py(229) : [Construction] Score: 26.5481,  Loss: 614.5719,  Infeasible_rate: [100.0000%, 100.0000%], out: 77.4429, out_nodes: 24, Feasible_dist: 0.0000
[2026-09-04 02:36:04] utils.py(229) : [Improvement] Score: 145.5578 [BSF: 144.3034],  Loss: 9.8482,  Infeasible_rate: [100.0000%, 100.0000%], out: 152.2125, out_nodes: 55, Feasible_dist: 0.0000, Entropy: 2.4206
[2026-09-04 02:36:04] utils.py(229) : Diversity Loss: 9.5248, Constructive RL loss: 614.6671, Slack loss: 0.5906 (adds 61.46)
[2026-09-04 02:36:13] utils.py(229) : Rank 0 >> Epoch 1: Train (35%)
[2026-09-04 02:36:13] utils.py(229) : [Construction] Score: 26.5547,  Loss: 611.9880,  Infeasible_rate: [100.0000%, 100.0000%], out: 77.2326, out_nodes: 24, Feasible_dist: 0.0000
[2026-09-04 02:36:13] utils.py(229) : [Improvement] Score: 145.4340 [BSF: 144.1718],  Loss: 9.8748,  Infeasible_rate: [100.0000%, 100.0000%], out: 152.0683, out_nodes: 55, Feasible_dist: 0.0000, Entropy: 2.4203
[2026-09-04 02:36:13] utils.py(229) : Diversity Loss: 9.5251, Constructive RL loss: 612.0832, Slack loss: 0.5905 (adds 61.20)
[2026-09-04 02:36:22] utils.py(229) : Rank 0 >> Epoch 1: Train (35%)
[2026-09-04 02:36:22] utils.py(229) : [Construction] Score: 26.5495,  Loss: 611.9216,  Infeasible_rate: [100.0000%, 100.0000%], out: 77.0907, out_nodes: 24, Feasible_dist: 0.0000
[2026-09-04 02:36:22] utils.py(229) : [Improvement] Score: 145.5453 [BSF: 144.2584],  Loss: 9.8214,  Infeasible_rate: [100.0000%, 100.0000%], out: 152.2085, out_nodes: 55, Feasible_dist: 0.0000, Entropy: 2.4199
[2026-09-04 02:36:22] utils.py(229) : Diversity Loss: 9.5251, Constructive RL loss: 612.0168, Slack loss: 0.5906 (adds 61.19)
[2026-09-04 02:36:29] utils.py(229) : Rank 0 >> Epoch 1: Train (40%)
[2026-09-04 02:36:29] utils.py(229) : [Construction] Score: 26.5557,  Loss: 610.6228,  Infeasible_rate: [100.0000%, 100.0000%], out: 77.2168, out_nodes: 24, Feasible_dist: 0.0000
[2026-09-04 02:36:29] utils.py(229) : [Improvement] Score: 145.7068 [BSF: 144.3925],  Loss: 9.8470,  Infeasible_rate: [100.0000%, 100.0000%], out: 152.5865, out_nodes: 55, Feasible_dist: 0.0000, Entropy: 2.4197
[2026-09-04 02:36:29] utils.py(229) : Diversity Loss: 9.5243, Constructive RL loss: 610.7181, Slack loss: 0.5907 (adds 61.06)
[2026-09-04 02:36:37] utils.py(229) : Rank 0 >> Epoch 1: Train (40%)
[2026-09-04 02:36:37] utils.py(229) : [Construction] Score: 26.5513,  Loss: 612.1974,  Infeasible_rate: [100.0000%, 100.0000%], out: 77.3112, out_nodes: 24, Feasible_dist: 0.0000
[2026-09-04 02:36:37] utils.py(229) : [Improvement] Score: 145.9104 [BSF: 144.6112],  Loss: 9.8565,  Infeasible_rate: [100.0000%, 100.0000%], out: 152.7813, out_nodes: 55, Feasible_dist: 0.0000, Entropy: 2.4199
[2026-09-04 02:36:37] utils.py(229) : Diversity Loss: 9.5239, Constructive RL loss: 612.2926, Slack loss: 0.5909 (adds 61.22)
[2026-09-04 02:36:44] utils.py(229) : Rank 0 >> Epoch 1: Train (40%)
[2026-09-04 02:36:44] utils.py(229) : [Construction] Score: 26.5534,  Loss: 613.8173,  Infeasible_rate: [100.0000%, 100.0000%], out: 77.1322, out_nodes: 24, Feasible_dist: 0.0000
[2026-09-04 02:36:44] utils.py(229) : [Improvement] Score: 145.5970 [BSF: 144.2867],  Loss: 9.8612,  Infeasible_rate: [100.0000%, 100.0000%], out: 152.6454, out_nodes: 55, Feasible_dist: 0.0000, Entropy: 2.4198
[2026-09-04 02:36:44] utils.py(229) : Diversity Loss: 9.5253, Constructive RL loss: 613.9126, Slack loss: 0.5907 (adds 61.38)
[2026-09-04 02:36:52] utils.py(229) : Rank 0 >> Epoch 1: Train (40%)
[2026-09-04 02:36:52] utils.py(229) : [Construction] Score: 26.5603,  Loss: 610.9619,  Infeasible_rate: [100.0000%, 100.0000%], out: 76.9823, out_nodes: 24, Feasible_dist: 0.0000
[2026-09-04 02:36:52] utils.py(229) : [Improvement] Score: 145.6226 [BSF: 144.2395],  Loss: 9.8623,  Infeasible_rate: [100.0000%, 100.0000%], out: 152.4870, out_nodes: 55, Feasible_dist: 0.0000, Entropy: 2.4191
[2026-09-04 02:36:52] utils.py(229) : Diversity Loss: 9.5266, Constructive RL loss: 611.0572, Slack loss: 0.5905 (adds 61.10)
[2026-09-04 02:37:00] utils.py(229) : Rank 0 >> Epoch 1: Train (40%)
[2026-09-04 02:37:00] utils.py(229) : [Construction] Score: 26.5561,  Loss: 613.7940,  Infeasible_rate: [100.0000%, 100.0000%], out: 76.9874, out_nodes: 24, Feasible_dist: 0.0000
[2026-09-04 02:37:00] utils.py(229) : [Improvement] Score: 145.6531 [BSF: 144.2791],  Loss: 9.9386,  Infeasible_rate: [100.0000%, 100.0000%], out: 152.6494, out_nodes: 55, Feasible_dist: 0.0000, Entropy: 2.4200
[2026-09-04 02:37:00] utils.py(229) : Diversity Loss: 9.5259, Constructive RL loss: 613.8893, Slack loss: 0.5907 (adds 61.38)
[2026-09-04 02:37:08] utils.py(229) : Rank 0 >> Epoch 1: Train (40%)
[2026-09-04 02:37:08] utils.py(229) : [Construction] Score: 26.5637,  Loss: 612.3902,  Infeasible_rate: [100.0000%, 100.0000%], out: 76.8799, out_nodes: 24, Feasible_dist: 0.0000
[2026-09-04 02:37:08] utils.py(229) : [Improvement] Score: 145.6103 [BSF: 144.2455],  Loss: 9.9106,  Infeasible_rate: [100.0000%, 100.0000%], out: 152.4433, out_nodes: 55, Feasible_dist: 0.0000, Entropy: 2.4203
[2026-09-04 02:37:08] utils.py(229) : Diversity Loss: 9.5254, Constructive RL loss: 612.4855, Slack loss: 0.5904 (adds 61.24)
[2026-09-04 02:37:15] utils.py(229) : Rank 0 >> Epoch 1: Train (40%)
[2026-09-04 02:37:15] utils.py(229) : [Construction] Score: 26.5422,  Loss: 612.7566,  Infeasible_rate: [100.0000%, 100.0000%], out: 76.9463, out_nodes: 24, Feasible_dist: 0.0000
[2026-09-04 02:37:15] utils.py(229) : [Improvement] Score: 145.6632 [BSF: 144.3107],  Loss: 9.8770,  Infeasible_rate: [100.0000%, 100.0000%], out: 152.4538, out_nodes: 55, Feasible_dist: 0.0000, Entropy: 2.4201
[2026-09-04 02:37:15] utils.py(229) : Diversity Loss: 9.5263, Constructive RL loss: 612.8519, Slack loss: 0.5903 (adds 61.28)
[2026-09-04 02:37:24] utils.py(229) : Rank 0 >> Epoch 1: Train (40%)
[2026-09-04 02:37:24] utils.py(229) : [Construction] Score: 26.5590,  Loss: 612.1777,  Infeasible_rate: [100.0000%, 100.0000%], out: 77.0045, out_nodes: 24, Feasible_dist: 0.0000
[2026-09-04 02:37:24] utils.py(229) : [Improvement] Score: 145.7568 [BSF: 144.4231],  Loss: 9.8582,  Infeasible_rate: [100.0000%, 100.0000%], out: 152.5211, out_nodes: 55, Feasible_dist: 0.0000, Entropy: 2.4198
[2026-09-04 02:37:24] utils.py(229) : Diversity Loss: 9.5263, Constructive RL loss: 612.2729, Slack loss: 0.5902 (adds 61.22)
[2026-09-04 02:37:33] utils.py(229) : Rank 0 >> Epoch 1: Train (45%)
[2026-09-04 02:37:33] utils.py(229) : [Construction] Score: 26.5781,  Loss: 604.8548,  Infeasible_rate: [100.0000%, 100.0000%], out: 76.3372, out_nodes: 24, Feasible_dist: 0.0000
[2026-09-04 02:37:33] utils.py(229) : [Improvement] Score: 144.8290 [BSF: 143.5116],  Loss: 9.7341,  Infeasible_rate: [100.0000%, 100.0000%], out: 150.9624, out_nodes: 55, Feasible_dist: 0.0000, Entropy: 2.4229
[2026-09-04 02:37:33] utils.py(229) : Diversity Loss: 9.5370, Constructive RL loss: 604.9502, Slack loss: 0.5875 (adds 60.49)
[2026-09-04 02:37:43] utils.py(229) : Rank 0 >> Epoch 1: Train (45%)
[2026-09-04 02:37:43] utils.py(229) : [Construction] Score: 26.6176,  Loss: 599.2380,  Infeasible_rate: [100.0000%, 100.0000%], out: 75.7087, out_nodes: 24, Feasible_dist: 0.0000
[2026-09-04 02:37:43] utils.py(229) : [Improvement] Score: 144.0294 [BSF: 142.7298],  Loss: 9.6258,  Infeasible_rate: [100.0000%, 100.0000%], out: 149.5097, out_nodes: 55, Feasible_dist: 0.0000, Entropy: 2.4261
[2026-09-04 02:37:43] utils.py(229) : Diversity Loss: 9.5481, Constructive RL loss: 599.3335, Slack loss: 0.5850 (adds 59.92)
[2026-09-04 02:37:53] utils.py(229) : Rank 0 >> Epoch 1: Train (45%)
[2026-09-04 02:37:53] utils.py(229) : [Construction] Score: 26.6471,  Loss: 592.8920,  Infeasible_rate: [100.0000%, 100.0000%], out: 75.0507, out_nodes: 24, Feasible_dist: 0.0000
[2026-09-04 02:37:53] utils.py(229) : [Improvement] Score: 143.1891 [BSF: 141.9060],  Loss: 9.5134,  Infeasible_rate: [100.0000%, 100.0000%], out: 148.0053, out_nodes: 54, Feasible_dist: 0.0000, Entropy: 2.4300
[2026-09-04 02:37:53] utils.py(229) : Diversity Loss: 9.5590, Constructive RL loss: 592.9876, Slack loss: 0.5825 (adds 59.29)
[2026-09-04 02:38:01] utils.py(229) : Rank 0 >> Epoch 1: Train (45%)
[2026-09-04 02:38:01] utils.py(229) : [Construction] Score: 26.6791,  Loss: 587.2430,  Infeasible_rate: [100.0000%, 100.0000%], out: 74.5080, out_nodes: 24, Feasible_dist: 0.0000
[2026-09-04 02:38:01] utils.py(229) : [Improvement] Score: 142.3840 [BSF: 141.1178],  Loss: 9.4122,  Infeasible_rate: [100.0000%, 100.0000%], out: 146.5787, out_nodes: 54, Feasible_dist: 0.0000, Entropy: 2.4338
[2026-09-04 02:38:01] utils.py(229) : Diversity Loss: 9.5687, Constructive RL loss: 587.3387, Slack loss: 0.5802 (adds 58.72)
[2026-09-04 02:38:10] utils.py(229) : Rank 0 >> Epoch 1: Train (45%)
[2026-09-04 02:38:10] utils.py(229) : [Construction] Score: 26.7099,  Loss: 581.1233,  Infeasible_rate: [100.0000%, 100.0000%], out: 73.9020, out_nodes: 24, Feasible_dist: 0.0000
[2026-09-04 02:38:10] utils.py(229) : [Improvement] Score: 141.6020 [BSF: 140.3493],  Loss: 9.3095,  Infeasible_rate: [100.0000%, 100.0000%], out: 145.2214, out_nodes: 54, Feasible_dist: 0.0000, Entropy: 2.4377
[2026-09-04 02:38:10] utils.py(229) : Diversity Loss: 9.5780, Constructive RL loss: 581.2191, Slack loss: 0.5779 (adds 58.11)
[2026-09-04 02:38:17] utils.py(229) : Rank 0 >> Epoch 1: Train (45%)
[2026-09-04 02:38:17] utils.py(229) : [Construction] Score: 26.7378,  Loss: 575.2501,  Infeasible_rate: [100.0000%, 100.0000%], out: 73.3536, out_nodes: 24, Feasible_dist: 0.0000
[2026-09-04 02:38:17] utils.py(229) : [Improvement] Score: 140.8306 [BSF: 139.5939],  Loss: 9.1984,  Infeasible_rate: [100.0000%, 100.0000%], out: 143.9021, out_nodes: 53, Feasible_dist: 0.0000, Entropy: 2.4404
[2026-09-04 02:38:17] utils.py(229) : Diversity Loss: 9.5872, Constructive RL loss: 575.3459, Slack loss: 0.5758 (adds 57.53)
[2026-09-04 02:38:26] utils.py(229) : Rank 0 >> Epoch 1: Train (45%)
[2026-09-04 02:38:26] utils.py(229) : [Construction] Score: 26.7644,  Loss: 570.1873,  Infeasible_rate: [100.0000%, 100.0000%], out: 72.7290, out_nodes: 24, Feasible_dist: 0.0000
[2026-09-04 02:38:26] utils.py(229) : [Improvement] Score: 139.9977 [BSF: 138.7565],  Loss: 9.0894,  Infeasible_rate: [100.0000%, 100.0000%], out: 142.5234, out_nodes: 53, Feasible_dist: 0.0000, Entropy: 2.4438
[2026-09-04 02:38:26] utils.py(229) : Diversity Loss: 9.5990, Constructive RL loss: 570.2833, Slack loss: 0.5735 (adds 57.02)
[2026-09-04 02:38:35] utils.py(229) : Rank 0 >> Epoch 1: Train (45%)
[2026-09-04 02:38:35] utils.py(229) : [Construction] Score: 26.7985,  Loss: 564.7289,  Infeasible_rate: [100.0000%, 100.0000%], out: 72.1271, out_nodes: 24, Feasible_dist: 0.0000
[2026-09-04 02:38:35] utils.py(229) : [Improvement] Score: 139.2333 [BSF: 138.0039],  Loss: 8.9836,  Infeasible_rate: [100.0000%, 100.0000%], out: 141.2109, out_nodes: 53, Feasible_dist: 0.0000, Entropy: 2.4468
[2026-09-04 02:38:35] utils.py(229) : Diversity Loss: 9.6089, Constructive RL loss: 564.8250, Slack loss: 0.5712 (adds 56.47)
[2026-09-04 02:38:45] utils.py(229) : Rank 0 >> Epoch 1: Train (50%)
[2026-09-04 02:38:45] utils.py(229) : [Construction] Score: 26.8636,  Loss: 556.9553,  Infeasible_rate: [100.0000%, 100.0000%], out: 71.3561, out_nodes: 23, Feasible_dist: 0.0000
[2026-09-04 02:38:45] utils.py(229) : [Improvement] Score: 138.2951 [BSF: 137.0779],  Loss: 8.8684,  Infeasible_rate: [100.0000%, 100.0000%], out: 139.6549, out_nodes: 52, Feasible_dist: 0.0000, Entropy: 2.4511
[2026-09-04 02:38:45] utils.py(229) : Diversity Loss: 9.6281, Constructive RL loss: 557.0516, Slack loss: 0.5675 (adds 55.86)
[2026-09-04 02:38:56] utils.py(229) : Rank 0 >> Epoch 1: Train (50%)
[2026-09-04 02:38:56] utils.py(229) : [Construction] Score: 26.9289,  Loss: 550.0262,  Infeasible_rate: [100.0000%, 100.0000%], out: 70.6130, out_nodes: 23, Feasible_dist: 0.0000
[2026-09-04 02:38:56] utils.py(229) : [Improvement] Score: 137.3811 [BSF: 136.1775],  Loss: 8.7517,  Infeasible_rate: [100.0000%, 100.0000%], out: 138.1427, out_nodes: 52, Feasible_dist: 0.0000, Entropy: 2.4550
[2026-09-04 02:38:56] utils.py(229) : Diversity Loss: 9.6462, Constructive RL loss: 550.1227, Slack loss: 0.5639 (adds 55.19)
[2026-09-04 02:39:07] utils.py(229) : Rank 0 >> Epoch 1: Train (50%)
[2026-09-04 02:39:07] utils.py(229) : [Construction] Score: 27.0031,  Loss: 543.2065,  Infeasible_rate: [100.0000%, 100.0000%], out: 69.8491, out_nodes: 23, Feasible_dist: 0.0000
[2026-09-04 02:39:07] utils.py(229) : [Improvement] Score: 136.5039 [BSF: 135.3133],  Loss: 8.6437,  Infeasible_rate: [100.0000%, 100.0000%], out: 136.6306, out_nodes: 52, Feasible_dist: 0.0000, Entropy: 2.4588
[2026-09-04 02:39:07] utils.py(229) : Diversity Loss: 9.6653, Constructive RL loss: 543.3032, Slack loss: 0.5603 (adds 54.54)
[2026-09-04 02:39:16] utils.py(229) : Rank 0 >> Epoch 1: Train (50%)
[2026-09-04 02:39:16] utils.py(229) : [Construction] Score: 27.0710,  Loss: 536.2940,  Infeasible_rate: [100.0000%, 100.0000%], out: 69.1543, out_nodes: 23, Feasible_dist: 0.0000
[2026-09-04 02:39:16] utils.py(229) : [Improvement] Score: 135.6697 [BSF: 134.4930],  Loss: 8.5422,  Infeasible_rate: [100.0000%, 100.0000%], out: 135.1960, out_nodes: 51, Feasible_dist: 0.0000, Entropy: 2.4622
[2026-09-04 02:39:16] utils.py(229) : Diversity Loss: 9.6818, Constructive RL loss: 536.3908, Slack loss: 0.5571 (adds 53.94)
[2026-09-04 02:39:27] utils.py(229) : Rank 0 >> Epoch 1: Train (50%)
[2026-09-04 02:39:27] utils.py(229) : [Construction] Score: 27.1255,  Loss: 529.7873,  Infeasible_rate: [100.0000%, 100.0000%], out: 68.4256, out_nodes: 23, Feasible_dist: 0.0000
[2026-09-04 02:39:27] utils.py(229) : [Improvement] Score: 134.7824 [BSF: 133.6109],  Loss: 8.4458,  Infeasible_rate: [100.0000%, 100.0000%], out: 133.7599, out_nodes: 51, Feasible_dist: 0.0000, Entropy: 2.4660
[2026-09-04 02:39:27] utils.py(229) : Diversity Loss: 9.6986, Constructive RL loss: 529.8843, Slack loss: 0.5539 (adds 53.32)
[2026-09-04 02:39:37] utils.py(229) : Rank 0 >> Epoch 1: Train (50%)
[2026-09-04 02:39:37] utils.py(229) : [Construction] Score: 27.1883,  Loss: 523.7189,  Infeasible_rate: [100.0000%, 100.0000%], out: 67.7245, out_nodes: 23, Feasible_dist: 0.0000
[2026-09-04 02:39:37] utils.py(229) : [Improvement] Score: 133.9500 [BSF: 132.7902],  Loss: 8.3452,  Infeasible_rate: [100.0000%, 100.0000%], out: 132.3614, out_nodes: 51, Feasible_dist: 0.0000, Entropy: 2.4689
[2026-09-04 02:39:37] utils.py(229) : Diversity Loss: 9.7161, Constructive RL loss: 523.8160, Slack loss: 0.5507 (adds 52.71)
[2026-09-04 02:39:46] utils.py(229) : Rank 0 >> Epoch 1: Train (50%)
[2026-09-04 02:39:46] utils.py(229) : [Construction] Score: 27.2532,  Loss: 517.3146,  Infeasible_rate: [100.0000%, 100.0000%], out: 67.0685, out_nodes: 22, Feasible_dist: 0.0000
[2026-09-04 02:39:46] utils.py(229) : [Improvement] Score: 133.1685 [BSF: 132.0201],  Loss: 8.2471,  Infeasible_rate: [100.0000%, 100.0000%], out: 131.0151, out_nodes: 50, Feasible_dist: 0.0000, Entropy: 2.4715
[2026-09-04 02:39:46] utils.py(229) : Diversity Loss: 9.7322, Constructive RL loss: 517.4119, Slack loss: 0.5476 (adds 52.14)
[2026-09-04 02:39:57] utils.py(229) : Rank 0 >> Epoch 1: Train (50%)
[2026-09-04 02:39:57] utils.py(229) : [Construction] Score: 27.3103,  Loss: 511.1567,  Infeasible_rate: [100.0000%, 100.0000%], out: 66.3986, out_nodes: 22, Feasible_dist: 0.0000
[2026-09-04 02:39:57] utils.py(229) : [Improvement] Score: 132.3601 [BSF: 131.2209],  Loss: 8.1471,  Infeasible_rate: [100.0000%, 100.0000%], out: 129.6655, out_nodes: 50, Feasible_dist: 0.0000, Entropy: 2.4750
[2026-09-04 02:39:57] utils.py(229) : Diversity Loss: 9.7472, Constructive RL loss: 511.2542, Slack loss: 0.5445 (adds 51.58)
[2026-09-04 02:40:08] utils.py(229) : Rank 0 >> Epoch 1: Train (55%)
[2026-09-04 02:40:08] utils.py(229) : [Construction] Score: 27.4039,  Loss: 505.2326,  Infeasible_rate: [100.0000%, 100.0000%], out: 65.6967, out_nodes: 22, Feasible_dist: 0.0000
[2026-09-04 02:40:08] utils.py(229) : [Improvement] Score: 131.5245 [BSF: 130.3978],  Loss: 8.0548,  Infeasible_rate: [100.0000%, 100.0000%], out: 128.2858, out_nodes: 50, Feasible_dist: 0.0000, Entropy: 2.4787
[2026-09-04 02:40:08] utils.py(229) : Diversity Loss: 9.7654, Constructive RL loss: 505.3303, Slack loss: 0.5409 (adds 51.02)
[2026-09-04 02:40:32] utils.py(229) : Rank 0 >> Epoch 1: Train (55%)
[2026-09-04 02:40:32] utils.py(229) : [Construction] Score: 27.4956,  Loss: 499.3831,  Infeasible_rate: [100.0000%, 100.0000%], out: 65.0201, out_nodes: 22, Feasible_dist: 0.0000
[2026-09-04 02:40:32] utils.py(229) : [Improvement] Score: 130.7108 [BSF: 129.5959],  Loss: 7.9632,  Infeasible_rate: [100.0000%, 100.0000%], out: 126.9429, out_nodes: 49, Feasible_dist: 0.0000, Entropy: 2.4818
[2026-09-04 02:40:32] utils.py(229) : Diversity Loss: 9.7837, Constructive RL loss: 499.4810, Slack loss: 0.5375 (adds 50.48)
[2026-09-04 02:40:40] utils.py(229) : Rank 0 >> Epoch 1: Train (55%)
[2026-09-04 02:40:40] utils.py(229) : [Construction] Score: 27.5631,  Loss: 493.5129,  Infeasible_rate: [100.0000%, 100.0000%], out: 64.3452, out_nodes: 22, Feasible_dist: 0.0000
[2026-09-04 02:40:40] utils.py(229) : [Improvement] Score: 129.8871 [BSF: 128.7792],  Loss: 7.8754,  Infeasible_rate: [100.0000%, 100.0000%], out: 125.6316, out_nodes: 49, Feasible_dist: 0.0000, Entropy: 2.4857
[2026-09-04 02:40:40] utils.py(229) : Diversity Loss: 9.8023, Constructive RL loss: 493.6109, Slack loss: 0.5341 (adds 49.96)
[2026-09-04 02:40:50] utils.py(229) : Rank 0 >> Epoch 1: Train (55%)
[2026-09-04 02:40:50] utils.py(229) : [Construction] Score: 27.6584,  Loss: 487.8228,  Infeasible_rate: [100.0000%, 100.0000%], out: 63.6844, out_nodes: 21, Feasible_dist: 0.0000
[2026-09-04 02:40:50] utils.py(229) : [Improvement] Score: 129.1157 [BSF: 128.0163],  Loss: 7.7894,  Infeasible_rate: [100.0000%, 100.0000%], out: 124.3402, out_nodes: 48, Feasible_dist: 0.0000, Entropy: 2.4894
[2026-09-04 02:40:50] utils.py(229) : Diversity Loss: 9.8198, Constructive RL loss: 487.9210, Slack loss: 0.5306 (adds 49.45)
[2026-09-04 02:40:59] utils.py(229) : Rank 0 >> Epoch 1: Train (55%)
[2026-09-04 02:40:59] utils.py(229) : [Construction] Score: 27.7250,  Loss: 482.1663,  Infeasible_rate: [100.0000%, 100.0000%], out: 63.0356, out_nodes: 21, Feasible_dist: 0.0000
[2026-09-04 02:40:59] utils.py(229) : [Improvement] Score: 128.3255 [BSF: 127.2376],  Loss: 7.7069,  Infeasible_rate: [100.0000%, 100.0000%], out: 123.0796, out_nodes: 48, Feasible_dist: 0.0000, Entropy: 2.4926
[2026-09-04 02:40:59] utils.py(229) : Diversity Loss: 9.8372, Constructive RL loss: 482.2647, Slack loss: 0.5274 (adds 48.96)
[2026-09-04 02:41:09] utils.py(229) : Rank 0 >> Epoch 1: Train (55%)
[2026-09-04 02:41:09] utils.py(229) : [Construction] Score: 27.8175,  Loss: 476.6663,  Infeasible_rate: [100.0000%, 100.0000%], out: 62.4034, out_nodes: 21, Feasible_dist: 0.0000
[2026-09-04 02:41:09] utils.py(229) : [Improvement] Score: 127.5934 [BSF: 126.5154],  Loss: 7.6257,  Infeasible_rate: [100.0000%, 100.0000%], out: 121.8514, out_nodes: 48, Feasible_dist: 0.0000, Entropy: 2.4955
[2026-09-04 02:41:09] utils.py(229) : Diversity Loss: 9.8562, Constructive RL loss: 476.7649, Slack loss: 0.5241 (adds 48.47)
[2026-09-04 02:41:18] utils.py(229) : Rank 0 >> Epoch 1: Train (55%)
[2026-09-04 02:41:18] utils.py(229) : [Construction] Score: 27.8931,  Loss: 471.4125,  Infeasible_rate: [100.0000%, 100.0000%], out: 61.7845, out_nodes: 21, Feasible_dist: 0.0000
[2026-09-04 02:41:18] utils.py(229) : [Improvement] Score: 126.8607 [BSF: 125.7912],  Loss: 7.5448,  Infeasible_rate: [100.0000%, 100.0000%], out: 120.6382, out_nodes: 47, Feasible_dist: 0.0000, Entropy: 2.4994
[2026-09-04 02:41:18] utils.py(229) : Diversity Loss: 9.8722, Constructive RL loss: 471.5112, Slack loss: 0.5210 (adds 47.99)
[2026-09-04 02:41:27] utils.py(229) : Rank 0 >> Epoch 1: Train (55%)
[2026-09-04 02:41:27] utils.py(229) : [Construction] Score: 27.9801,  Loss: 466.2685,  Infeasible_rate: [100.0000%, 100.0000%], out: 61.1721, out_nodes: 21, Feasible_dist: 0.0000
[2026-09-04 02:41:27] utils.py(229) : [Improvement] Score: 126.1453 [BSF: 125.0830],  Loss: 7.4662,  Infeasible_rate: [100.0000%, 100.0000%], out: 119.4475, out_nodes: 47, Feasible_dist: 0.0000, Entropy: 2.5027
[2026-09-04 02:41:27] utils.py(229) : Diversity Loss: 9.8875, Constructive RL loss: 466.3673, Slack loss: 0.5179 (adds 47.51)
[2026-09-04 02:41:36] utils.py(229) : Rank 0 >> Epoch 1: Train (60%)
[2026-09-04 02:41:36] utils.py(229) : [Construction] Score: 28.0790,  Loss: 461.3200,  Infeasible_rate: [100.0000%, 100.0000%], out: 60.5611, out_nodes: 21, Feasible_dist: 0.0000
[2026-09-04 02:41:36] utils.py(229) : [Improvement] Score: 125.4533 [BSF: 124.3938],  Loss: 7.3896,  Infeasible_rate: [100.0000%, 100.0000%], out: 118.2718, out_nodes: 47, Feasible_dist: 0.0000, Entropy: 2.5062
[2026-09-04 02:41:36] utils.py(229) : Diversity Loss: 9.9051, Constructive RL loss: 461.4191, Slack loss: 0.5146 (adds 47.04)
[2026-09-04 02:41:44] utils.py(229) : Rank 0 >> Epoch 1: Train (60%)
[2026-09-04 02:41:44] utils.py(229) : [Construction] Score: 28.1777,  Loss: 456.4278,  Infeasible_rate: [100.0000%, 100.0000%], out: 59.9627, out_nodes: 20, Feasible_dist: 0.0000
[2026-09-04 02:41:44] utils.py(229) : [Improvement] Score: 124.7540 [BSF: 123.7025],  Loss: 7.3143,  Infeasible_rate: [100.0000%, 100.0000%], out: 117.1168, out_nodes: 46, Feasible_dist: 0.0000, Entropy: 2.5092
[2026-09-04 02:41:44] utils.py(229) : Diversity Loss: 9.9236, Constructive RL loss: 456.5270, Slack loss: 0.5113 (adds 46.57)
[2026-09-04 02:41:53] utils.py(229) : Rank 0 >> Epoch 1: Train (60%)
[2026-09-04 02:41:53] utils.py(229) : [Construction] Score: 28.2906,  Loss: 451.5858,  Infeasible_rate: [100.0000%, 100.0000%], out: 59.3709, out_nodes: 20, Feasible_dist: 0.0000
[2026-09-04 02:41:53] utils.py(229) : [Improvement] Score: 124.0758 [BSF: 123.0313],  Loss: 7.2392,  Infeasible_rate: [100.0000%, 100.0000%], out: 115.9748, out_nodes: 46, Feasible_dist: 0.0000, Entropy: 2.5126
[2026-09-04 02:41:53] utils.py(229) : Diversity Loss: 9.9397, Constructive RL loss: 451.6852, Slack loss: 0.5081 (adds 46.13)
[2026-09-04 02:42:03] utils.py(229) : Rank 0 >> Epoch 1: Train (60%)
[2026-09-04 02:42:03] utils.py(229) : [Construction] Score: 28.3608,  Loss: 446.9055,  Infeasible_rate: [100.0000%, 100.0000%], out: 58.7953, out_nodes: 20, Feasible_dist: 0.0000
[2026-09-04 02:42:03] utils.py(229) : [Improvement] Score: 123.3599 [BSF: 122.3220],  Loss: 7.1655,  Infeasible_rate: [100.0000%, 100.0000%], out: 114.8591, out_nodes: 46, Feasible_dist: 0.0000, Entropy: 2.5157
[2026-09-04 02:42:03] utils.py(229) : Diversity Loss: 9.9560, Constructive RL loss: 447.0051, Slack loss: 0.5050 (adds 45.68)
[2026-09-04 02:42:13] utils.py(229) : Rank 0 >> Epoch 1: Train (60%)
[2026-09-04 02:42:13] utils.py(229) : [Construction] Score: 28.4483,  Loss: 442.2682,  Infeasible_rate: [100.0000%, 100.0000%], out: 58.2291, out_nodes: 20, Feasible_dist: 0.0000
[2026-09-04 02:42:13] utils.py(229) : [Improvement] Score: 122.6890 [BSF: 121.6591],  Loss: 7.0948,  Infeasible_rate: [100.0000%, 100.0000%], out: 113.7650, out_nodes: 45, Feasible_dist: 0.0000, Entropy: 2.5193
[2026-09-04 02:42:13] utils.py(229) : Diversity Loss: 9.9722, Constructive RL loss: 442.3679, Slack loss: 0.5019 (adds 45.25)
[2026-09-04 02:42:25] utils.py(229) : Rank 0 >> Epoch 1: Train (60%)
[2026-09-04 02:42:25] utils.py(229) : [Construction] Score: 28.5437,  Loss: 437.6503,  Infeasible_rate: [100.0000%, 100.0000%], out: 57.6747, out_nodes: 20, Feasible_dist: 0.0000
[2026-09-04 02:42:25] utils.py(229) : [Improvement] Score: 122.0633 [BSF: 121.0407],  Loss: 7.0265,  Infeasible_rate: [100.0000%, 100.0000%], out: 112.6955, out_nodes: 45, Feasible_dist: 0.0000, Entropy: 2.5228
[2026-09-04 02:42:25] utils.py(229) : Diversity Loss: 9.9883, Constructive RL loss: 437.7502, Slack loss: 0.4988 (adds 44.84)
[2026-09-04 02:42:35] utils.py(229) : Rank 0 >> Epoch 1: Train (60%)
[2026-09-04 02:42:35] utils.py(229) : [Construction] Score: 28.6250,  Loss: 433.2068,  Infeasible_rate: [100.0000%, 100.0000%], out: 57.1325, out_nodes: 20, Feasible_dist: 0.0000
[2026-09-04 02:42:35] utils.py(229) : [Improvement] Score: 121.4228 [BSF: 120.4046],  Loss: 6.9584,  Infeasible_rate: [100.0000%, 100.0000%], out: 111.6494, out_nodes: 45, Feasible_dist: 0.0000, Entropy: 2.5259
[2026-09-04 02:42:35] utils.py(229) : Diversity Loss: 10.0027, Constructive RL loss: 433.3068, Slack loss: 0.4960 (adds 44.42)
[2026-09-04 02:42:46] utils.py(229) : Rank 0 >> Epoch 1: Train (60%)
[2026-09-04 02:42:46] utils.py(229) : [Construction] Score: 28.7279,  Loss: 428.7887,  Infeasible_rate: [100.0000%, 100.0000%], out: 56.5965, out_nodes: 19, Feasible_dist: 0.0000
[2026-09-04 02:42:46] utils.py(229) : [Improvement] Score: 120.8097 [BSF: 119.7953],  Loss: 6.8920,  Infeasible_rate: [100.0000%, 100.0000%], out: 110.6190, out_nodes: 44, Feasible_dist: 0.0000, Entropy: 2.5289
[2026-09-04 02:42:46] utils.py(229) : Diversity Loss: 10.0190, Constructive RL loss: 428.8889, Slack loss: 0.4930 (adds 44.02)
[2026-09-04 02:42:58] utils.py(229) : Rank 0 >> Epoch 1: Train (65%)
[2026-09-04 02:42:58] utils.py(229) : [Construction] Score: 28.8199,  Loss: 424.5685,  Infeasible_rate: [100.0000%, 100.0000%], out: 56.0659, out_nodes: 19, Feasible_dist: 0.0000
[2026-09-04 02:42:58] utils.py(229) : [Improvement] Score: 120.1838 [BSF: 119.1768],  Loss: 6.8258,  Infeasible_rate: [100.0000%, 100.0000%], out: 109.5996, out_nodes: 44, Feasible_dist: 0.0000, Entropy: 2.5323
[2026-09-04 02:42:58] utils.py(229) : Diversity Loss: 10.0338, Constructive RL loss: 424.6688, Slack loss: 0.4901 (adds 43.61)
[2026-09-04 02:43:09] utils.py(229) : Rank 0 >> Epoch 1: Train (65%)
[2026-09-04 02:43:09] utils.py(229) : [Construction] Score: 28.9021,  Loss: 420.4028,  Infeasible_rate: [100.0000%, 100.0000%], out: 55.5464, out_nodes: 19, Feasible_dist: 0.0000
[2026-09-04 02:43:09] utils.py(229) : [Improvement] Score: 119.5584 [BSF: 118.5542],  Loss: 6.7615,  Infeasible_rate: [100.0000%, 100.0000%], out: 108.6006, out_nodes: 44, Feasible_dist: 0.0000, Entropy: 2.5354
[2026-09-04 02:43:09] utils.py(229) : Diversity Loss: 10.0505, Constructive RL loss: 420.5033, Slack loss: 0.4871 (adds 43.22)
[2026-09-04 02:43:19] utils.py(229) : Rank 0 >> Epoch 1: Train (65%)
[2026-09-04 02:43:19] utils.py(229) : [Construction] Score: 29.0091,  Loss: 416.3309,  Infeasible_rate: [100.0000%, 100.0000%], out: 55.0382, out_nodes: 19, Feasible_dist: 0.0000
[2026-09-04 02:43:19] utils.py(229) : [Improvement] Score: 118.9802 [BSF: 117.9826],  Loss: 6.6985,  Infeasible_rate: [100.0000%, 100.0000%], out: 107.6187, out_nodes: 44, Feasible_dist: 0.0000, Entropy: 2.5388
[2026-09-04 02:43:19] utils.py(229) : Diversity Loss: 10.0652, Constructive RL loss: 416.4316, Slack loss: 0.4842 (adds 42.83)
[2026-09-04 02:43:29] utils.py(229) : Rank 0 >> Epoch 1: Train (65%)
[2026-09-04 02:43:29] utils.py(229) : [Construction] Score: 29.1175,  Loss: 412.3509,  Infeasible_rate: [100.0000%, 100.0000%], out: 54.5363, out_nodes: 19, Feasible_dist: 0.0000
[2026-09-04 02:43:29] utils.py(229) : [Improvement] Score: 118.3990 [BSF: 117.4056],  Loss: 6.6372,  Infeasible_rate: [100.0000%, 100.0000%], out: 106.6531, out_nodes: 43, Feasible_dist: 0.0000, Entropy: 2.5421
[2026-09-04 02:43:29] utils.py(229) : Diversity Loss: 10.0801, Constructive RL loss: 412.4517, Slack loss: 0.4815 (adds 42.44)
[2026-09-04 02:43:38] utils.py(229) : Rank 0 >> Epoch 1: Train (65%)
[2026-09-04 02:43:38] utils.py(229) : [Construction] Score: 29.2262,  Loss: 408.4369,  Infeasible_rate: [100.0000%, 100.0000%], out: 54.0467, out_nodes: 19, Feasible_dist: 0.0000
[2026-09-04 02:43:38] utils.py(229) : [Improvement] Score: 117.8483 [BSF: 116.8615],  Loss: 6.5759,  Infeasible_rate: [100.0000%, 100.0000%], out: 105.7067, out_nodes: 43, Feasible_dist: 0.0000, Entropy: 2.5454
[2026-09-04 02:43:38] utils.py(229) : Diversity Loss: 10.0958, Constructive RL loss: 408.5379, Slack loss: 0.4786 (adds 42.07)
[2026-09-04 02:43:48] utils.py(229) : Rank 0 >> Epoch 1: Train (65%)
[2026-09-04 02:43:48] utils.py(229) : [Construction] Score: 29.3159,  Loss: 404.6017,  Infeasible_rate: [100.0000%, 100.0000%], out: 53.5628, out_nodes: 18, Feasible_dist: 0.0000
[2026-09-04 02:43:48] utils.py(229) : [Improvement] Score: 117.2758 [BSF: 116.2925],  Loss: 6.5163,  Infeasible_rate: [100.0000%, 100.0000%], out: 104.7770, out_nodes: 43, Feasible_dist: 0.0000, Entropy: 2.5484
[2026-09-04 02:43:48] utils.py(229) : Diversity Loss: 10.1101, Constructive RL loss: 404.7028, Slack loss: 0.4758 (adds 41.70)
[2026-09-04 02:43:58] utils.py(229) : Rank 0 >> Epoch 1: Train (65%)
[2026-09-04 02:43:58] utils.py(229) : [Construction] Score: 29.4013,  Loss: 400.8164,  Infeasible_rate: [100.0000%, 100.0000%], out: 53.0899, out_nodes: 18, Feasible_dist: 0.0000
[2026-09-04 02:43:58] utils.py(229) : [Improvement] Score: 116.7220 [BSF: 115.7454],  Loss: 6.4585,  Infeasible_rate: [100.0000%, 100.0000%], out: 103.8697, out_nodes: 42, Feasible_dist: 0.0000, Entropy: 2.5511
[2026-09-04 02:43:58] utils.py(229) : Diversity Loss: 10.1232, Constructive RL loss: 400.9176, Slack loss: 0.4732 (adds 41.33)
[2026-09-04 02:44:08] utils.py(229) : Rank 0 >> Epoch 1: Train (65%)
[2026-09-04 02:44:08] utils.py(229) : [Construction] Score: 29.5116,  Loss: 397.2164,  Infeasible_rate: [100.0000%, 100.0000%], out: 52.6223, out_nodes: 18, Feasible_dist: 0.0000
[2026-09-04 02:44:08] utils.py(229) : [Improvement] Score: 116.2085 [BSF: 115.2370],  Loss: 6.4009,  Infeasible_rate: [100.0000%, 100.0000%], out: 102.9760, out_nodes: 42, Feasible_dist: 0.0000, Entropy: 2.5537
[2026-09-04 02:44:08] utils.py(229) : Diversity Loss: 10.1350, Constructive RL loss: 397.3178, Slack loss: 0.4706 (adds 40.97)
[2026-09-04 02:44:20] utils.py(229) : Rank 0 >> Epoch 1: Train (70%)
[2026-09-04 02:44:20] utils.py(229) : [Construction] Score: 29.6023,  Loss: 393.6152,  Infeasible_rate: [100.0000%, 100.0000%], out: 52.1586, out_nodes: 18, Feasible_dist: 0.0000
[2026-09-04 02:44:20] utils.py(229) : [Improvement] Score: 115.6568 [BSF: 114.6894],  Loss: 6.3441,  Infeasible_rate: [100.0000%, 100.0000%], out: 102.0878, out_nodes: 42, Feasible_dist: 0.0000, Entropy: 2.5560
[2026-09-04 02:44:20] utils.py(229) : Diversity Loss: 10.1485, Constructive RL loss: 393.7167, Slack loss: 0.4679 (adds 40.61)
[2026-09-04 02:44:32] utils.py(229) : Rank 0 >> Epoch 1: Train (70%)
[2026-09-04 02:44:32] utils.py(229) : [Construction] Score: 29.6974,  Loss: 390.0863,  Infeasible_rate: [100.0000%, 100.0000%], out: 51.7057, out_nodes: 18, Feasible_dist: 0.0000
[2026-09-04 02:44:32] utils.py(229) : [Improvement] Score: 115.1371 [BSF: 114.1761],  Loss: 6.2882,  Infeasible_rate: [100.0000%, 100.0000%], out: 101.2208, out_nodes: 42, Feasible_dist: 0.0000, Entropy: 2.5594
[2026-09-04 02:44:32] utils.py(229) : Diversity Loss: 10.1607, Constructive RL loss: 390.1879, Slack loss: 0.4653 (adds 40.27)
[2026-09-04 02:45:03] utils.py(229) : Rank 0 >> Epoch 1: Train (70%)
[2026-09-04 02:45:03] utils.py(229) : [Construction] Score: 29.7902,  Loss: 386.6060,  Infeasible_rate: [100.0000%, 100.0000%], out: 51.2604, out_nodes: 18, Feasible_dist: 0.0000
[2026-09-04 02:45:03] utils.py(229) : [Improvement] Score: 114.6179 [BSF: 113.6614],  Loss: 6.2340,  Infeasible_rate: [100.0000%, 100.0000%], out: 100.3652, out_nodes: 41, Feasible_dist: 0.0000, Entropy: 2.5614
[2026-09-04 02:45:03] utils.py(229) : Diversity Loss: 10.1719, Constructive RL loss: 386.7077, Slack loss: 0.4627 (adds 39.92)
[2026-09-04 02:45:14] utils.py(229) : Rank 0 >> Epoch 1: Train (70%)
[2026-09-04 02:45:14] utils.py(229) : [Construction] Score: 29.8819,  Loss: 383.2158,  Infeasible_rate: [100.0000%, 100.0000%], out: 50.8219, out_nodes: 18, Feasible_dist: 0.0000
[2026-09-04 02:45:14] utils.py(229) : [Improvement] Score: 114.1014 [BSF: 113.1484],  Loss: 6.1809,  Infeasible_rate: [100.0000%, 100.0000%], out: 99.5266, out_nodes: 41, Feasible_dist: 0.0000, Entropy: 2.5638
[2026-09-04 02:45:14] utils.py(229) : Diversity Loss: 10.1843, Constructive RL loss: 383.3176, Slack loss: 0.4602 (adds 39.59)
[2026-09-04 02:45:30] utils.py(229) : Rank 0 >> Epoch 1: Train (70%)
[2026-09-04 02:45:30] utils.py(229) : [Construction] Score: 29.9665,  Loss: 379.8764,  Infeasible_rate: [100.0000%, 100.0000%], out: 50.3901, out_nodes: 17, Feasible_dist: 0.0000
[2026-09-04 02:45:30] utils.py(229) : [Improvement] Score: 113.5910 [BSF: 112.6400],  Loss: 6.1277,  Infeasible_rate: [100.0000%, 100.0000%], out: 98.7012, out_nodes: 41, Feasible_dist: 0.0000, Entropy: 2.5664
[2026-09-04 02:45:30] utils.py(229) : Diversity Loss: 10.1957, Constructive RL loss: 379.9783, Slack loss: 0.4577 (adds 39.25)
[2026-09-04 02:45:41] utils.py(229) : Rank 0 >> Epoch 1: Train (70%)
[2026-09-04 02:45:41] utils.py(229) : [Construction] Score: 30.0387,  Loss: 376.5451,  Infeasible_rate: [100.0000%, 100.0000%], out: 49.9666, out_nodes: 17, Feasible_dist: 0.0000
[2026-09-04 02:45:41] utils.py(229) : [Improvement] Score: 113.0778 [BSF: 112.1323],  Loss: 6.0753,  Infeasible_rate: [100.0000%, 100.0000%], out: 97.8881, out_nodes: 41, Feasible_dist: 0.0000, Entropy: 2.5691
[2026-09-04 02:45:41] utils.py(229) : Diversity Loss: 10.2090, Constructive RL loss: 376.6472, Slack loss: 0.4553 (adds 38.93)
[2026-09-04 02:45:51] utils.py(229) : Rank 0 >> Epoch 1: Train (70%)
[2026-09-04 02:45:51] utils.py(229) : [Construction] Score: 30.1250,  Loss: 373.2901,  Infeasible_rate: [100.0000%, 100.0000%], out: 49.5507, out_nodes: 17, Feasible_dist: 0.0000
[2026-09-04 02:45:51] utils.py(229) : [Improvement] Score: 112.5976 [BSF: 111.6568],  Loss: 6.0249,  Infeasible_rate: [100.0000%, 100.0000%], out: 97.0917, out_nodes: 40, Feasible_dist: 0.0000, Entropy: 2.5714
[2026-09-04 02:45:51] utils.py(229) : Diversity Loss: 10.2210, Constructive RL loss: 373.3923, Slack loss: 0.4529 (adds 38.61)
[2026-09-04 02:46:02] utils.py(229) : Rank 0 >> Epoch 1: Train (70%)
[2026-09-04 02:46:02] utils.py(229) : [Construction] Score: 30.2140,  Loss: 370.0860,  Infeasible_rate: [100.0000%, 100.0000%], out: 49.1402, out_nodes: 17, Feasible_dist: 0.0000
[2026-09-04 02:46:02] utils.py(229) : [Improvement] Score: 112.1218 [BSF: 111.1852],  Loss: 5.9747,  Infeasible_rate: [100.0000%, 100.0000%], out: 96.3075, out_nodes: 40, Feasible_dist: 0.0000, Entropy: 2.5746
[2026-09-04 02:46:02] utils.py(229) : Diversity Loss: 10.2305, Constructive RL loss: 370.1883, Slack loss: 0.4506 (adds 38.30)
[2026-09-04 02:46:12] utils.py(229) : Rank 0 >> Epoch 1: Train (75%)
[2026-09-04 02:46:12] utils.py(229) : [Construction] Score: 30.3286,  Loss: 366.9866,  Infeasible_rate: [100.0000%, 100.0000%], out: 48.7351, out_nodes: 17, Feasible_dist: 0.0000
[2026-09-04 02:46:12] utils.py(229) : [Improvement] Score: 111.6800 [BSF: 110.7491],  Loss: 5.9254,  Infeasible_rate: [100.0000%, 100.0000%], out: 95.5330, out_nodes: 40, Feasible_dist: 0.0000, Entropy: 2.5767
[2026-09-04 02:46:12] utils.py(229) : Diversity Loss: 10.2414, Constructive RL loss: 367.0890, Slack loss: 0.4481 (adds 37.99)
[2026-09-04 02:46:21] utils.py(229) : Rank 0 >> Epoch 1: Train (75%)
[2026-09-04 02:46:21] utils.py(229) : [Construction] Score: 30.4059,  Loss: 363.9207,  Infeasible_rate: [100.0000%, 100.0000%], out: 48.3372, out_nodes: 17, Feasible_dist: 0.0000
[2026-09-04 02:46:21] utils.py(229) : [Improvement] Score: 111.2138 [BSF: 110.2825],  Loss: 5.8772,  Infeasible_rate: [100.0000%, 100.0000%], out: 94.7703, out_nodes: 40, Feasible_dist: 0.0000, Entropy: 2.5795
[2026-09-04 02:46:21] utils.py(229) : Diversity Loss: 10.2510, Constructive RL loss: 364.0232, Slack loss: 0.4458 (adds 37.68)
[2026-09-04 02:46:30] utils.py(229) : Rank 0 >> Epoch 1: Train (75%)
[2026-09-04 02:46:30] utils.py(229) : [Construction] Score: 30.4900,  Loss: 360.8877,  Infeasible_rate: [100.0000%, 100.0000%], out: 47.9458, out_nodes: 17, Feasible_dist: 0.0000
[2026-09-04 02:46:30] utils.py(229) : [Improvement] Score: 110.7562 [BSF: 109.8278],  Loss: 5.8293,  Infeasible_rate: [100.0000%, 100.0000%], out: 94.0209, out_nodes: 39, Feasible_dist: 0.0000, Entropy: 2.5814
[2026-09-04 02:46:30] utils.py(229) : Diversity Loss: 10.2634, Constructive RL loss: 360.9903, Slack loss: 0.4435 (adds 37.38)
[2026-09-04 02:46:40] utils.py(229) : Rank 0 >> Epoch 1: Train (75%)
[2026-09-04 02:46:40] utils.py(229) : [Construction] Score: 30.5855,  Loss: 357.9206,  Infeasible_rate: [100.0000%, 100.0000%], out: 47.5605, out_nodes: 16, Feasible_dist: 0.0000
[2026-09-04 02:46:40] utils.py(229) : [Improvement] Score: 110.3197 [BSF: 109.3961],  Loss: 5.7824,  Infeasible_rate: [100.0000%, 100.0000%], out: 93.2831, out_nodes: 39, Feasible_dist: 0.0000, Entropy: 2.5834
[2026-09-04 02:46:40] utils.py(229) : Diversity Loss: 10.2724, Constructive RL loss: 358.0233, Slack loss: 0.4412 (adds 37.09)
[2026-09-04 02:46:50] utils.py(229) : Rank 0 >> Epoch 1: Train (75%)
[2026-09-04 02:46:50] utils.py(229) : [Construction] Score: 30.6828,  Loss: 354.9957,  Infeasible_rate: [100.0000%, 100.0000%], out: 47.1835, out_nodes: 16, Feasible_dist: 0.0000
[2026-09-04 02:46:50] utils.py(229) : [Improvement] Score: 109.8878 [BSF: 108.9680],  Loss: 5.7360,  Infeasible_rate: [100.0000%, 100.0000%], out: 92.5606, out_nodes: 39, Feasible_dist: 0.0000, Entropy: 2.5855
[2026-09-04 02:46:50] utils.py(229) : Diversity Loss: 10.2859, Constructive RL loss: 355.0986, Slack loss: 0.4388 (adds 36.80)
[2026-09-04 02:46:59] utils.py(229) : Rank 0 >> Epoch 1: Train (75%)
[2026-09-04 02:46:59] utils.py(229) : [Construction] Score: 30.7631,  Loss: 352.1180,  Infeasible_rate: [100.0000%, 100.0000%], out: 46.8105, out_nodes: 16, Feasible_dist: 0.0000
[2026-09-04 02:46:59] utils.py(229) : [Improvement] Score: 109.4529 [BSF: 108.5374],  Loss: 5.6905,  Infeasible_rate: [100.0000%, 100.0000%], out: 91.8472, out_nodes: 39, Feasible_dist: 0.0000, Entropy: 2.5869
[2026-09-04 02:46:59] utils.py(229) : Diversity Loss: 10.2971, Constructive RL loss: 352.2210, Slack loss: 0.4366 (adds 36.51)
[2026-09-04 02:47:09] utils.py(229) : Rank 0 >> Epoch 1: Train (75%)
[2026-09-04 02:47:09] utils.py(229) : [Construction] Score: 30.8517,  Loss: 349.3035,  Infeasible_rate: [100.0000%, 100.0000%], out: 46.4454, out_nodes: 16, Feasible_dist: 0.0000
[2026-09-04 02:47:09] utils.py(229) : [Improvement] Score: 109.0308 [BSF: 108.1202],  Loss: 5.6459,  Infeasible_rate: [100.0000%, 100.0000%], out: 91.1443, out_nodes: 39, Feasible_dist: 0.0000, Entropy: 2.5886
[2026-09-04 02:47:09] utils.py(229) : Diversity Loss: 10.3080, Constructive RL loss: 349.4066, Slack loss: 0.4344 (adds 36.23)
[2026-09-04 02:47:18] utils.py(229) : Rank 0 >> Epoch 1: Train (75%)
[2026-09-04 02:47:18] utils.py(229) : [Construction] Score: 30.9275,  Loss: 346.5015,  Infeasible_rate: [100.0000%, 100.0000%], out: 46.0842, out_nodes: 16, Feasible_dist: 0.0000
[2026-09-04 02:47:18] utils.py(229) : [Improvement] Score: 108.6091 [BSF: 107.7020],  Loss: 5.6019,  Infeasible_rate: [100.0000%, 100.0000%], out: 90.4532, out_nodes: 38, Feasible_dist: 0.0000, Entropy: 2.5918
[2026-09-04 02:47:18] utils.py(229) : Diversity Loss: 10.3182, Constructive RL loss: 346.6047, Slack loss: 0.4323 (adds 35.95)
[2026-09-04 02:47:30] utils.py(229) : Rank 0 >> Epoch 1: Train (80%)
[2026-09-04 02:47:30] utils.py(229) : [Construction] Score: 31.0262,  Loss: 343.7877,  Infeasible_rate: [100.0000%, 100.0000%], out: 45.7278, out_nodes: 16, Feasible_dist: 0.0000
[2026-09-04 02:47:30] utils.py(229) : [Improvement] Score: 108.2120 [BSF: 107.3103],  Loss: 5.5585,  Infeasible_rate: [100.0000%, 100.0000%], out: 89.7693, out_nodes: 38, Feasible_dist: 0.0000, Entropy: 2.5942
[2026-09-04 02:47:30] utils.py(229) : Diversity Loss: 10.3269, Constructive RL loss: 343.8909, Slack loss: 0.4302 (adds 35.68)
[2026-09-04 02:47:42] utils.py(229) : Rank 0 >> Epoch 1: Train (80%)
[2026-09-04 02:47:42] utils.py(229) : [Construction] Score: 31.1095,  Loss: 341.1057,  Infeasible_rate: [100.0000%, 100.0000%], out: 45.3773, out_nodes: 16, Feasible_dist: 0.0000
[2026-09-04 02:47:42] utils.py(229) : [Improvement] Score: 107.8015 [BSF: 106.9056],  Loss: 5.5157,  Infeasible_rate: [100.0000%, 100.0000%], out: 89.0951, out_nodes: 38, Feasible_dist: 0.0000, Entropy: 2.5962
[2026-09-04 02:47:42] utils.py(229) : Diversity Loss: 10.3376, Constructive RL loss: 341.2091, Slack loss: 0.4281 (adds 35.41)
[2026-09-04 02:47:54] utils.py(229) : Rank 0 >> Epoch 1: Train (80%)
[2026-09-04 02:47:54] utils.py(229) : [Construction] Score: 31.1883,  Loss: 338.4543,  Infeasible_rate: [100.0000%, 100.0000%], out: 45.0316, out_nodes: 16, Feasible_dist: 0.0000
[2026-09-04 02:47:54] utils.py(229) : [Improvement] Score: 107.3940 [BSF: 106.5008],  Loss: 5.4737,  Infeasible_rate: [100.0000%, 100.0000%], out: 88.4320, out_nodes: 38, Feasible_dist: 0.0000, Entropy: 2.5986
[2026-09-04 02:47:54] utils.py(229) : Diversity Loss: 10.3483, Constructive RL loss: 338.5577, Slack loss: 0.4260 (adds 35.14)
[2026-09-04 02:48:05] utils.py(229) : Rank 0 >> Epoch 1: Train (80%)
[2026-09-04 02:48:05] utils.py(229) : [Construction] Score: 31.2534,  Loss: 335.8522,  Infeasible_rate: [100.0000%, 100.0000%], out: 44.6905, out_nodes: 16, Feasible_dist: 0.0000
[2026-09-04 02:48:05] utils.py(229) : [Improvement] Score: 106.9779 [BSF: 106.0846],  Loss: 5.4320,  Infeasible_rate: [100.0000%, 100.0000%], out: 87.7770, out_nodes: 38, Feasible_dist: 0.0000, Entropy: 2.6010
[2026-09-04 02:48:05] utils.py(229) : Diversity Loss: 10.3597, Constructive RL loss: 335.9558, Slack loss: 0.4239 (adds 34.88)
[2026-09-04 02:48:16] utils.py(229) : Rank 0 >> Epoch 1: Train (80%)
[2026-09-04 02:48:16] utils.py(229) : [Construction] Score: 31.3543,  Loss: 333.2876,  Infeasible_rate: [100.0000%, 100.0000%], out: 44.3549, out_nodes: 15, Feasible_dist: 0.0000
[2026-09-04 02:48:16] utils.py(229) : [Improvement] Score: 106.6091 [BSF: 105.7197],  Loss: 5.3911,  Infeasible_rate: [100.0000%, 100.0000%], out: 87.1337, out_nodes: 37, Feasible_dist: 0.0000, Entropy: 2.6029
[2026-09-04 02:48:16] utils.py(229) : Diversity Loss: 10.3683, Constructive RL loss: 333.3913, Slack loss: 0.4218 (adds 34.62)
[2026-09-04 02:48:25] utils.py(229) : Rank 0 >> Epoch 1: Train (80%)
[2026-09-04 02:48:25] utils.py(229) : [Construction] Score: 31.4425,  Loss: 330.7573,  Infeasible_rate: [100.0000%, 100.0000%], out: 44.0250, out_nodes: 15, Feasible_dist: 0.0000
[2026-09-04 02:48:25] utils.py(229) : [Improvement] Score: 106.2336 [BSF: 105.3479],  Loss: 5.3508,  Infeasible_rate: [100.0000%, 100.0000%], out: 86.5008, out_nodes: 37, Feasible_dist: 0.0000, Entropy: 2.6054
[2026-09-04 02:48:25] utils.py(229) : Diversity Loss: 10.3780, Constructive RL loss: 330.8611, Slack loss: 0.4199 (adds 34.37)
[2026-09-04 02:48:34] utils.py(229) : Rank 0 >> Epoch 1: Train (80%)
[2026-09-04 02:48:34] utils.py(229) : [Construction] Score: 31.5322,  Loss: 328.2719,  Infeasible_rate: [100.0000%, 100.0000%], out: 43.6991, out_nodes: 15, Feasible_dist: 0.0000
[2026-09-04 02:48:34] utils.py(229) : [Improvement] Score: 105.8689 [BSF: 104.9863],  Loss: 5.3112,  Infeasible_rate: [100.0000%, 100.0000%], out: 85.8778, out_nodes: 37, Feasible_dist: 0.0000, Entropy: 2.6078
[2026-09-04 02:48:34] utils.py(229) : Diversity Loss: 10.3869, Constructive RL loss: 328.3758, Slack loss: 0.4179 (adds 34.12)
[2026-09-04 02:48:45] utils.py(229) : Rank 0 >> Epoch 1: Train (80%)
[2026-09-04 02:48:45] utils.py(229) : [Construction] Score: 31.6121,  Loss: 325.8107,  Infeasible_rate: [100.0000%, 100.0000%], out: 43.3778, out_nodes: 15, Feasible_dist: 0.0000
[2026-09-04 02:48:45] utils.py(229) : [Improvement] Score: 105.5012 [BSF: 104.6198],  Loss: 5.2722,  Infeasible_rate: [100.0000%, 100.0000%], out: 85.2632, out_nodes: 37, Feasible_dist: 0.0000, Entropy: 2.6101
[2026-09-04 02:48:45] utils.py(229) : Diversity Loss: 10.3957, Constructive RL loss: 325.9147, Slack loss: 0.4160 (adds 33.87)
[2026-09-04 02:48:56] utils.py(229) : Rank 0 >> Epoch 1: Train (85%)
[2026-09-04 02:48:56] utils.py(229) : [Construction] Score: 31.6900,  Loss: 323.4049,  Infeasible_rate: [100.0000%, 100.0000%], out: 43.0616, out_nodes: 15, Feasible_dist: 0.0000
[2026-09-04 02:48:56] utils.py(229) : [Improvement] Score: 105.1306 [BSF: 104.2533],  Loss: 5.2337,  Infeasible_rate: [100.0000%, 100.0000%], out: 84.6551, out_nodes: 37, Feasible_dist: 0.0000, Entropy: 2.6124
[2026-09-04 02:48:56] utils.py(229) : Diversity Loss: 10.4037, Constructive RL loss: 323.5089, Slack loss: 0.4140 (adds 33.62)
[2026-09-04 02:49:08] utils.py(229) : Rank 0 >> Epoch 1: Train (85%)
[2026-09-04 02:49:08] utils.py(229) : [Construction] Score: 31.7714,  Loss: 321.0393,  Infeasible_rate: [100.0000%, 100.0000%], out: 42.7495, out_nodes: 15, Feasible_dist: 0.0000
[2026-09-04 02:49:08] utils.py(229) : [Improvement] Score: 104.7643 [BSF: 103.8914],  Loss: 5.1959,  Infeasible_rate: [100.0000%, 100.0000%], out: 84.0564, out_nodes: 36, Feasible_dist: 0.0000, Entropy: 2.6149
[2026-09-04 02:49:08] utils.py(229) : Diversity Loss: 10.4134, Constructive RL loss: 321.1434, Slack loss: 0.4120 (adds 33.38)
[2026-09-04 02:49:19] utils.py(229) : Rank 0 >> Epoch 1: Train (85%)
[2026-09-04 02:49:19] utils.py(229) : [Construction] Score: 31.8477,  Loss: 318.7008,  Infeasible_rate: [100.0000%, 100.0000%], out: 42.4422, out_nodes: 15, Feasible_dist: 0.0000
[2026-09-04 02:49:19] utils.py(229) : [Improvement] Score: 104.4057 [BSF: 103.5352],  Loss: 5.1587,  Infeasible_rate: [100.0000%, 100.0000%], out: 83.4679, out_nodes: 36, Feasible_dist: 0.0000, Entropy: 2.6171
[2026-09-04 02:49:19] utils.py(229) : Diversity Loss: 10.4206, Constructive RL loss: 318.8050, Slack loss: 0.4102 (adds 33.15)
[2026-09-04 02:49:23] utils.py(229) : Rank 0 >> Epoch 1: Train (85%)
[2026-09-04 02:49:23] utils.py(229) : [Construction] Score: 31.9322,  Loss: 316.3866,  Infeasible_rate: [100.0000%, 100.0000%], out: 42.1405, out_nodes: 15, Feasible_dist: 0.0000
[2026-09-04 02:49:23] utils.py(229) : [Improvement] Score: 104.0667 [BSF: 103.2010],  Loss: 5.1221,  Infeasible_rate: [100.0000%, 100.0000%], out: 82.8887, out_nodes: 36, Feasible_dist: 0.0000, Entropy: 2.6189
[2026-09-04 02:49:23] utils.py(229) : Diversity Loss: 10.4308, Constructive RL loss: 316.4909, Slack loss: 0.4084 (adds 32.91)
[2026-09-04 02:49:28] utils.py(229) : Rank 0 >> Epoch 1: Train (85%)
[2026-09-04 02:49:28] utils.py(229) : [Construction] Score: 32.0196,  Loss: 314.1037,  Infeasible_rate: [100.0000%, 100.0000%], out: 41.8419, out_nodes: 15, Feasible_dist: 0.0000
[2026-09-04 02:49:28] utils.py(229) : [Improvement] Score: 103.7334 [BSF: 102.8711],  Loss: 5.0858,  Infeasible_rate: [100.0000%, 100.0000%], out: 82.3159, out_nodes: 36, Feasible_dist: 0.0000, Entropy: 2.6206
[2026-09-04 02:49:28] utils.py(229) : Diversity Loss: 10.4390, Constructive RL loss: 314.2081, Slack loss: 0.4065 (adds 32.68)
[2026-09-04 02:49:31] utils.py(229) : Rank 0 >> Epoch 1: Train (85%)
[2026-09-04 02:49:31] utils.py(229) : [Construction] Score: 32.1066,  Loss: 311.8802,  Infeasible_rate: [100.0000%, 100.0000%], out: 41.5475, out_nodes: 14, Feasible_dist: 0.0000
[2026-09-04 02:49:31] utils.py(229) : [Improvement] Score: 103.4008 [BSF: 102.5419],  Loss: 5.0502,  Infeasible_rate: [100.0000%, 100.0000%], out: 81.7496, out_nodes: 36, Feasible_dist: 0.0000, Entropy: 2.6215
[2026-09-04 02:49:31] utils.py(229) : Diversity Loss: 10.4468, Constructive RL loss: 311.9847, Slack loss: 0.4047 (adds 32.45)
[2026-09-04 02:49:34] utils.py(229) : Rank 0 >> Epoch 1: Train (85%)
[2026-09-04 02:49:34] utils.py(229) : [Construction] Score: 32.1702,  Loss: 309.6650,  Infeasible_rate: [100.0000%, 100.0000%], out: 41.2576, out_nodes: 14, Feasible_dist: 0.0000
[2026-09-04 02:49:34] utils.py(229) : [Improvement] Score: 103.0533 [BSF: 102.1971],  Loss: 5.0148,  Infeasible_rate: [100.0000%, 100.0000%], out: 81.1937, out_nodes: 36, Feasible_dist: 0.0000, Entropy: 2.6231
[2026-09-04 02:49:34] utils.py(229) : Diversity Loss: 10.4559, Constructive RL loss: 309.7695, Slack loss: 0.4029 (adds 32.23)
[2026-09-04 02:49:37] utils.py(229) : Rank 0 >> Epoch 1: Train (85%)
[2026-09-04 02:49:37] utils.py(229) : [Construction] Score: 32.2480,  Loss: 307.4771,  Infeasible_rate: [100.0000%, 100.0000%], out: 40.9718, out_nodes: 14, Feasible_dist: 0.0000
[2026-09-04 02:49:37] utils.py(229) : [Improvement] Score: 102.7306 [BSF: 101.8788],  Loss: 4.9799,  Infeasible_rate: [100.0000%, 100.0000%], out: 80.6463, out_nodes: 35, Feasible_dist: 0.0000, Entropy: 2.6248
[2026-09-04 02:49:37] utils.py(229) : Diversity Loss: 10.4629, Constructive RL loss: 307.5818, Slack loss: 0.4011 (adds 32.01)
[2026-09-04 02:49:40] utils.py(229) : Rank 0 >> Epoch 1: Train (90%)
[2026-09-04 02:49:40] utils.py(229) : [Construction] Score: 32.3138,  Loss: 305.3297,  Infeasible_rate: [100.0000%, 100.0000%], out: 40.6894, out_nodes: 14, Feasible_dist: 0.0000
[2026-09-04 02:49:40] utils.py(229) : [Improvement] Score: 102.3998 [BSF: 101.5486],  Loss: 4.9457,  Infeasible_rate: [100.0000%, 100.0000%], out: 80.1045, out_nodes: 35, Feasible_dist: 0.0000, Entropy: 2.6268
[2026-09-04 02:49:40] utils.py(229) : Diversity Loss: 10.4682, Constructive RL loss: 305.4344, Slack loss: 0.3994 (adds 31.79)
[2026-09-04 02:49:43] utils.py(229) : Rank 0 >> Epoch 1: Train (90%)
[2026-09-04 02:49:43] utils.py(229) : [Construction] Score: 32.3918,  Loss: 303.2103,  Infeasible_rate: [100.0000%, 100.0000%], out: 40.4108, out_nodes: 14, Feasible_dist: 0.0000
[2026-09-04 02:49:43] utils.py(229) : [Improvement] Score: 102.0759 [BSF: 101.2280],  Loss: 4.9120,  Infeasible_rate: [100.0000%, 100.0000%], out: 79.5689, out_nodes: 35, Feasible_dist: 0.0000, Entropy: 2.6280
[2026-09-04 02:49:43] utils.py(229) : Diversity Loss: 10.4771, Constructive RL loss: 303.3151, Slack loss: 0.3976 (adds 31.58)
[2026-09-04 02:49:46] utils.py(229) : Rank 0 >> Epoch 1: Train (90%)
[2026-09-04 02:49:46] utils.py(229) : [Construction] Score: 32.4770,  Loss: 301.1275,  Infeasible_rate: [100.0000%, 100.0000%], out: 40.1360, out_nodes: 14, Feasible_dist: 0.0000
[2026-09-04 02:49:46] utils.py(229) : [Improvement] Score: 101.7733 [BSF: 100.9274],  Loss: 4.8784,  Infeasible_rate: [100.0000%, 100.0000%], out: 79.0415, out_nodes: 35, Feasible_dist: 0.0000, Entropy: 2.6298
[2026-09-04 02:49:46] utils.py(229) : Diversity Loss: 10.4856, Constructive RL loss: 301.2324, Slack loss: 0.3959 (adds 31.37)
[2026-09-04 02:49:49] utils.py(229) : Rank 0 >> Epoch 1: Train (90%)
[2026-09-04 02:49:49] utils.py(229) : [Construction] Score: 32.5781,  Loss: 299.0641,  Infeasible_rate: [100.0000%, 100.0000%], out: 39.8650, out_nodes: 14, Feasible_dist: 0.0000
[2026-09-04 02:49:49] utils.py(229) : [Improvement] Score: 101.4974 [BSF: 100.6529],  Loss: 4.8452,  Infeasible_rate: [100.0000%, 100.0000%], out: 78.5215, out_nodes: 35, Feasible_dist: 0.0000, Entropy: 2.6317
[2026-09-04 02:49:49] utils.py(229) : Diversity Loss: 10.4937, Constructive RL loss: 299.1690, Slack loss: 0.3941 (adds 31.16)
[2026-09-04 02:49:52] utils.py(229) : Rank 0 >> Epoch 1: Train (90%)
[2026-09-04 02:49:52] utils.py(229) : [Construction] Score: 32.6467,  Loss: 297.0338,  Infeasible_rate: [100.0000%, 100.0000%], out: 39.5980, out_nodes: 14, Feasible_dist: 0.0000
[2026-09-04 02:49:52] utils.py(229) : [Improvement] Score: 101.1863 [BSF: 100.3460],  Loss: 4.8128,  Infeasible_rate: [100.0000%, 100.0000%], out: 78.0080, out_nodes: 35, Feasible_dist: 0.0000, Entropy: 2.6333
[2026-09-04 02:49:52] utils.py(229) : Diversity Loss: 10.5004, Constructive RL loss: 297.1388, Slack loss: 0.3924 (adds 30.95)
[2026-09-04 02:49:55] utils.py(229) : Rank 0 >> Epoch 1: Train (90%)
[2026-09-04 02:49:55] utils.py(229) : [Construction] Score: 32.7013,  Loss: 295.0404,  Infeasible_rate: [100.0000%, 100.0000%], out: 39.3341, out_nodes: 14, Feasible_dist: 0.0000
[2026-09-04 02:49:55] utils.py(229) : [Improvement] Score: 100.8612 [BSF: 100.0260],  Loss: 4.7808,  Infeasible_rate: [100.0000%, 100.0000%], out: 77.5007, out_nodes: 34, Feasible_dist: 0.0000, Entropy: 2.6356
[2026-09-04 02:49:55] utils.py(229) : Diversity Loss: 10.5074, Constructive RL loss: 295.1455, Slack loss: 0.3908 (adds 30.74)
[2026-09-04 02:49:58] utils.py(229) : Rank 0 >> Epoch 1: Train (90%)
[2026-09-04 02:49:58] utils.py(229) : [Construction] Score: 32.7862,  Loss: 293.0695,  Infeasible_rate: [100.0000%, 100.0000%], out: 39.0740, out_nodes: 14, Feasible_dist: 0.0000
[2026-09-04 02:49:58] utils.py(229) : [Improvement] Score: 100.5794 [BSF: 99.7468],  Loss: 4.7499,  Infeasible_rate: [100.0000%, 100.0000%], out: 77.0017, out_nodes: 34, Feasible_dist: 0.0000, Entropy: 2.6366
[2026-09-04 02:49:58] utils.py(229) : Diversity Loss: 10.5141, Constructive RL loss: 293.1747, Slack loss: 0.3892 (adds 30.54)
[2026-09-04 02:50:01] utils.py(229) : Rank 0 >> Epoch 1: Train (90%)
[2026-09-04 02:50:01] utils.py(229) : [Construction] Score: 32.8720,  Loss: 291.1136,  Infeasible_rate: [100.0000%, 100.0000%], out: 38.8170, out_nodes: 13, Feasible_dist: 0.0000
[2026-09-04 02:50:01] utils.py(229) : [Improvement] Score: 100.2978 [BSF: 99.4692],  Loss: 4.7188,  Infeasible_rate: [100.0000%, 100.0000%], out: 76.5082, out_nodes: 34, Feasible_dist: 0.0000, Entropy: 2.6386
[2026-09-04 02:50:01] utils.py(229) : Diversity Loss: 10.5197, Constructive RL loss: 291.2188, Slack loss: 0.3876 (adds 30.34)
[2026-09-04 02:50:04] utils.py(229) : Rank 0 >> Epoch 1: Train (95%)
[2026-09-04 02:50:04] utils.py(229) : [Construction] Score: 32.9437,  Loss: 289.1886,  Infeasible_rate: [100.0000%, 100.0000%], out: 38.5633, out_nodes: 13, Feasible_dist: 0.0000
[2026-09-04 02:50:04] utils.py(229) : [Improvement] Score: 100.0078 [BSF: 99.1833],  Loss: 4.6882,  Infeasible_rate: [100.0000%, 100.0000%], out: 76.0210, out_nodes: 34, Feasible_dist: 0.0000, Entropy: 2.6404
[2026-09-04 02:50:04] utils.py(229) : Diversity Loss: 10.5257, Constructive RL loss: 289.2939, Slack loss: 0.3860 (adds 30.15)
[2026-09-04 02:50:07] utils.py(229) : Rank 0 >> Epoch 1: Train (95%)
[2026-09-04 02:50:07] utils.py(229) : [Construction] Score: 33.0249,  Loss: 287.2945,  Infeasible_rate: [100.0000%, 100.0000%], out: 38.3130, out_nodes: 13, Feasible_dist: 0.0000
[2026-09-04 02:50:07] utils.py(229) : [Improvement] Score: 99.7385 [BSF: 98.9139],  Loss: 4.6579,  Infeasible_rate: [100.0000%, 100.0000%], out: 75.5408, out_nodes: 34, Feasible_dist: 0.0000, Entropy: 2.6426
[2026-09-04 02:50:07] utils.py(229) : Diversity Loss: 10.5313, Constructive RL loss: 287.3998, Slack loss: 0.3844 (adds 29.95)
[2026-09-04 02:50:10] utils.py(229) : Rank 0 >> Epoch 1: Train (95%)
[2026-09-04 02:50:10] utils.py(229) : [Construction] Score: 33.0919,  Loss: 285.4151,  Infeasible_rate: [100.0000%, 100.0000%], out: 38.0658, out_nodes: 13, Feasible_dist: 0.0000
[2026-09-04 02:50:10] utils.py(229) : [Improvement] Score: 99.4555 [BSF: 98.6322],  Loss: 4.6277,  Infeasible_rate: [100.0000%, 100.0000%], out: 75.0662, out_nodes: 34, Feasible_dist: 0.0000, Entropy: 2.6441
[2026-09-04 02:50:10] utils.py(229) : Diversity Loss: 10.5396, Constructive RL loss: 285.5205, Slack loss: 0.3828 (adds 29.76)
[2026-09-04 02:50:13] utils.py(229) : Rank 0 >> Epoch 1: Train (95%)
[2026-09-04 02:50:13] utils.py(229) : [Construction] Score: 33.1754,  Loss: 283.5630,  Infeasible_rate: [100.0000%, 100.0000%], out: 37.8220, out_nodes: 13, Feasible_dist: 0.0000
[2026-09-04 02:50:13] utils.py(229) : [Improvement] Score: 99.1898 [BSF: 98.3709],  Loss: 4.5981,  Infeasible_rate: [100.0000%, 100.0000%], out: 74.5971, out_nodes: 33, Feasible_dist: 0.0000, Entropy: 2.6458
[2026-09-04 02:50:13] utils.py(229) : Diversity Loss: 10.5483, Constructive RL loss: 283.6685, Slack loss: 0.3812 (adds 29.57)
[2026-09-04 02:50:16] utils.py(229) : Rank 0 >> Epoch 1: Train (95%)
[2026-09-04 02:50:16] utils.py(229) : [Construction] Score: 33.2541,  Loss: 281.7434,  Infeasible_rate: [100.0000%, 100.0000%], out: 37.5811, out_nodes: 13, Feasible_dist: 0.0000
[2026-09-04 02:50:16] utils.py(229) : [Improvement] Score: 98.9217 [BSF: 98.1067],  Loss: 4.5689,  Infeasible_rate: [100.0000%, 100.0000%], out: 74.1338, out_nodes: 33, Feasible_dist: 0.0000, Entropy: 2.6470
[2026-09-04 02:50:16] utils.py(229) : Diversity Loss: 10.5538, Constructive RL loss: 281.8489, Slack loss: 0.3797 (adds 29.39)
[2026-09-04 02:50:19] utils.py(229) : Rank 0 >> Epoch 1: Train (95%)
[2026-09-04 02:50:19] utils.py(229) : [Construction] Score: 33.3372,  Loss: 279.9519,  Infeasible_rate: [100.0000%, 100.0000%], out: 37.3432, out_nodes: 13, Feasible_dist: 0.0000
[2026-09-04 02:50:19] utils.py(229) : [Improvement] Score: 98.6710 [BSF: 97.8586],  Loss: 4.5400,  Infeasible_rate: [100.0000%, 100.0000%], out: 73.6765, out_nodes: 33, Feasible_dist: 0.0000, Entropy: 2.6485
[2026-09-04 02:50:19] utils.py(229) : Diversity Loss: 10.5604, Constructive RL loss: 280.0575, Slack loss: 0.3781 (adds 29.20)
[2026-09-04 02:50:22] utils.py(229) : Rank 0 >> Epoch 1: Train (95%)
[2026-09-04 02:50:22] utils.py(229) : [Construction] Score: 33.4013,  Loss: 278.1775,  Infeasible_rate: [100.0000%, 100.0000%], out: 37.1084, out_nodes: 13, Feasible_dist: 0.0000
[2026-09-04 02:50:22] utils.py(229) : [Improvement] Score: 98.4031 [BSF: 97.5924],  Loss: 4.5113,  Infeasible_rate: [100.0000%, 100.0000%], out: 73.2250, out_nodes: 33, Feasible_dist: 0.0000, Entropy: 2.6494
[2026-09-04 02:50:22] utils.py(229) : Diversity Loss: 10.5673, Constructive RL loss: 278.2832, Slack loss: 0.3766 (adds 29.02)
[2026-09-04 02:50:25] utils.py(229) : Rank 0 >> Epoch 1: Train (95%)
[2026-09-04 02:50:25] utils.py(229) : [Construction] Score: 33.4689,  Loss: 276.4223,  Infeasible_rate: [100.0000%, 100.0000%], out: 36.8765, out_nodes: 13, Feasible_dist: 0.0000
[2026-09-04 02:50:25] utils.py(229) : [Improvement] Score: 98.1433 [BSF: 97.3350],  Loss: 4.4833,  Infeasible_rate: [100.0000%, 100.0000%], out: 72.7809, out_nodes: 33, Feasible_dist: 0.0000, Entropy: 2.6509
[2026-09-04 02:50:25] utils.py(229) : Diversity Loss: 10.5732, Constructive RL loss: 276.5281, Slack loss: 0.3752 (adds 28.84)
[2026-09-04 02:50:26] utils.py(229) : Rank 0 >> Epoch 1: Train (95%)
[2026-09-04 02:50:27] utils.py(229) : [Construction] Score: 33.4689,  Loss: 276.4223,  Infeasible_rate: [100.0000%, 100.0000%], out: 36.8765, out_nodes: 13, Feasible_dist: 0.0000
[2026-09-04 02:50:27] utils.py(229) : [Improvement] Score: 98.1433 [BSF: 97.3350],  Loss: 4.4833,  Infeasible_rate: [100.0000%, 100.0000%], out: 72.7809, out_nodes: 33, Feasible_dist: 0.0000, Entropy: 2.6509
[2026-09-04 02:50:27] utils.py(229) : Diversity Loss: 10.5732, Constructive RL loss: 276.5281, Slack loss: 0.3752 (adds 28.84)
[2026-09-04 02:50:27] utils.py(229) : dummy_size: 35.04375
[2026-09-04 02:50:27] utils.py(229) : Rank 0 >> Epoch 1/10: Time Est.: Elapsed[22.60m], Remain[3.39h]
[2026-09-04 02:50:27] utils.py(229) : >> Val 64 instances.
[2026-09-04 02:50:27] utils.py(229) : >> validation eval type:
[2026-09-04 02:50:27] utils.py(229) : argmax
[2026-09-04 02:50:27] utils.py(229) : Rank 0 >> val construction time:
[2026-09-04 02:50:27] utils.py(229) : 0.3873755931854248
[2026-09-04 02:50:27] utils.py(229) : ! solution size:
[2026-09-04 02:50:27] utils.py(229) : torch.Size([256, 1, 100])
[2026-09-04 02:50:30] utils.py(229) : Rank 0 >> val improvement time:
[2026-09-04 02:50:30] utils.py(229) : 2.6410412788391113
[2026-09-04 02:50:30] utils.py(229) : Rank 0 >> val reconstruction time [w. mask]:
[2026-09-04 02:50:30] utils.py(229) : 0.37073731422424316
[2026-09-04 02:50:30] utils.py(229) : Rank 0 >> val construction time:
[2026-09-04 02:50:30] utils.py(229) : 0.3458702564239502
[2026-09-04 02:50:30] utils.py(229) : ! solution size:
[2026-09-04 02:50:30] utils.py(229) : torch.Size([256, 1, 100])
[2026-09-04 02:50:33] utils.py(229) : Rank 0 >> val improvement time:
[2026-09-04 02:50:33] utils.py(229) : 2.6768579483032227
[2026-09-04 02:50:33] utils.py(229) : Rank 0 >> val reconstruction time [w. mask]:
[2026-09-04 02:50:33] utils.py(229) : 0.3825647830963135
[2026-09-04 02:50:33] utils.py(229) : >> Only feasible solutions are under consideration!
[2026-09-04 02:50:33] utils.py(229) : >> Only feasible solutions are under consideration!
[2026-09-04 02:50:33] utils.py(229) : >> Load optimal solution from: ./data/VRPBLTW/or_tools_200s_vrpbltw50_uniform.pkl
[2026-09-04 02:50:33] utils.py(229) : Rank 0 >> Val Score on vrpbltw50_uniform.pkl: [Construction] NO_AUG_Score: nan, NO_AUG_Gap: nan% --> AUG_Score: nan, AUG_Gap: nan%; Infeasible rate: 100.0% (solution-level), 100.0% (instance-level)
[2026-09-04 02:50:33] utils.py(229) : Rank 0 >> Val Score on vrpbltw50_uniform.pkl: [Improvement] NO_AUG_Score: nan, NO_AUG_Gap: nan% --> AUG_Score: nan, AUG_Gap: nan%; Infeasible rate: 100.0% (solution-level), 100.0% (instance-level)
[2026-09-04 02:50:33] utils.py(229) : Rank 0 >> Val Score on vrpbltw50_uniform.pkl: [w. mask] NO_AUG_Score: 47.5467, NO_AUG_Gap: 239.7082% --> AUG_Score: 46.0173, AUG_Gap: 228.8215%; Infeasible rate: 0.0% (solution-level), 0.0% (instance-level)
[2026-09-04 02:50:33] utils.py(229) : ================================================================================
Done                       "$PY" train.py --problem VRPBLTW --problem_size "$SIZE" --epochs "$EPOCHS" --train_episodes "$EPISODES" --train_batch_size "$BATCH" --accumulation_steps "$ACCUM" "${HOST_ARGS[@]}" --validation_batch_size 32 --val_episodes 64 --validation_interval 2 --model_save_interval 5 --val_dataset vrpbltw50_uniform.pkl --constraint_repr "$ARM" --slack_weight "$SLACK" --seed "$SEED" --couple_rows "$COUPLE" --empty_cache_per_batch True --wandb_logger True --tb_logger False --log_dir "$OUT/train_$TAG" 2>&1 | tee "$OUT/train_$TAG.log"
=== car_soft_interface_slack0.1 did not produce a checkpoint; retrying ===
=== car_soft_interface_slack0.1 (attempt 2) ===
=== host: car  mask: soft  arm: interface  slack: 0.1 ===
wandb: [wandb.login()] Loaded credentials for https://api.wandb.ai from /home/shora/.netrc.
wandb: Currently logged in as: shoraaa (shoraaa-vnu) to https://api.wandb.ai. Use `wandb login --relogin` to force relogin
wandb: setting up run 8kxpfzea
wandb: Tracking run with wandb version 0.28.1
wandb: Run data is saved locally in /home/shora/Research/PRISM/baselines/CaR-constraint/wandb/run-20260904_025301-8kxpfzea
wandb: Run `wandb offline` to turn off syncing.
wandb: Syncing run 20260904_035255train_interface
wandb:  View project at https://wandb.ai/shoraaa-vnu/unified_solver
wandb:  View run at https://wandb.ai/shoraaa-vnu/unified_solver/runs/8kxpfzea
{'POMO_checkpoint': '../PIP-constraint/POMO+PIP/pretrained/TSPTW/tsptw50_hard/POMO_star/epoch-10000.pt',
 'accumulation_steps': 8,
 'active_constraints': ['backhaul', 'route_limit', 'time_window'],
 'amp_training': True,
 'aspect_num': 2,
 'aux_mask': True,
 'backhaul_mask': 'soft',
 'baseline': 'group',
 'best_solution_path': None,
 'bonus_for_construction': False,
 'boundary': 0.5,
 'checkpoint': None,
 'clean_cache': False,
 'coefficient': 100,
 'consequence_hidden_dim': 16,
 'constraint_number': 4,
 'constraint_repr': 'interface',
 'couple_rows': True,
 'decoder_layer_num': 1,
 'diversity': 'kendall_tau_distance',
 'diversity_loss': True,
 'diversity_reward': False,
 'diversity_weight': 0.01,
 'dual_decoder': False,
 'dummy_improve_selected': 'random',
 'dummy_improve_steps': 0,
 'dynamic_coefficient': False,
 'embedding_dim': 128,
 'empty_cache_per_batch': True,
 'enable_eas': False,
 'encoder_layer_num': 6,
 'epochs': 10,
 'epsilon': 3.67,
 'epsilon_base': 5.0,
 'epsilon_decay_beta': 0.001,
 'eval_only': False,
 'eval_type': 'argmax',
 'extra_bonus': False,
 'extra_weight': 0.1,
 'ff_hidden_dim': 512,
 'fsb_dist_only': True,
 'fsb_reward_only': True,
 'fsb_reward_plus': False,
 'fsb_start_delay': 10000,
 'gamma': 0.1,
 'generate_PI_mask': False,
 'gpu_id': '0',
 'gumbel': False,
 'hardness': 'hard',
 'head_num': 8,
 'imitation_learning': True,
 'imitation_loss_weight': 1.0,
 'impr_encoder_start_idx': 0,
 'improve_start_when_dummy_ok': False,
 'improve_steps': 5,
 'improvement_method': 'kopt',
 'improvement_only': False,
 'infsb_dist_penalty': False,
 'init_sol_strategy': 'POMO',
 'insert_before': True,
 'is_lib': False,
 'iterations': 200,
 'iterations_impr': 20,
 'k_max': 4,
 'k_unconfident': 10,
 'lazy_pip_model': False,
 'load_optimizer': True,
 'load_which_pip': 'train_fsb_bsf',
 'log_dir': 'results/composition/train_car_soft_interface_slack0.1',
 'logit_clipping': 10,
 'lr': 0.0001,
 'max_dummy_size': 18,
 'milestones': [4501],
 'model_save_interval': 5,
 'model_type': 'SINGLE',
 'multi_processing': False,
 'multiple_gpu': False,
 'n2s_decoder': False,
 'neighborhood_search': False,
 'no_cuda': False,
 'node_repr': 'named',
 'node_repr_dim': 4,
 'non_linear': None,
 'non_linear_cons': False,
 'norm': 'instance',
 'norm_loc': 'norm_last',
 'occ_gpu': 0.0,
 'out_node_reward': True,
 'out_reward': True,
 'pairwise_merge': 'feature,attention',
 'penalty_factor': 1.0,
 'penalty_normalize': False,
 'pip_checkpoint': None,
 'pip_decoder': False,
 'pip_last_growup': 50,
 'pip_step': 1,
 'pip_update_epoch': 20,
 'pip_update_interval': 1000,
 'pomo_feasible_start': False,
 'pomo_size': 50,
 'pomo_start': False,
 'problem': 'VRPBLTW',
 'problem_size': 50,
 'probs_return': False,
 'qkv_dim': 16,
 'random_delta_t': 0,
 'reconstruct': False,
 'reconstruct_bonus_weight': 1.0,
 'reconstruct_improve_bonus': False,
 'refinement_history_path': None,
 'repeats': 1,
 'reward_gating': False,
 'rm_num': 1,
 'sample_size': 1,
 'seed': 1234,
 'select_strategy': 'quality',
 'select_top_k': 10,
 'select_top_k_val': 1,
 'seperate_obj_penalty': False,
 'simulation_stop_epoch': 100,
 'slack_normalize': True,
 'slack_stride': 5,
 'slack_weight': 0.1,
 'soft_constrained': True,
 'sop_variant': 1,
 'sqrt_embedding_dim': 11.313708498984761,
 'stochastic_probability': 0.5,
 'subgradient': False,
 'subgradient_lr': 0.1,
 'succ_attention_bias': 1.0,
 'supplement_feature_dim': 17,
 'tb_logger': False,
 'test_batch_size': 10000,
 'test_dataset': None,
 'test_episodes': 10000,
 'test_opt_path': None,
 'test_pomo_size': 1,
 'total_history': 3,
 'train_batch_size': 16,
 'train_episodes': 2560,
 'tw_normalize': True,
 'uncertainty_weight': False,
 'unified_decoder': False,
 'unified_encoder': True,
 'use_fast_attention': True,
 'use_real_PI_mask': False,
 'v_range': 6.0,
 'val_dataset': ['vrpbltw50_uniform.pkl'],
 'val_episodes': 64,
 'val_init_sol_strategy': 'POMO',
 'val_opt_path': None,
 'val_pomo_size': 1,
 'val_reconstruct_times': 1,
 'validation_batch_size': 32,
 'validation_improve_steps': 20,
 'validation_interval': 2,
 'wandb_logger': True,
 'weight_decay': 1e-06,
 'which_feature': 'both',
 'with_RNN': True,
 'with_bonus': False,
 'with_explore_stat_feature': True,
 'with_infsb_feature': True,
 'with_regular': False,
 'wo_node_penalty': False,
 'wo_tour_penalty': False,
 'world_size': 1}
>> Log Path: results/composition/train_car_soft_interface_slack0.1/20260904_035255train_interface
>> No occupation needed
>> USE_CUDA: True, CUDA_DEVICE_NUM: 0
>> Start VRPBLTW Training using SINGLE Model ...
[2026-09-04 02:53:02] utils.py(229) : >> Use unified encoder for Improvement and Construction!
[2026-09-04 02:53:03] utils.py(229) : >> Use kopt decoder for Improvement!
[2026-09-04 02:53:03] utils.py(229) : lambda_:
[2026-09-04 02:53:03] utils.py(229) : 1.0
[2026-09-04 02:53:03] utils.py(229) : Number of Parameters: 1648488
[2026-09-04 02:53:03] utils.py(229) : [copy_all_src] Warning: /home/shora/Research/PRISM/baselines/CaR-constraint/_ops.py not found. Skipping.
[2026-09-04 02:53:03] utils.py(229) : [copy_all_src] Warning: /home/shora/Research/PRISM/baselines/CaR-constraint/_classes.py not found. Skipping.
[2026-09-04 02:53:03] utils.py(229) : ================================================================================
[2026-09-04 02:53:06] utils.py(229) : Rank 0 >> Epoch 1: Train (0%)
[2026-09-04 02:53:06] utils.py(229) : [Construction] Score: 26.2572,  Loss: 532.0593,  Infeasible_rate: [100.0000%, 100.0000%], out: 86.3856, out_nodes: 25, Feasible_dist: 0.0000
[2026-09-04 02:53:06] utils.py(229) : [Improvement] Score: 168.9443 [BSF: 167.3221],  Loss: 9.6048,  Infeasible_rate: [100.0000%, 100.0000%], out: 172.4672, out_nodes: 57, Feasible_dist: 0.0000, Entropy: 2.3673
[2026-09-04 02:53:06] utils.py(229) : Diversity Loss: 9.4232, Constructive RL loss: 532.1534, Slack loss: 0.5735 (adds 53.21)
[2026-09-04 02:53:08] utils.py(229) : Rank 0 >> Epoch 1: Train (0%)
[2026-09-04 02:53:08] utils.py(229) : [Construction] Score: 26.4195,  Loss: 499.4988,  Infeasible_rate: [100.0000%, 100.0000%], out: 83.7907, out_nodes: 25, Feasible_dist: 0.0000
[2026-09-04 02:53:08] utils.py(229) : [Improvement] Score: 157.2722 [BSF: 156.0686],  Loss: 8.7593,  Infeasible_rate: [100.0000%, 100.0000%], out: 163.0758, out_nodes: 56, Feasible_dist: 0.0000, Entropy: 2.3817
[2026-09-04 02:53:08] utils.py(229) : Diversity Loss: 9.4683, Constructive RL loss: 499.5934, Slack loss: 0.5666 (adds 49.95)
[2026-09-04 02:53:10] utils.py(229) : Rank 0 >> Epoch 1: Train (0%)
[2026-09-04 02:53:10] utils.py(229) : [Construction] Score: 26.7186,  Loss: 566.4550,  Infeasible_rate: [100.0000%, 100.0000%], out: 83.5855, out_nodes: 25, Feasible_dist: 0.0000
[2026-09-04 02:53:10] utils.py(229) : [Improvement] Score: 157.4644 [BSF: 156.4465],  Loss: 8.8888,  Infeasible_rate: [100.0000%, 100.0000%], out: 160.4962, out_nodes: 56, Feasible_dist: 0.0000, Entropy: 2.4120
[2026-09-04 02:53:10] utils.py(229) : Diversity Loss: 9.4984, Constructive RL loss: 566.5499, Slack loss: 0.5768 (adds 56.65)
[2026-09-04 02:53:12] utils.py(229) : Rank 0 >> Epoch 1: Train (0%)
[2026-09-04 02:53:12] utils.py(229) : [Construction] Score: 26.7342,  Loss: 527.7731,  Infeasible_rate: [100.0000%, 100.0000%], out: 81.6031, out_nodes: 25, Feasible_dist: 0.0000
[2026-09-04 02:53:12] utils.py(229) : [Improvement] Score: 151.7378 [BSF: 150.8154],  Loss: 9.5994,  Infeasible_rate: [100.0000%, 100.0000%], out: 154.4390, out_nodes: 55, Feasible_dist: 0.0000, Entropy: 2.4266
[2026-09-04 02:53:12] utils.py(229) : Diversity Loss: 9.5170, Constructive RL loss: 527.8682, Slack loss: 0.5735 (adds 52.78)
[2026-09-04 02:53:14] utils.py(229) : Rank 0 >> Epoch 1: Train (0%)
[2026-09-04 02:53:14] utils.py(229) : [Construction] Score: 26.5310,  Loss: 539.6599,  Infeasible_rate: [100.0000%, 100.0000%], out: 81.4837, out_nodes: 25, Feasible_dist: 0.0000
[2026-09-04 02:53:14] utils.py(229) : [Improvement] Score: 152.7992 [BSF: 151.3320],  Loss: 10.0148,  Infeasible_rate: [100.0000%, 100.0000%], out: 156.0411, out_nodes: 56, Feasible_dist: 0.0000, Entropy: 2.4218
[2026-09-04 02:53:14] utils.py(229) : Diversity Loss: 9.5201, Constructive RL loss: 539.7550, Slack loss: 0.5768 (adds 53.97)
[2026-09-04 02:53:17] utils.py(229) : Rank 0 >> Epoch 1: Train (0%)
[2026-09-04 02:53:17] utils.py(229) : [Construction] Score: 26.5096,  Loss: 588.1451,  Infeasible_rate: [100.0000%, 100.0000%], out: 79.5133, out_nodes: 25, Feasible_dist: 0.0000
[2026-09-04 02:53:17] utils.py(229) : [Improvement] Score: 149.7964 [BSF: 148.4549],  Loss: 9.9916,  Infeasible_rate: [100.0000%, 100.0000%], out: 154.8477, out_nodes: 56, Feasible_dist: 0.0000, Entropy: 2.4265
[2026-09-04 02:53:17] utils.py(229) : Diversity Loss: 9.5321, Constructive RL loss: 588.2403, Slack loss: 0.5774 (adds 58.81)
[2026-09-04 02:53:19] utils.py(229) : Rank 0 >> Epoch 1: Train (0%)
[2026-09-04 02:53:19] utils.py(229) : [Construction] Score: 26.5140,  Loss: 589.8677,  Infeasible_rate: [100.0000%, 100.0000%], out: 78.7230, out_nodes: 25, Feasible_dist: 0.0000
[2026-09-04 02:53:19] utils.py(229) : [Improvement] Score: 148.7422 [BSF: 147.4116],  Loss: 9.8200,  Infeasible_rate: [100.0000%, 100.0000%], out: 153.6425, out_nodes: 55, Feasible_dist: 0.0000, Entropy: 2.4220
[2026-09-04 02:53:19] utils.py(229) : Diversity Loss: 9.5417, Constructive RL loss: 589.9632, Slack loss: 0.5768 (adds 58.99)
[2026-09-04 02:53:21] utils.py(229) : Rank 0 >> Epoch 1: Train (0%)
[2026-09-04 02:53:21] utils.py(229) : [Construction] Score: 26.5574,  Loss: 590.3481,  Infeasible_rate: [100.0000%, 100.0000%], out: 79.7013, out_nodes: 25, Feasible_dist: 0.0000
[2026-09-04 02:53:21] utils.py(229) : [Improvement] Score: 149.1925 [BSF: 147.7595],  Loss: 9.9190,  Infeasible_rate: [100.0000%, 100.0000%], out: 154.7256, out_nodes: 56, Feasible_dist: 0.0000, Entropy: 2.4145
[2026-09-04 02:53:21] utils.py(229) : Diversity Loss: 9.5341, Constructive RL loss: 590.4434, Slack loss: 0.5787 (adds 59.03)
[2026-09-04 02:53:23] utils.py(229) : Rank 0 >> Epoch 1: Train (5%)
[2026-09-04 02:53:23] utils.py(229) : [Construction] Score: 26.5205,  Loss: 595.9533,  Infeasible_rate: [100.0000%, 100.0000%], out: 81.1275, out_nodes: 25, Feasible_dist: 0.0000
[2026-09-04 02:53:23] utils.py(229) : [Improvement] Score: 150.5344 [BSF: 149.0981],  Loss: 10.2828,  Infeasible_rate: [100.0000%, 100.0000%], out: 156.8756, out_nodes: 56, Feasible_dist: 0.0000, Entropy: 2.4160
[2026-09-04 02:53:23] utils.py(229) : Diversity Loss: 9.5261, Constructive RL loss: 596.0485, Slack loss: 0.5818 (adds 59.60)
[2026-09-04 02:53:25] utils.py(229) : Rank 0 >> Epoch 1: Train (5%)
[2026-09-04 02:53:25] utils.py(229) : [Construction] Score: 26.4497,  Loss: 597.8827,  Infeasible_rate: [100.0000%, 100.0000%], out: 79.7791, out_nodes: 25, Feasible_dist: 0.0000
[2026-09-04 02:53:25] utils.py(229) : [Improvement] Score: 149.3046 [BSF: 147.8772],  Loss: 10.1149,  Infeasible_rate: [100.0000%, 100.0000%], out: 155.9366, out_nodes: 56, Feasible_dist: 0.0000, Entropy: 2.4092
[2026-09-04 02:53:25] utils.py(229) : Diversity Loss: 9.5276, Constructive RL loss: 597.9779, Slack loss: 0.5826 (adds 59.79)
[2026-09-04 02:53:27] utils.py(229) : Rank 0 >> Epoch 1: Train (5%)
[2026-09-04 02:53:27] utils.py(229) : [Construction] Score: 26.5279,  Loss: 599.8507,  Infeasible_rate: [100.0000%, 100.0000%], out: 80.2475, out_nodes: 25, Feasible_dist: 0.0000
[2026-09-04 02:53:27] utils.py(229) : [Improvement] Score: 149.0962 [BSF: 147.6117],  Loss: 10.0299,  Infeasible_rate: [100.0000%, 100.0000%], out: 157.2887, out_nodes: 56, Feasible_dist: 0.0000, Entropy: 2.4091
[2026-09-04 02:53:27] utils.py(229) : Diversity Loss: 9.5244, Constructive RL loss: 599.9458, Slack loss: 0.5837 (adds 59.99)
[2026-09-04 02:53:29] utils.py(229) : Rank 0 >> Epoch 1: Train (5%)
[2026-09-04 02:53:29] utils.py(229) : [Construction] Score: 26.4683,  Loss: 606.5914,  Infeasible_rate: [100.0000%, 100.0000%], out: 80.4945, out_nodes: 25, Feasible_dist: 0.0000
[2026-09-04 02:53:29] utils.py(229) : [Improvement] Score: 148.2120 [BSF: 146.8440],  Loss: 10.0487,  Infeasible_rate: [100.0000%, 100.0000%], out: 156.9862, out_nodes: 56, Feasible_dist: 0.0000, Entropy: 2.4140
[2026-09-04 02:53:29] utils.py(229) : Diversity Loss: 9.5195, Constructive RL loss: 606.6865, Slack loss: 0.5853 (adds 60.66)
[2026-09-04 02:53:31] utils.py(229) : Rank 0 >> Epoch 1: Train (5%)
[2026-09-04 02:53:31] utils.py(229) : [Construction] Score: 26.4820,  Loss: 608.3791,  Infeasible_rate: [100.0000%, 100.0000%], out: 80.0566, out_nodes: 25, Feasible_dist: 0.0000
[2026-09-04 02:53:31] utils.py(229) : [Improvement] Score: 147.7767 [BSF: 146.3714],  Loss: 10.1105,  Infeasible_rate: [100.0000%, 100.0000%], out: 157.5726, out_nodes: 56, Feasible_dist: 0.0000, Entropy: 2.4152
[2026-09-04 02:53:31] utils.py(229) : Diversity Loss: 9.5154, Constructive RL loss: 608.4741, Slack loss: 0.5861 (adds 60.84)
[2026-09-04 02:53:33] utils.py(229) : Rank 0 >> Epoch 1: Train (5%)
[2026-09-04 02:53:33] utils.py(229) : [Construction] Score: 26.4689,  Loss: 601.2154,  Infeasible_rate: [100.0000%, 100.0000%], out: 79.6988, out_nodes: 25, Feasible_dist: 0.0000
[2026-09-04 02:53:33] utils.py(229) : [Improvement] Score: 147.3439 [BSF: 145.8205],  Loss: 10.2421,  Infeasible_rate: [100.0000%, 100.0000%], out: 156.8350, out_nodes: 56, Feasible_dist: 0.0000, Entropy: 2.4120
[2026-09-04 02:53:33] utils.py(229) : Diversity Loss: 9.5145, Constructive RL loss: 601.3105, Slack loss: 0.5859 (adds 60.12)
[2026-09-04 02:53:35] utils.py(229) : Rank 0 >> Epoch 1: Train (5%)
[2026-09-04 02:53:35] utils.py(229) : [Construction] Score: 26.5129,  Loss: 599.5961,  Infeasible_rate: [100.0000%, 100.0000%], out: 79.7699, out_nodes: 25, Feasible_dist: 0.0000
[2026-09-04 02:53:35] utils.py(229) : [Improvement] Score: 147.0180 [BSF: 145.5451],  Loss: 10.5534,  Infeasible_rate: [100.0000%, 100.0000%], out: 156.2982, out_nodes: 56, Feasible_dist: 0.0000, Entropy: 2.4134
[2026-09-04 02:53:35] utils.py(229) : Diversity Loss: 9.5162, Constructive RL loss: 599.6912, Slack loss: 0.5861 (adds 59.96)
[2026-09-04 02:53:37] utils.py(229) : Rank 0 >> Epoch 1: Train (5%)
[2026-09-04 02:53:37] utils.py(229) : [Construction] Score: 26.5146,  Loss: 608.1213,  Infeasible_rate: [100.0000%, 100.0000%], out: 79.6611, out_nodes: 25, Feasible_dist: 0.0000
[2026-09-04 02:53:37] utils.py(229) : [Improvement] Score: 146.9804 [BSF: 145.5925],  Loss: 10.3001,  Infeasible_rate: [100.0000%, 100.0000%], out: 156.0777, out_nodes: 56, Feasible_dist: 0.0000, Entropy: 2.4140
[2026-09-04 02:53:37] utils.py(229) : Diversity Loss: 9.5187, Constructive RL loss: 608.2164, Slack loss: 0.5868 (adds 60.81)
[2026-09-04 02:53:39] utils.py(229) : Rank 0 >> Epoch 1: Train (10%)
[2026-09-04 02:53:39] utils.py(229) : [Construction] Score: 26.5235,  Loss: 611.1534,  Infeasible_rate: [100.0000%, 100.0000%], out: 79.4355, out_nodes: 25, Feasible_dist: 0.0000
[2026-09-04 02:53:39] utils.py(229) : [Improvement] Score: 147.0611 [BSF: 145.6862],  Loss: 10.2383,  Infeasible_rate: [100.0000%, 100.0000%], out: 155.4869, out_nodes: 56, Feasible_dist: 0.0000, Entropy: 2.4132
[2026-09-04 02:53:39] utils.py(229) : Diversity Loss: 9.5169, Constructive RL loss: 611.2485, Slack loss: 0.5867 (adds 61.12)
[2026-09-04 02:53:42] utils.py(229) : Rank 0 >> Epoch 1: Train (10%)
[2026-09-04 02:53:42] utils.py(229) : [Construction] Score: 26.4770,  Loss: 611.2217,  Infeasible_rate: [100.0000%, 100.0000%], out: 79.7579, out_nodes: 25, Feasible_dist: 0.0000
[2026-09-04 02:53:42] utils.py(229) : [Improvement] Score: 147.4422 [BSF: 146.0926],  Loss: 10.3535,  Infeasible_rate: [100.0000%, 100.0000%], out: 155.7533, out_nodes: 56, Feasible_dist: 0.0000, Entropy: 2.4163
[2026-09-04 02:53:42] utils.py(229) : Diversity Loss: 9.5187, Constructive RL loss: 611.3169, Slack loss: 0.5874 (adds 61.12)
[2026-09-04 02:53:44] utils.py(229) : Rank 0 >> Epoch 1: Train (10%)
[2026-09-04 02:53:44] utils.py(229) : [Construction] Score: 26.4985,  Loss: 616.8257,  Infeasible_rate: [100.0000%, 100.0000%], out: 79.4123, out_nodes: 25, Feasible_dist: 0.0000
[2026-09-04 02:53:44] utils.py(229) : [Improvement] Score: 147.0268 [BSF: 145.7265],  Loss: 10.1144,  Infeasible_rate: [100.0000%, 100.0000%], out: 155.0594, out_nodes: 56, Feasible_dist: 0.0000, Entropy: 2.4149
[2026-09-04 02:53:44] utils.py(229) : Diversity Loss: 9.5239, Constructive RL loss: 616.9208, Slack loss: 0.5868 (adds 61.68)
[2026-09-04 02:53:46] utils.py(229) : Rank 0 >> Epoch 1: Train (10%)
[2026-09-04 02:53:46] utils.py(229) : [Construction] Score: 26.5013,  Loss: 619.1907,  Infeasible_rate: [100.0000%, 100.0000%], out: 79.0902, out_nodes: 25, Feasible_dist: 0.0000
[2026-09-04 02:53:46] utils.py(229) : [Improvement] Score: 146.8354 [BSF: 145.5428],  Loss: 10.0937,  Infeasible_rate: [100.0000%, 100.0000%], out: 154.8720, out_nodes: 56, Feasible_dist: 0.0000, Entropy: 2.4157
[2026-09-04 02:53:46] utils.py(229) : Diversity Loss: 9.5214, Constructive RL loss: 619.2858, Slack loss: 0.5870 (adds 61.92)
[2026-09-04 02:53:48] utils.py(229) : Rank 0 >> Epoch 1: Train (10%)
[2026-09-04 02:53:48] utils.py(229) : [Construction] Score: 26.5317,  Loss: 624.2829,  Infeasible_rate: [100.0000%, 100.0000%], out: 79.1147, out_nodes: 25, Feasible_dist: 0.0000
[2026-09-04 02:53:48] utils.py(229) : [Improvement] Score: 147.0381 [BSF: 145.7972],  Loss: 10.1872,  Infeasible_rate: [100.0000%, 100.0000%], out: 155.0941, out_nodes: 56, Feasible_dist: 0.0000, Entropy: 2.4140
[2026-09-04 02:53:48] utils.py(229) : Diversity Loss: 9.5206, Constructive RL loss: 624.3781, Slack loss: 0.5869 (adds 62.43)
[2026-09-04 02:53:50] utils.py(229) : Rank 0 >> Epoch 1: Train (10%)
[2026-09-04 02:53:50] utils.py(229) : [Construction] Score: 26.5295,  Loss: 619.7211,  Infeasible_rate: [100.0000%, 100.0000%], out: 79.2786, out_nodes: 25, Feasible_dist: 0.0000
[2026-09-04 02:53:50] utils.py(229) : [Improvement] Score: 147.1687 [BSF: 145.9843],  Loss: 10.1231,  Infeasible_rate: [100.0000%, 100.0000%], out: 154.9331, out_nodes: 56, Feasible_dist: 0.0000, Entropy: 2.4152
[2026-09-04 02:53:50] utils.py(229) : Diversity Loss: 9.5215, Constructive RL loss: 619.8163, Slack loss: 0.5862 (adds 61.97)
[2026-09-04 02:53:52] utils.py(229) : Rank 0 >> Epoch 1: Train (10%)
[2026-09-04 02:53:52] utils.py(229) : [Construction] Score: 26.5410,  Loss: 622.0777,  Infeasible_rate: [100.0000%, 100.0000%], out: 79.2999, out_nodes: 25, Feasible_dist: 0.0000
[2026-09-04 02:53:52] utils.py(229) : [Improvement] Score: 146.8238 [BSF: 145.6701],  Loss: 9.9839,  Infeasible_rate: [100.0000%, 100.0000%], out: 154.1186, out_nodes: 55, Feasible_dist: 0.0000, Entropy: 2.4127
[2026-09-04 02:53:52] utils.py(229) : Diversity Loss: 9.5273, Constructive RL loss: 622.1729, Slack loss: 0.5860 (adds 62.21)
[2026-09-04 02:53:54] utils.py(229) : Rank 0 >> Epoch 1: Train (10%)
[2026-09-04 02:53:54] utils.py(229) : [Construction] Score: 26.5343,  Loss: 624.0055,  Infeasible_rate: [100.0000%, 100.0000%], out: 79.3415, out_nodes: 25, Feasible_dist: 0.0000
[2026-09-04 02:53:54] utils.py(229) : [Improvement] Score: 147.0502 [BSF: 145.8899],  Loss: 9.8291,  Infeasible_rate: [100.0000%, 100.0000%], out: 154.5481, out_nodes: 56, Feasible_dist: 0.0000, Entropy: 2.4116
[2026-09-04 02:53:54] utils.py(229) : Diversity Loss: 9.5233, Constructive RL loss: 624.1007, Slack loss: 0.5864 (adds 62.40)
[2026-09-04 02:53:56] utils.py(229) : Rank 0 >> Epoch 1: Train (15%)
[2026-09-04 02:53:56] utils.py(229) : [Construction] Score: 26.5638,  Loss: 618.7968,  Infeasible_rate: [100.0000%, 100.0000%], out: 79.0230, out_nodes: 25, Feasible_dist: 0.0000
[2026-09-04 02:53:56] utils.py(229) : [Improvement] Score: 146.8398 [BSF: 145.6898],  Loss: 9.8371,  Infeasible_rate: [100.0000%, 100.0000%], out: 153.8423, out_nodes: 55, Feasible_dist: 0.0000, Entropy: 2.4106
[2026-09-04 02:53:56] utils.py(229) : Diversity Loss: 9.5258, Constructive RL loss: 618.8920, Slack loss: 0.5856 (adds 61.88)
[2026-09-04 02:53:58] utils.py(229) : Rank 0 >> Epoch 1: Train (15%)
[2026-09-04 02:53:58] utils.py(229) : [Construction] Score: 26.5634,  Loss: 615.9515,  Infeasible_rate: [100.0000%, 100.0000%], out: 79.1683, out_nodes: 25, Feasible_dist: 0.0000
[2026-09-04 02:53:58] utils.py(229) : [Improvement] Score: 146.8932 [BSF: 145.7507],  Loss: 9.8668,  Infeasible_rate: [100.0000%, 100.0000%], out: 154.1599, out_nodes: 55, Feasible_dist: 0.0000, Entropy: 2.4116
[2026-09-04 02:53:58] utils.py(229) : Diversity Loss: 9.5228, Constructive RL loss: 616.0467, Slack loss: 0.5860 (adds 61.60)
[2026-09-04 02:54:00] utils.py(229) : Rank 0 >> Epoch 1: Train (15%)
[2026-09-04 02:54:00] utils.py(229) : [Construction] Score: 26.5540,  Loss: 613.1076,  Infeasible_rate: [100.0000%, 100.0000%], out: 79.5061, out_nodes: 25, Feasible_dist: 0.0000
[2026-09-04 02:54:00] utils.py(229) : [Improvement] Score: 146.8198 [BSF: 145.6957],  Loss: 10.0855,  Infeasible_rate: [100.0000%, 100.0000%], out: 154.3691, out_nodes: 56, Feasible_dist: 0.0000, Entropy: 2.4130
[2026-09-04 02:54:00] utils.py(229) : Diversity Loss: 9.5204, Constructive RL loss: 613.2028, Slack loss: 0.5864 (adds 61.31)
[2026-09-04 02:54:02] utils.py(229) : Rank 0 >> Epoch 1: Train (15%)
[2026-09-04 02:54:02] utils.py(229) : [Construction] Score: 26.5755,  Loss: 612.4822,  Infeasible_rate: [100.0000%, 100.0000%], out: 79.5482, out_nodes: 25, Feasible_dist: 0.0000
[2026-09-04 02:54:02] utils.py(229) : [Improvement] Score: 147.3127 [BSF: 146.0974],  Loss: 10.1133,  Infeasible_rate: [100.0000%, 100.0000%], out: 154.6256, out_nodes: 56, Feasible_dist: 0.0000, Entropy: 2.4108
[2026-09-04 02:54:02] utils.py(229) : Diversity Loss: 9.5215, Constructive RL loss: 612.5774, Slack loss: 0.5865 (adds 61.25)
[2026-09-04 02:54:04] utils.py(229) : Rank 0 >> Epoch 1: Train (15%)
[2026-09-04 02:54:04] utils.py(229) : [Construction] Score: 26.5883,  Loss: 615.2745,  Infeasible_rate: [100.0000%, 100.0000%], out: 79.5678, out_nodes: 25, Feasible_dist: 0.0000
[2026-09-04 02:54:04] utils.py(229) : [Improvement] Score: 147.5193 [BSF: 146.3459],  Loss: 10.1227,  Infeasible_rate: [100.0000%, 100.0000%], out: 154.5375, out_nodes: 56, Feasible_dist: 0.0000, Entropy: 2.4114
[2026-09-04 02:54:04] utils.py(229) : Diversity Loss: 9.5245, Constructive RL loss: 615.3698, Slack loss: 0.5861 (adds 61.53)
[2026-09-04 02:54:07] utils.py(229) : Rank 0 >> Epoch 1: Train (15%)
[2026-09-04 02:54:07] utils.py(229) : [Construction] Score: 26.5791,  Loss: 616.4624,  Infeasible_rate: [100.0000%, 100.0000%], out: 79.6559, out_nodes: 25, Feasible_dist: 0.0000
[2026-09-04 02:54:07] utils.py(229) : [Improvement] Score: 147.8740 [BSF: 146.7044],  Loss: 10.1280,  Infeasible_rate: [100.0000%, 100.0000%], out: 155.0802, out_nodes: 56, Feasible_dist: 0.0000, Entropy: 2.4110
[2026-09-04 02:54:07] utils.py(229) : Diversity Loss: 9.5232, Constructive RL loss: 616.5576, Slack loss: 0.5866 (adds 61.65)
[2026-09-04 02:54:09] utils.py(229) : Rank 0 >> Epoch 1: Train (15%)
[2026-09-04 02:54:09] utils.py(229) : [Construction] Score: 26.6199,  Loss: 615.5997,  Infeasible_rate: [100.0000%, 100.0000%], out: 79.1319, out_nodes: 25, Feasible_dist: 0.0000
[2026-09-04 02:54:09] utils.py(229) : [Improvement] Score: 147.2461 [BSF: 146.1143],  Loss: 10.0164,  Infeasible_rate: [100.0000%, 100.0000%], out: 154.1280, out_nodes: 56, Feasible_dist: 0.0000, Entropy: 2.4119
[2026-09-04 02:54:09] utils.py(229) : Diversity Loss: 9.5273, Constructive RL loss: 615.6950, Slack loss: 0.5855 (adds 61.56)
[2026-09-04 02:54:11] utils.py(229) : Rank 0 >> Epoch 1: Train (15%)
[2026-09-04 02:54:11] utils.py(229) : [Construction] Score: 26.6091,  Loss: 614.0558,  Infeasible_rate: [100.0000%, 100.0000%], out: 79.1287, out_nodes: 25, Feasible_dist: 0.0000
[2026-09-04 02:54:11] utils.py(229) : [Improvement] Score: 147.2142 [BSF: 146.0947],  Loss: 9.9965,  Infeasible_rate: [100.0000%, 100.0000%], out: 153.6305, out_nodes: 55, Feasible_dist: 0.0000, Entropy: 2.4115
[2026-09-04 02:54:11] utils.py(229) : Diversity Loss: 9.5262, Constructive RL loss: 614.1511, Slack loss: 0.5848 (adds 61.41)
[2026-09-04 02:54:13] utils.py(229) : Rank 0 >> Epoch 1: Train (20%)
[2026-09-04 02:54:13] utils.py(229) : [Construction] Score: 26.5872,  Loss: 610.4049,  Infeasible_rate: [100.0000%, 100.0000%], out: 78.6437, out_nodes: 25, Feasible_dist: 0.0000
[2026-09-04 02:54:13] utils.py(229) : [Improvement] Score: 146.6851 [BSF: 145.5954],  Loss: 9.9155,  Infeasible_rate: [100.0000%, 100.0000%], out: 152.7855, out_nodes: 55, Feasible_dist: 0.0000, Entropy: 2.4126
[2026-09-04 02:54:13] utils.py(229) : Diversity Loss: 9.5302, Constructive RL loss: 610.5002, Slack loss: 0.5839 (adds 61.04)
[2026-09-04 02:54:15] utils.py(229) : Rank 0 >> Epoch 1: Train (20%)
[2026-09-04 02:54:15] utils.py(229) : [Construction] Score: 26.6044,  Loss: 612.3092,  Infeasible_rate: [100.0000%, 100.0000%], out: 78.5064, out_nodes: 25, Feasible_dist: 0.0000
[2026-09-04 02:54:15] utils.py(229) : [Improvement] Score: 146.5547 [BSF: 145.4289],  Loss: 9.9539,  Infeasible_rate: [100.0000%, 100.0000%], out: 152.7707, out_nodes: 55, Feasible_dist: 0.0000, Entropy: 2.4123
[2026-09-04 02:54:15] utils.py(229) : Diversity Loss: 9.5314, Constructive RL loss: 612.4045, Slack loss: 0.5838 (adds 61.23)
[2026-09-04 02:54:17] utils.py(229) : Rank 0 >> Epoch 1: Train (20%)
[2026-09-04 02:54:17] utils.py(229) : [Construction] Score: 26.6307,  Loss: 616.1453,  Infeasible_rate: [100.0000%, 100.0000%], out: 78.1611, out_nodes: 25, Feasible_dist: 0.0000
[2026-09-04 02:54:17] utils.py(229) : [Improvement] Score: 146.3863 [BSF: 145.2277],  Loss: 9.9020,  Infeasible_rate: [100.0000%, 100.0000%], out: 152.8762, out_nodes: 55, Feasible_dist: 0.0000, Entropy: 2.4130
[2026-09-04 02:54:17] utils.py(229) : Diversity Loss: 9.5290, Constructive RL loss: 616.2405, Slack loss: 0.5840 (adds 61.61)
[2026-09-04 02:54:20] utils.py(229) : Rank 0 >> Epoch 1: Train (20%)
[2026-09-04 02:54:20] utils.py(229) : [Construction] Score: 26.6357,  Loss: 615.7095,  Infeasible_rate: [100.0000%, 100.0000%], out: 78.1967, out_nodes: 25, Feasible_dist: 0.0000
[2026-09-04 02:54:20] utils.py(229) : [Improvement] Score: 146.3569 [BSF: 145.2305],  Loss: 9.9093,  Infeasible_rate: [100.0000%, 100.0000%], out: 153.0583, out_nodes: 55, Feasible_dist: 0.0000, Entropy: 2.4116
[2026-09-04 02:54:20] utils.py(229) : Diversity Loss: 9.5271, Constructive RL loss: 615.8047, Slack loss: 0.5844 (adds 61.57)
[2026-09-04 02:54:22] utils.py(229) : Rank 0 >> Epoch 1: Train (20%)
[2026-09-04 02:54:22] utils.py(229) : [Construction] Score: 26.6222,  Loss: 613.9699,  Infeasible_rate: [100.0000%, 100.0000%], out: 78.3094, out_nodes: 25, Feasible_dist: 0.0000
[2026-09-04 02:54:22] utils.py(229) : [Improvement] Score: 146.6507 [BSF: 145.5203],  Loss: 9.8726,  Infeasible_rate: [100.0000%, 100.0000%], out: 153.3056, out_nodes: 55, Feasible_dist: 0.0000, Entropy: 2.4129
[2026-09-04 02:54:22] utils.py(229) : Diversity Loss: 9.5266, Constructive RL loss: 614.0652, Slack loss: 0.5845 (adds 61.40)
[2026-09-04 02:54:24] utils.py(229) : Rank 0 >> Epoch 1: Train (20%)
[2026-09-04 02:54:24] utils.py(229) : [Construction] Score: 26.6218,  Loss: 614.7798,  Infeasible_rate: [100.0000%, 100.0000%], out: 78.3502, out_nodes: 25, Feasible_dist: 0.0000
[2026-09-04 02:54:24] utils.py(229) : [Improvement] Score: 146.5297 [BSF: 145.3430],  Loss: 9.9149,  Infeasible_rate: [100.0000%, 100.0000%], out: 153.3243, out_nodes: 55, Feasible_dist: 0.0000, Entropy: 2.4152
[2026-09-04 02:54:24] utils.py(229) : Diversity Loss: 9.5256, Constructive RL loss: 614.8750, Slack loss: 0.5843 (adds 61.48)
[2026-09-04 02:54:27] utils.py(229) : Rank 0 >> Epoch 1: Train (20%)
[2026-09-04 02:54:27] utils.py(229) : [Construction] Score: 26.6137,  Loss: 614.3258,  Infeasible_rate: [100.0000%, 100.0000%], out: 78.3222, out_nodes: 25, Feasible_dist: 0.0000
[2026-09-04 02:54:27] utils.py(229) : [Improvement] Score: 146.7355 [BSF: 145.5326],  Loss: 9.8706,  Infeasible_rate: [100.0000%, 100.0000%], out: 153.5425, out_nodes: 55, Feasible_dist: 0.0000, Entropy: 2.4158
[2026-09-04 02:54:27] utils.py(229) : Diversity Loss: 9.5230, Constructive RL loss: 614.4210, Slack loss: 0.5847 (adds 61.43)
[2026-09-04 02:54:29] utils.py(229) : Rank 0 >> Epoch 1: Train (20%)
[2026-09-04 02:54:29] utils.py(229) : [Construction] Score: 26.6126,  Loss: 613.0749,  Infeasible_rate: [100.0000%, 100.0000%], out: 78.4291, out_nodes: 25, Feasible_dist: 0.0000
[2026-09-04 02:54:29] utils.py(229) : [Improvement] Score: 146.6759 [BSF: 145.5031],  Loss: 9.7924,  Infeasible_rate: [100.0000%, 100.0000%], out: 153.8206, out_nodes: 55, Feasible_dist: 0.0000, Entropy: 2.4159
[2026-09-04 02:54:29] utils.py(229) : Diversity Loss: 9.5210, Constructive RL loss: 613.1701, Slack loss: 0.5847 (adds 61.31)
[2026-09-04 02:54:31] utils.py(229) : Rank 0 >> Epoch 1: Train (25%)
[2026-09-04 02:54:31] utils.py(229) : [Construction] Score: 26.6148,  Loss: 612.2386,  Infeasible_rate: [100.0000%, 100.0000%], out: 78.5434, out_nodes: 25, Feasible_dist: 0.0000
[2026-09-04 02:54:31] utils.py(229) : [Improvement] Score: 146.6510 [BSF: 145.5068],  Loss: 9.8368,  Infeasible_rate: [100.0000%, 100.0000%], out: 154.1512, out_nodes: 55, Feasible_dist: 0.0000, Entropy: 2.4165
[2026-09-04 02:54:31] utils.py(229) : Diversity Loss: 9.5204, Constructive RL loss: 612.3338, Slack loss: 0.5848 (adds 61.22)
[2026-09-04 02:54:33] utils.py(229) : Rank 0 >> Epoch 1: Train (25%)
[2026-09-04 02:54:33] utils.py(229) : [Construction] Score: 26.6005,  Loss: 614.7331,  Infeasible_rate: [100.0000%, 100.0000%], out: 78.5660, out_nodes: 25, Feasible_dist: 0.0000
[2026-09-04 02:54:33] utils.py(229) : [Improvement] Score: 146.6657 [BSF: 145.5488],  Loss: 9.8196,  Infeasible_rate: [100.0000%, 100.0000%], out: 154.2145, out_nodes: 55, Feasible_dist: 0.0000, Entropy: 2.4175
[2026-09-04 02:54:33] utils.py(229) : Diversity Loss: 9.5197, Constructive RL loss: 614.8283, Slack loss: 0.5847 (adds 61.47)
[2026-09-04 02:54:35] utils.py(229) : Rank 0 >> Epoch 1: Train (25%)
[2026-09-04 02:54:35] utils.py(229) : [Construction] Score: 26.5968,  Loss: 614.2017,  Infeasible_rate: [100.0000%, 100.0000%], out: 78.7996, out_nodes: 25, Feasible_dist: 0.0000
[2026-09-04 02:54:35] utils.py(229) : [Improvement] Score: 147.3414 [BSF: 146.1910],  Loss: 9.8167,  Infeasible_rate: [100.0000%, 100.0000%], out: 154.7166, out_nodes: 56, Feasible_dist: 0.0000, Entropy: 2.4171
[2026-09-04 02:54:35] utils.py(229) : Diversity Loss: 9.5184, Constructive RL loss: 614.2969, Slack loss: 0.5852 (adds 61.42)
[2026-09-04 02:54:37] utils.py(229) : Rank 0 >> Epoch 1: Train (25%)
[2026-09-04 02:54:37] utils.py(229) : [Construction] Score: 26.6028,  Loss: 614.6387,  Infeasible_rate: [100.0000%, 100.0000%], out: 79.0632, out_nodes: 25, Feasible_dist: 0.0000
[2026-09-04 02:54:37] utils.py(229) : [Improvement] Score: 147.6910 [BSF: 146.5668],  Loss: 9.8651,  Infeasible_rate: [100.0000%, 100.0000%], out: 154.9667, out_nodes: 56, Feasible_dist: 0.0000, Entropy: 2.4173
[2026-09-04 02:54:37] utils.py(229) : Diversity Loss: 9.5170, Constructive RL loss: 614.7339, Slack loss: 0.5854 (adds 61.46)
[2026-09-04 02:54:40] utils.py(229) : Rank 0 >> Epoch 1: Train (25%)
[2026-09-04 02:54:40] utils.py(229) : [Construction] Score: 26.6173,  Loss: 613.5157,  Infeasible_rate: [100.0000%, 100.0000%], out: 78.8800, out_nodes: 25, Feasible_dist: 0.0000
[2026-09-04 02:54:40] utils.py(229) : [Improvement] Score: 147.3599 [BSF: 146.2607],  Loss: 9.8922,  Infeasible_rate: [100.0000%, 100.0000%], out: 154.5874, out_nodes: 56, Feasible_dist: 0.0000, Entropy: 2.4176
[2026-09-04 02:54:40] utils.py(229) : Diversity Loss: 9.5170, Constructive RL loss: 613.6109, Slack loss: 0.5854 (adds 61.35)
[2026-09-04 02:54:42] utils.py(229) : Rank 0 >> Epoch 1: Train (25%)
[2026-09-04 02:54:42] utils.py(229) : [Construction] Score: 26.6300,  Loss: 612.2390,  Infeasible_rate: [100.0000%, 100.0000%], out: 78.9068, out_nodes: 25, Feasible_dist: 0.0000
[2026-09-04 02:54:42] utils.py(229) : [Improvement] Score: 147.2995 [BSF: 146.1822],  Loss: 9.8698,  Infeasible_rate: [100.0000%, 100.0000%], out: 154.4473, out_nodes: 56, Feasible_dist: 0.0000, Entropy: 2.4173
[2026-09-04 02:54:42] utils.py(229) : Diversity Loss: 9.5191, Constructive RL loss: 612.3342, Slack loss: 0.5853 (adds 61.22)
[2026-09-04 02:54:44] utils.py(229) : Rank 0 >> Epoch 1: Train (25%)
[2026-09-04 02:54:44] utils.py(229) : [Construction] Score: 26.6111,  Loss: 612.6315,  Infeasible_rate: [100.0000%, 100.0000%], out: 78.8340, out_nodes: 25, Feasible_dist: 0.0000
[2026-09-04 02:54:44] utils.py(229) : [Improvement] Score: 147.4217 [BSF: 146.2878],  Loss: 9.8860,  Infeasible_rate: [100.0000%, 100.0000%], out: 154.4437, out_nodes: 56, Feasible_dist: 0.0000, Entropy: 2.4169
[2026-09-04 02:54:44] utils.py(229) : Diversity Loss: 9.5186, Constructive RL loss: 612.7267, Slack loss: 0.5857 (adds 61.26)
[2026-09-04 02:54:46] utils.py(229) : Rank 0 >> Epoch 1: Train (25%)
[2026-09-04 02:54:46] utils.py(229) : [Construction] Score: 26.6022,  Loss: 613.6901,  Infeasible_rate: [100.0000%, 100.0000%], out: 78.6566, out_nodes: 25, Feasible_dist: 0.0000
[2026-09-04 02:54:46] utils.py(229) : [Improvement] Score: 147.1390 [BSF: 145.9773],  Loss: 9.8897,  Infeasible_rate: [100.0000%, 100.0000%], out: 153.8731, out_nodes: 55, Feasible_dist: 0.0000, Entropy: 2.4160
[2026-09-04 02:54:46] utils.py(229) : Diversity Loss: 9.5202, Constructive RL loss: 613.7853, Slack loss: 0.5855 (adds 61.37)
[2026-09-04 02:54:49] utils.py(229) : Rank 0 >> Epoch 1: Train (30%)
[2026-09-04 02:54:49] utils.py(229) : [Construction] Score: 26.5836,  Loss: 614.8258,  Infeasible_rate: [100.0000%, 100.0000%], out: 78.5422, out_nodes: 25, Feasible_dist: 0.0000
[2026-09-04 02:54:49] utils.py(229) : [Improvement] Score: 146.9310 [BSF: 145.7709],  Loss: 9.7874,  Infeasible_rate: [100.0000%, 100.0000%], out: 153.8158, out_nodes: 55, Feasible_dist: 0.0000, Entropy: 2.4162
[2026-09-04 02:54:49] utils.py(229) : Diversity Loss: 9.5209, Constructive RL loss: 614.9210, Slack loss: 0.5857 (adds 61.48)
[2026-09-04 02:54:51] utils.py(229) : Rank 0 >> Epoch 1: Train (30%)
[2026-09-04 02:54:51] utils.py(229) : [Construction] Score: 26.5840,  Loss: 613.6336,  Infeasible_rate: [100.0000%, 100.0000%], out: 78.4893, out_nodes: 25, Feasible_dist: 0.0000
[2026-09-04 02:54:51] utils.py(229) : [Improvement] Score: 146.8153 [BSF: 145.6568],  Loss: 9.7305,  Infeasible_rate: [100.0000%, 100.0000%], out: 153.4874, out_nodes: 55, Feasible_dist: 0.0000, Entropy: 2.4163
[2026-09-04 02:54:51] utils.py(229) : Diversity Loss: 9.5217, Constructive RL loss: 613.7289, Slack loss: 0.5853 (adds 61.36)
[2026-09-04 02:54:53] utils.py(229) : Rank 0 >> Epoch 1: Train (30%)
[2026-09-04 02:54:53] utils.py(229) : [Construction] Score: 26.5897,  Loss: 613.8258,  Infeasible_rate: [100.0000%, 100.0000%], out: 78.4499, out_nodes: 25, Feasible_dist: 0.0000
[2026-09-04 02:54:53] utils.py(229) : [Improvement] Score: 146.6941 [BSF: 145.5412],  Loss: 9.7960,  Infeasible_rate: [100.0000%, 100.0000%], out: 153.5209, out_nodes: 55, Feasible_dist: 0.0000, Entropy: 2.4183
[2026-09-04 02:54:53] utils.py(229) : Diversity Loss: 9.5222, Constructive RL loss: 613.9210, Slack loss: 0.5855 (adds 61.38)
[2026-09-04 02:54:56] utils.py(229) : Rank 0 >> Epoch 1: Train (30%)
[2026-09-04 02:54:56] utils.py(229) : [Construction] Score: 26.6099,  Loss: 615.4965,  Infeasible_rate: [100.0000%, 100.0000%], out: 78.1885, out_nodes: 25, Feasible_dist: 0.0000
[2026-09-04 02:54:56] utils.py(229) : [Improvement] Score: 146.5225 [BSF: 145.3682],  Loss: 9.8369,  Infeasible_rate: [100.0000%, 100.0000%], out: 153.2878, out_nodes: 55, Feasible_dist: 0.0000, Entropy: 2.4196
[2026-09-04 02:54:56] utils.py(229) : Diversity Loss: 9.5226, Constructive RL loss: 615.5917, Slack loss: 0.5856 (adds 61.55)
[2026-09-04 02:54:58] utils.py(229) : Rank 0 >> Epoch 1: Train (30%)
[2026-09-04 02:54:58] utils.py(229) : [Construction] Score: 26.6098,  Loss: 615.8564,  Infeasible_rate: [100.0000%, 100.0000%], out: 78.0552, out_nodes: 25, Feasible_dist: 0.0000
[2026-09-04 02:54:58] utils.py(229) : [Improvement] Score: 146.1507 [BSF: 145.0179],  Loss: 9.8024,  Infeasible_rate: [100.0000%, 100.0000%], out: 153.1171, out_nodes: 55, Feasible_dist: 0.0000, Entropy: 2.4189
[2026-09-04 02:54:58] utils.py(229) : Diversity Loss: 9.5241, Constructive RL loss: 615.9517, Slack loss: 0.5854 (adds 61.59)
[2026-09-04 02:55:00] utils.py(229) : Rank 0 >> Epoch 1: Train (30%)
[2026-09-04 02:55:00] utils.py(229) : [Construction] Score: 26.5889,  Loss: 614.3872,  Infeasible_rate: [100.0000%, 100.0000%], out: 77.6975, out_nodes: 25, Feasible_dist: 0.0000
[2026-09-04 02:55:00] utils.py(229) : [Improvement] Score: 145.8052 [BSF: 144.6693],  Loss: 9.7756,  Infeasible_rate: [100.0000%, 100.0000%], out: 152.7047, out_nodes: 55, Feasible_dist: 0.0000, Entropy: 2.4209
[2026-09-04 02:55:00] utils.py(229) : Diversity Loss: 9.5244, Constructive RL loss: 614.4824, Slack loss: 0.5852 (adds 61.44)
[2026-09-04 02:55:03] utils.py(229) : Rank 0 >> Epoch 1: Train (30%)
[2026-09-04 02:55:03] utils.py(229) : [Construction] Score: 26.5877,  Loss: 613.2604,  Infeasible_rate: [100.0000%, 100.0000%], out: 77.8747, out_nodes: 25, Feasible_dist: 0.0000
[2026-09-04 02:55:03] utils.py(229) : [Improvement] Score: 145.8327 [BSF: 144.6989],  Loss: 9.8437,  Infeasible_rate: [100.0000%, 100.0000%], out: 152.8226, out_nodes: 55, Feasible_dist: 0.0000, Entropy: 2.4206
[2026-09-04 02:55:03] utils.py(229) : Diversity Loss: 9.5237, Constructive RL loss: 613.3557, Slack loss: 0.5854 (adds 61.33)
[2026-09-04 02:55:05] utils.py(229) : Rank 0 >> Epoch 1: Train (30%)
[2026-09-04 02:55:05] utils.py(229) : [Construction] Score: 26.5939,  Loss: 611.0274,  Infeasible_rate: [100.0000%, 100.0000%], out: 78.0036, out_nodes: 25, Feasible_dist: 0.0000
[2026-09-04 02:55:05] utils.py(229) : [Improvement] Score: 145.9644 [BSF: 144.7830],  Loss: 9.8799,  Infeasible_rate: [100.0000%, 100.0000%], out: 152.7133, out_nodes: 55, Feasible_dist: 0.0000, Entropy: 2.4211
[2026-09-04 02:55:05] utils.py(229) : Diversity Loss: 9.5226, Constructive RL loss: 611.1226, Slack loss: 0.5856 (adds 61.10)
[2026-09-04 02:55:08] utils.py(229) : Rank 0 >> Epoch 1: Train (35%)
[2026-09-04 02:55:08] utils.py(229) : [Construction] Score: 26.5866,  Loss: 610.4433,  Infeasible_rate: [100.0000%, 100.0000%], out: 77.8277, out_nodes: 24, Feasible_dist: 0.0000
[2026-09-04 02:55:08] utils.py(229) : [Improvement] Score: 145.8756 [BSF: 144.6829],  Loss: 9.9107,  Infeasible_rate: [100.0000%, 100.0000%], out: 152.5437, out_nodes: 55, Feasible_dist: 0.0000, Entropy: 2.4217
[2026-09-04 02:55:08] utils.py(229) : Diversity Loss: 9.5231, Constructive RL loss: 610.5385, Slack loss: 0.5853 (adds 61.04)
[2026-09-04 02:55:10] utils.py(229) : Rank 0 >> Epoch 1: Train (35%)
[2026-09-04 02:55:10] utils.py(229) : [Construction] Score: 26.5771,  Loss: 611.5183,  Infeasible_rate: [100.0000%, 100.0000%], out: 77.7712, out_nodes: 24, Feasible_dist: 0.0000
[2026-09-04 02:55:10] utils.py(229) : [Improvement] Score: 145.7948 [BSF: 144.5978],  Loss: 9.9333,  Infeasible_rate: [100.0000%, 100.0000%], out: 152.4665, out_nodes: 55, Feasible_dist: 0.0000, Entropy: 2.4216
[2026-09-04 02:55:10] utils.py(229) : Diversity Loss: 9.5238, Constructive RL loss: 611.6136, Slack loss: 0.5853 (adds 61.15)
[2026-09-04 02:55:12] utils.py(229) : Rank 0 >> Epoch 1: Train (35%)
[2026-09-04 02:55:12] utils.py(229) : [Construction] Score: 26.5848,  Loss: 610.5931,  Infeasible_rate: [100.0000%, 100.0000%], out: 77.7121, out_nodes: 24, Feasible_dist: 0.0000
[2026-09-04 02:55:12] utils.py(229) : [Improvement] Score: 145.8119 [BSF: 144.5991],  Loss: 9.9470,  Infeasible_rate: [100.0000%, 100.0000%], out: 152.5432, out_nodes: 55, Feasible_dist: 0.0000, Entropy: 2.4215
[2026-09-04 02:55:12] utils.py(229) : Diversity Loss: 9.5253, Constructive RL loss: 610.6883, Slack loss: 0.5851 (adds 61.06)
[2026-09-04 02:55:14] utils.py(229) : Rank 0 >> Epoch 1: Train (35%)
[2026-09-04 02:55:14] utils.py(229) : [Construction] Score: 26.5713,  Loss: 611.7073,  Infeasible_rate: [100.0000%, 100.0000%], out: 77.4793, out_nodes: 24, Feasible_dist: 0.0000
[2026-09-04 02:55:14] utils.py(229) : [Improvement] Score: 145.5908 [BSF: 144.3467],  Loss: 9.8954,  Infeasible_rate: [100.0000%, 100.0000%], out: 152.2227, out_nodes: 55, Feasible_dist: 0.0000, Entropy: 2.4208
[2026-09-04 02:55:14] utils.py(229) : Diversity Loss: 9.5263, Constructive RL loss: 611.8026, Slack loss: 0.5851 (adds 61.17)
[2026-09-04 02:55:17] utils.py(229) : Rank 0 >> Epoch 1: Train (35%)
[2026-09-04 02:55:17] utils.py(229) : [Construction] Score: 26.5659,  Loss: 611.2360,  Infeasible_rate: [100.0000%, 100.0000%], out: 77.4353, out_nodes: 24, Feasible_dist: 0.0000
[2026-09-04 02:55:17] utils.py(229) : [Improvement] Score: 145.5693 [BSF: 144.2944],  Loss: 9.8730,  Infeasible_rate: [100.0000%, 100.0000%], out: 152.1990, out_nodes: 55, Feasible_dist: 0.0000, Entropy: 2.4209
[2026-09-04 02:55:17] utils.py(229) : Diversity Loss: 9.5254, Constructive RL loss: 611.3313, Slack loss: 0.5852 (adds 61.12)
[2026-09-04 02:55:19] utils.py(229) : Rank 0 >> Epoch 1: Train (35%)
[2026-09-04 02:55:19] utils.py(229) : [Construction] Score: 26.5481,  Loss: 614.5719,  Infeasible_rate: [100.0000%, 100.0000%], out: 77.4429, out_nodes: 24, Feasible_dist: 0.0000
[2026-09-04 02:55:19] utils.py(229) : [Improvement] Score: 145.5578 [BSF: 144.3034],  Loss: 9.8482,  Infeasible_rate: [100.0000%, 100.0000%], out: 152.2125, out_nodes: 55, Feasible_dist: 0.0000, Entropy: 2.4206
[2026-09-04 02:55:19] utils.py(229) : Diversity Loss: 9.5248, Constructive RL loss: 614.6671, Slack loss: 0.5854 (adds 61.46)
[2026-09-04 02:55:21] utils.py(229) : Rank 0 >> Epoch 1: Train (35%)
[2026-09-04 02:55:21] utils.py(229) : [Construction] Score: 26.5547,  Loss: 611.9880,  Infeasible_rate: [100.0000%, 100.0000%], out: 77.2326, out_nodes: 24, Feasible_dist: 0.0000
[2026-09-04 02:55:21] utils.py(229) : [Improvement] Score: 145.4340 [BSF: 144.1718],  Loss: 9.8748,  Infeasible_rate: [100.0000%, 100.0000%], out: 152.0683, out_nodes: 55, Feasible_dist: 0.0000, Entropy: 2.4203
[2026-09-04 02:55:21] utils.py(229) : Diversity Loss: 9.5251, Constructive RL loss: 612.0832, Slack loss: 0.5852 (adds 61.20)
[2026-09-04 02:55:23] utils.py(229) : Rank 0 >> Epoch 1: Train (35%)
[2026-09-04 02:55:23] utils.py(229) : [Construction] Score: 26.5495,  Loss: 611.9216,  Infeasible_rate: [100.0000%, 100.0000%], out: 77.0907, out_nodes: 24, Feasible_dist: 0.0000
[2026-09-04 02:55:23] utils.py(229) : [Improvement] Score: 145.5453 [BSF: 144.2584],  Loss: 9.8214,  Infeasible_rate: [100.0000%, 100.0000%], out: 152.2085, out_nodes: 55, Feasible_dist: 0.0000, Entropy: 2.4199
[2026-09-04 02:55:23] utils.py(229) : Diversity Loss: 9.5251, Constructive RL loss: 612.0168, Slack loss: 0.5853 (adds 61.19)
[2026-09-04 02:55:26] utils.py(229) : Rank 0 >> Epoch 1: Train (40%)
[2026-09-04 02:55:26] utils.py(229) : [Construction] Score: 26.5557,  Loss: 610.6228,  Infeasible_rate: [100.0000%, 100.0000%], out: 77.2168, out_nodes: 24, Feasible_dist: 0.0000
[2026-09-04 02:55:26] utils.py(229) : [Improvement] Score: 145.7068 [BSF: 144.3925],  Loss: 9.8470,  Infeasible_rate: [100.0000%, 100.0000%], out: 152.5865, out_nodes: 55, Feasible_dist: 0.0000, Entropy: 2.4197
[2026-09-04 02:55:26] utils.py(229) : Diversity Loss: 9.5243, Constructive RL loss: 610.7181, Slack loss: 0.5854 (adds 61.06)
[2026-09-04 02:55:28] utils.py(229) : Rank 0 >> Epoch 1: Train (40%)
[2026-09-04 02:55:28] utils.py(229) : [Construction] Score: 26.5513,  Loss: 612.1974,  Infeasible_rate: [100.0000%, 100.0000%], out: 77.3112, out_nodes: 24, Feasible_dist: 0.0000
[2026-09-04 02:55:28] utils.py(229) : [Improvement] Score: 145.9104 [BSF: 144.6112],  Loss: 9.8565,  Infeasible_rate: [100.0000%, 100.0000%], out: 152.7813, out_nodes: 55, Feasible_dist: 0.0000, Entropy: 2.4199
[2026-09-04 02:55:28] utils.py(229) : Diversity Loss: 9.5239, Constructive RL loss: 612.2926, Slack loss: 0.5856 (adds 61.22)
[2026-09-04 02:55:30] utils.py(229) : Rank 0 >> Epoch 1: Train (40%)
[2026-09-04 02:55:30] utils.py(229) : [Construction] Score: 26.5534,  Loss: 613.8173,  Infeasible_rate: [100.0000%, 100.0000%], out: 77.1322, out_nodes: 24, Feasible_dist: 0.0000
[2026-09-04 02:55:30] utils.py(229) : [Improvement] Score: 145.5970 [BSF: 144.2867],  Loss: 9.8612,  Infeasible_rate: [100.0000%, 100.0000%], out: 152.6454, out_nodes: 55, Feasible_dist: 0.0000, Entropy: 2.4198
[2026-09-04 02:55:30] utils.py(229) : Diversity Loss: 9.5253, Constructive RL loss: 613.9126, Slack loss: 0.5855 (adds 61.38)
[2026-09-04 02:55:32] utils.py(229) : Rank 0 >> Epoch 1: Train (40%)
[2026-09-04 02:55:32] utils.py(229) : [Construction] Score: 26.5603,  Loss: 610.9619,  Infeasible_rate: [100.0000%, 100.0000%], out: 76.9823, out_nodes: 24, Feasible_dist: 0.0000
[2026-09-04 02:55:32] utils.py(229) : [Improvement] Score: 145.6226 [BSF: 144.2395],  Loss: 9.8623,  Infeasible_rate: [100.0000%, 100.0000%], out: 152.4870, out_nodes: 55, Feasible_dist: 0.0000, Entropy: 2.4191
[2026-09-04 02:55:32] utils.py(229) : Diversity Loss: 9.5266, Constructive RL loss: 611.0572, Slack loss: 0.5852 (adds 61.10)
[2026-09-04 02:55:35] utils.py(229) : Rank 0 >> Epoch 1: Train (40%)
[2026-09-04 02:55:35] utils.py(229) : [Construction] Score: 26.5561,  Loss: 613.7940,  Infeasible_rate: [100.0000%, 100.0000%], out: 76.9874, out_nodes: 24, Feasible_dist: 0.0000
[2026-09-04 02:55:35] utils.py(229) : [Improvement] Score: 145.6531 [BSF: 144.2791],  Loss: 9.9386,  Infeasible_rate: [100.0000%, 100.0000%], out: 152.6494, out_nodes: 55, Feasible_dist: 0.0000, Entropy: 2.4200
[2026-09-04 02:55:35] utils.py(229) : Diversity Loss: 9.5259, Constructive RL loss: 613.8893, Slack loss: 0.5853 (adds 61.38)
[2026-09-04 02:55:37] utils.py(229) : Rank 0 >> Epoch 1: Train (40%)
[2026-09-04 02:55:37] utils.py(229) : [Construction] Score: 26.5637,  Loss: 612.3902,  Infeasible_rate: [100.0000%, 100.0000%], out: 76.8799, out_nodes: 24, Feasible_dist: 0.0000
[2026-09-04 02:55:37] utils.py(229) : [Improvement] Score: 145.6103 [BSF: 144.2455],  Loss: 9.9106,  Infeasible_rate: [100.0000%, 100.0000%], out: 152.4433, out_nodes: 55, Feasible_dist: 0.0000, Entropy: 2.4203
[2026-09-04 02:55:37] utils.py(229) : Diversity Loss: 9.5254, Constructive RL loss: 612.4855, Slack loss: 0.5851 (adds 61.24)
[2026-09-04 02:55:39] utils.py(229) : Rank 0 >> Epoch 1: Train (40%)
[2026-09-04 02:55:39] utils.py(229) : [Construction] Score: 26.5422,  Loss: 612.7566,  Infeasible_rate: [100.0000%, 100.0000%], out: 76.9463, out_nodes: 24, Feasible_dist: 0.0000
[2026-09-04 02:55:39] utils.py(229) : [Improvement] Score: 145.6632 [BSF: 144.3107],  Loss: 9.8770,  Infeasible_rate: [100.0000%, 100.0000%], out: 152.4538, out_nodes: 55, Feasible_dist: 0.0000, Entropy: 2.4201
[2026-09-04 02:55:39] utils.py(229) : Diversity Loss: 9.5263, Constructive RL loss: 612.8519, Slack loss: 0.5851 (adds 61.28)
[2026-09-04 02:55:41] utils.py(229) : Rank 0 >> Epoch 1: Train (40%)
[2026-09-04 02:55:41] utils.py(229) : [Construction] Score: 26.5590,  Loss: 612.1777,  Infeasible_rate: [100.0000%, 100.0000%], out: 77.0045, out_nodes: 24, Feasible_dist: 0.0000
[2026-09-04 02:55:41] utils.py(229) : [Improvement] Score: 145.7568 [BSF: 144.4231],  Loss: 9.8582,  Infeasible_rate: [100.0000%, 100.0000%], out: 152.5211, out_nodes: 55, Feasible_dist: 0.0000, Entropy: 2.4198
[2026-09-04 02:55:41] utils.py(229) : Diversity Loss: 9.5263, Constructive RL loss: 612.2729, Slack loss: 0.5849 (adds 61.22)
[2026-09-04 02:55:43] utils.py(229) : Rank 0 >> Epoch 1: Train (45%)
[2026-09-04 02:55:43] utils.py(229) : [Construction] Score: 26.5781,  Loss: 604.7219,  Infeasible_rate: [100.0000%, 100.0000%], out: 76.3372, out_nodes: 24, Feasible_dist: 0.0000
[2026-09-04 02:55:43] utils.py(229) : [Improvement] Score: 144.8288 [BSF: 143.5092],  Loss: 9.7386,  Infeasible_rate: [100.0000%, 100.0000%], out: 150.9668, out_nodes: 55, Feasible_dist: 0.0000, Entropy: 2.4231
[2026-09-04 02:55:43] utils.py(229) : Diversity Loss: 9.5370, Constructive RL loss: 604.8173, Slack loss: 0.5823 (adds 60.47)
[2026-09-04 02:55:46] utils.py(229) : Rank 0 >> Epoch 1: Train (45%)
[2026-09-04 02:55:46] utils.py(229) : [Construction] Score: 26.6176,  Loss: 599.1832,  Infeasible_rate: [100.0000%, 100.0000%], out: 75.7093, out_nodes: 24, Feasible_dist: 0.0000
[2026-09-04 02:55:46] utils.py(229) : [Improvement] Score: 144.0198 [BSF: 142.7181],  Loss: 9.6266,  Infeasible_rate: [100.0000%, 100.0000%], out: 149.5130, out_nodes: 55, Feasible_dist: 0.0000, Entropy: 2.4262
[2026-09-04 02:55:46] utils.py(229) : Diversity Loss: 9.5481, Constructive RL loss: 599.2787, Slack loss: 0.5799 (adds 59.92)
[2026-09-04 02:55:48] utils.py(229) : Rank 0 >> Epoch 1: Train (45%)
[2026-09-04 02:55:48] utils.py(229) : [Construction] Score: 26.6471,  Loss: 592.8680,  Infeasible_rate: [100.0000%, 100.0000%], out: 75.0513, out_nodes: 24, Feasible_dist: 0.0000
[2026-09-04 02:55:48] utils.py(229) : [Improvement] Score: 143.1829 [BSF: 141.8977],  Loss: 9.5144,  Infeasible_rate: [100.0000%, 100.0000%], out: 148.0092, out_nodes: 54, Feasible_dist: 0.0000, Entropy: 2.4302
[2026-09-04 02:55:48] utils.py(229) : Diversity Loss: 9.5590, Constructive RL loss: 592.9636, Slack loss: 0.5775 (adds 59.29)
[2026-09-04 02:55:51] utils.py(229) : Rank 0 >> Epoch 1: Train (45%)
[2026-09-04 02:55:51] utils.py(229) : [Construction] Score: 26.6791,  Loss: 587.1888,  Infeasible_rate: [100.0000%, 100.0000%], out: 74.5085, out_nodes: 24, Feasible_dist: 0.0000
[2026-09-04 02:55:51] utils.py(229) : [Improvement] Score: 142.3726 [BSF: 141.1043],  Loss: 9.4088,  Infeasible_rate: [100.0000%, 100.0000%], out: 146.5818, out_nodes: 54, Feasible_dist: 0.0000, Entropy: 2.4339
[2026-09-04 02:55:51] utils.py(229) : Diversity Loss: 9.5687, Constructive RL loss: 587.2845, Slack loss: 0.5752 (adds 58.72)
[2026-09-04 02:55:53] utils.py(229) : Rank 0 >> Epoch 1: Train (45%)
[2026-09-04 02:55:53] utils.py(229) : [Construction] Score: 26.7116,  Loss: 581.0837,  Infeasible_rate: [100.0000%, 100.0000%], out: 73.9026, out_nodes: 24, Feasible_dist: 0.0000
[2026-09-04 02:55:53] utils.py(229) : [Improvement] Score: 141.5908 [BSF: 140.3360],  Loss: 9.3048,  Infeasible_rate: [100.0000%, 100.0000%], out: 145.2249, out_nodes: 54, Feasible_dist: 0.0000, Entropy: 2.4378
[2026-09-04 02:55:53] utils.py(229) : Diversity Loss: 9.5780, Constructive RL loss: 581.1794, Slack loss: 0.5730 (adds 58.11)
[2026-09-04 02:55:56] utils.py(229) : Rank 0 >> Epoch 1: Train (45%)
[2026-09-04 02:55:56] utils.py(229) : [Construction] Score: 26.7385,  Loss: 575.1903,  Infeasible_rate: [100.0000%, 100.0000%], out: 73.3518, out_nodes: 24, Feasible_dist: 0.0000
[2026-09-04 02:55:56] utils.py(229) : [Improvement] Score: 140.8222 [BSF: 139.5835],  Loss: 9.1929,  Infeasible_rate: [100.0000%, 100.0000%], out: 143.9038, out_nodes: 53, Feasible_dist: 0.0000, Entropy: 2.4406
[2026-09-04 02:55:56] utils.py(229) : Diversity Loss: 9.5871, Constructive RL loss: 575.2862, Slack loss: 0.5709 (adds 57.52)
[2026-09-04 02:55:58] utils.py(229) : Rank 0 >> Epoch 1: Train (45%)
[2026-09-04 02:55:58] utils.py(229) : [Construction] Score: 26.7651,  Loss: 570.1967,  Infeasible_rate: [100.0000%, 100.0000%], out: 72.7272, out_nodes: 24, Feasible_dist: 0.0000
[2026-09-04 02:55:58] utils.py(229) : [Improvement] Score: 139.9987 [BSF: 138.7554],  Loss: 9.0857,  Infeasible_rate: [100.0000%, 100.0000%], out: 142.5276, out_nodes: 53, Feasible_dist: 0.0000, Entropy: 2.4438
[2026-09-04 02:55:58] utils.py(229) : Diversity Loss: 9.5990, Constructive RL loss: 570.2927, Slack loss: 0.5687 (adds 57.02)
[2026-09-04 02:56:01] utils.py(229) : Rank 0 >> Epoch 1: Train (45%)
[2026-09-04 02:56:01] utils.py(229) : [Construction] Score: 26.7986,  Loss: 564.7210,  Infeasible_rate: [100.0000%, 100.0000%], out: 72.1146, out_nodes: 24, Feasible_dist: 0.0000
[2026-09-04 02:56:01] utils.py(229) : [Improvement] Score: 139.2427 [BSF: 138.0113],  Loss: 8.9811,  Infeasible_rate: [100.0000%, 100.0000%], out: 141.2046, out_nodes: 53, Feasible_dist: 0.0000, Entropy: 2.4469
[2026-09-04 02:56:01] utils.py(229) : Diversity Loss: 9.6088, Constructive RL loss: 564.8171, Slack loss: 0.5665 (adds 56.47)
[2026-09-04 02:56:03] utils.py(229) : Rank 0 >> Epoch 1: Train (50%)
[2026-09-04 02:56:03] utils.py(229) : [Construction] Score: 26.8626,  Loss: 557.1068,  Infeasible_rate: [100.0000%, 100.0000%], out: 71.3406, out_nodes: 23, Feasible_dist: 0.0000
[2026-09-04 02:56:03] utils.py(229) : [Improvement] Score: 138.3001 [BSF: 137.0824],  Loss: 8.8657,  Infeasible_rate: [100.0000%, 100.0000%], out: 139.6469, out_nodes: 52, Feasible_dist: 0.0000, Entropy: 2.4511
[2026-09-04 02:56:03] utils.py(229) : Diversity Loss: 9.6279, Constructive RL loss: 557.2031, Slack loss: 0.5630 (adds 55.84)
[2026-09-04 02:56:06] utils.py(229) : Rank 0 >> Epoch 1: Train (50%)
[2026-09-04 02:56:06] utils.py(229) : [Construction] Score: 26.9277,  Loss: 550.1406,  Infeasible_rate: [100.0000%, 100.0000%], out: 70.5941, out_nodes: 23, Feasible_dist: 0.0000
[2026-09-04 02:56:06] utils.py(229) : [Improvement] Score: 137.3809 [BSF: 136.1768],  Loss: 8.7563,  Infeasible_rate: [100.0000%, 100.0000%], out: 138.1325, out_nodes: 52, Feasible_dist: 0.0000, Entropy: 2.4549
[2026-09-04 02:56:06] utils.py(229) : Diversity Loss: 9.6460, Constructive RL loss: 550.2371, Slack loss: 0.5594 (adds 55.18)
[2026-09-04 02:56:08] utils.py(229) : Rank 0 >> Epoch 1: Train (50%)
[2026-09-04 02:56:08] utils.py(229) : [Construction] Score: 27.0020,  Loss: 543.2939,  Infeasible_rate: [100.0000%, 100.0000%], out: 69.8288, out_nodes: 23, Feasible_dist: 0.0000
[2026-09-04 02:56:08] utils.py(229) : [Improvement] Score: 136.4999 [BSF: 135.3085],  Loss: 8.6510,  Infeasible_rate: [100.0000%, 100.0000%], out: 136.6136, out_nodes: 52, Feasible_dist: 0.0000, Entropy: 2.4582
[2026-09-04 02:56:08] utils.py(229) : Diversity Loss: 9.6653, Constructive RL loss: 543.3905, Slack loss: 0.5559 (adds 54.53)
[2026-09-04 02:56:11] utils.py(229) : Rank 0 >> Epoch 1: Train (50%)
[2026-09-04 02:56:11] utils.py(229) : [Construction] Score: 27.0700,  Loss: 536.4073,  Infeasible_rate: [100.0000%, 100.0000%], out: 69.1344, out_nodes: 23, Feasible_dist: 0.0000
[2026-09-04 02:56:11] utils.py(229) : [Improvement] Score: 135.6571 [BSF: 134.4799],  Loss: 8.5510,  Infeasible_rate: [100.0000%, 100.0000%], out: 135.1770, out_nodes: 51, Feasible_dist: 0.0000, Entropy: 2.4628
[2026-09-04 02:56:11] utils.py(229) : Diversity Loss: 9.6817, Constructive RL loss: 536.5042, Slack loss: 0.5527 (adds 53.93)
[2026-09-04 02:56:14] utils.py(229) : Rank 0 >> Epoch 1: Train (50%)
[2026-09-04 02:56:14] utils.py(229) : [Construction] Score: 27.1423,  Loss: 529.6233,  Infeasible_rate: [100.0000%, 100.0000%], out: 68.4336, out_nodes: 23, Feasible_dist: 0.0000
[2026-09-04 02:56:14] utils.py(229) : [Improvement] Score: 134.8327 [BSF: 133.6687],  Loss: 8.4568,  Infeasible_rate: [100.0000%, 100.0000%], out: 133.7446, out_nodes: 51, Feasible_dist: 0.0000, Entropy: 2.4666
[2026-09-04 02:56:14] utils.py(229) : Diversity Loss: 9.6989, Constructive RL loss: 529.7203, Slack loss: 0.5495 (adds 53.34)
[2026-09-04 02:56:16] utils.py(229) : Rank 0 >> Epoch 1: Train (50%)
[2026-09-04 02:56:16] utils.py(229) : [Construction] Score: 27.1880,  Loss: 523.1584,  Infeasible_rate: [100.0000%, 100.0000%], out: 67.7495, out_nodes: 23, Feasible_dist: 0.0000
[2026-09-04 02:56:16] utils.py(229) : [Improvement] Score: 133.9871 [BSF: 132.8366],  Loss: 8.3593,  Infeasible_rate: [100.0000%, 100.0000%], out: 132.3482, out_nodes: 51, Feasible_dist: 0.0000, Entropy: 2.4706
[2026-09-04 02:56:16] utils.py(229) : Diversity Loss: 9.7162, Constructive RL loss: 523.2556, Slack loss: 0.5463 (adds 52.75)
[2026-09-04 02:56:19] utils.py(229) : Rank 0 >> Epoch 1: Train (50%)
[2026-09-04 02:56:19] utils.py(229) : [Construction] Score: 27.2580,  Loss: 517.0401,  Infeasible_rate: [100.0000%, 100.0000%], out: 67.0848, out_nodes: 22, Feasible_dist: 0.0000
[2026-09-04 02:56:19] utils.py(229) : [Improvement] Score: 133.1908 [BSF: 132.0519],  Loss: 8.2574,  Infeasible_rate: [100.0000%, 100.0000%], out: 131.0012, out_nodes: 50, Feasible_dist: 0.0000, Entropy: 2.4735
[2026-09-04 02:56:19] utils.py(229) : Diversity Loss: 9.7337, Constructive RL loss: 517.1374, Slack loss: 0.5431 (adds 52.15)
[2026-09-04 02:56:21] utils.py(229) : Rank 0 >> Epoch 1: Train (50%)
[2026-09-04 02:56:21] utils.py(229) : [Construction] Score: 27.3022,  Loss: 510.8112,  Infeasible_rate: [100.0000%, 100.0000%], out: 66.4319, out_nodes: 22, Feasible_dist: 0.0000
[2026-09-04 02:56:21] utils.py(229) : [Improvement] Score: 132.3822 [BSF: 131.2525],  Loss: 8.1599,  Infeasible_rate: [100.0000%, 100.0000%], out: 129.6798, out_nodes: 50, Feasible_dist: 0.0000, Entropy: 2.4771
[2026-09-04 02:56:21] utils.py(229) : Diversity Loss: 9.7509, Constructive RL loss: 510.9087, Slack loss: 0.5402 (adds 51.60)
[2026-09-04 02:56:24] utils.py(229) : Rank 0 >> Epoch 1: Train (55%)
[2026-09-04 02:56:24] utils.py(229) : [Construction] Score: 27.3966,  Loss: 504.8256,  Infeasible_rate: [100.0000%, 100.0000%], out: 65.7422, out_nodes: 22, Feasible_dist: 0.0000
[2026-09-04 02:56:24] utils.py(229) : [Improvement] Score: 131.5798 [BSF: 130.4601],  Loss: 8.0690,  Infeasible_rate: [100.0000%, 100.0000%], out: 128.3168, out_nodes: 50, Feasible_dist: 0.0000, Entropy: 2.4807
[2026-09-04 02:56:24] utils.py(229) : Diversity Loss: 9.7717, Constructive RL loss: 504.9234, Slack loss: 0.5366 (adds 51.04)
[2026-09-04 02:56:27] utils.py(229) : Rank 0 >> Epoch 1: Train (55%)
[2026-09-04 02:56:27] utils.py(229) : [Construction] Score: 27.4667,  Loss: 498.8827,  Infeasible_rate: [100.0000%, 100.0000%], out: 65.0451, out_nodes: 22, Feasible_dist: 0.0000
[2026-09-04 02:56:27] utils.py(229) : [Improvement] Score: 130.7326 [BSF: 129.6247],  Loss: 7.9793,  Infeasible_rate: [100.0000%, 100.0000%], out: 126.9709, out_nodes: 49, Feasible_dist: 0.0000, Entropy: 2.4849
[2026-09-04 02:56:27] utils.py(229) : Diversity Loss: 9.7919, Constructive RL loss: 498.9807, Slack loss: 0.5332 (adds 50.51)
[2026-09-04 02:56:30] utils.py(229) : Rank 0 >> Epoch 1: Train (55%)
[2026-09-04 02:56:30] utils.py(229) : [Construction] Score: 27.5593,  Loss: 493.0796,  Infeasible_rate: [100.0000%, 100.0000%], out: 64.3701, out_nodes: 22, Feasible_dist: 0.0000
[2026-09-04 02:56:30] utils.py(229) : [Improvement] Score: 129.9577 [BSF: 128.8514],  Loss: 7.8915,  Infeasible_rate: [100.0000%, 100.0000%], out: 125.6580, out_nodes: 49, Feasible_dist: 0.0000, Entropy: 2.4888
[2026-09-04 02:56:30] utils.py(229) : Diversity Loss: 9.8099, Constructive RL loss: 493.1777, Slack loss: 0.5298 (adds 49.98)
[2026-09-04 02:56:33] utils.py(229) : Rank 0 >> Epoch 1: Train (55%)
[2026-09-04 02:56:33] utils.py(229) : [Construction] Score: 27.6567,  Loss: 487.3994,  Infeasible_rate: [100.0000%, 100.0000%], out: 63.7111, out_nodes: 21, Feasible_dist: 0.0000
[2026-09-04 02:56:33] utils.py(229) : [Improvement] Score: 129.1823 [BSF: 128.0851],  Loss: 7.8057,  Infeasible_rate: [100.0000%, 100.0000%], out: 124.3661, out_nodes: 48, Feasible_dist: 0.0000, Entropy: 2.4922
[2026-09-04 02:56:33] utils.py(229) : Diversity Loss: 9.8272, Constructive RL loss: 487.4976, Slack loss: 0.5264 (adds 49.47)
[2026-09-04 02:56:35] utils.py(229) : Rank 0 >> Epoch 1: Train (55%)
[2026-09-04 02:56:35] utils.py(229) : [Construction] Score: 27.7493,  Loss: 481.8776,  Infeasible_rate: [100.0000%, 100.0000%], out: 63.0724, out_nodes: 21, Feasible_dist: 0.0000
[2026-09-04 02:56:35] utils.py(229) : [Improvement] Score: 128.4306 [BSF: 127.3393],  Loss: 7.7219,  Infeasible_rate: [100.0000%, 100.0000%], out: 123.1100, out_nodes: 48, Feasible_dist: 0.0000, Entropy: 2.4955
[2026-09-04 02:56:35] utils.py(229) : Diversity Loss: 9.8450, Constructive RL loss: 481.9760, Slack loss: 0.5231 (adds 48.97)
[2026-09-04 02:56:38] utils.py(229) : Rank 0 >> Epoch 1: Train (55%)
[2026-09-04 02:56:38] utils.py(229) : [Construction] Score: 27.8333,  Loss: 476.3552,  Infeasible_rate: [100.0000%, 100.0000%], out: 62.4537, out_nodes: 21, Feasible_dist: 0.0000
[2026-09-04 02:56:38] utils.py(229) : [Improvement] Score: 127.7021 [BSF: 126.6184],  Loss: 7.6387,  Infeasible_rate: [100.0000%, 100.0000%], out: 121.8876, out_nodes: 48, Feasible_dist: 0.0000, Entropy: 2.4980
[2026-09-04 02:56:38] utils.py(229) : Diversity Loss: 9.8620, Constructive RL loss: 476.4538, Slack loss: 0.5199 (adds 48.49)
[2026-09-04 02:56:41] utils.py(229) : Rank 0 >> Epoch 1: Train (55%)
[2026-09-04 02:56:41] utils.py(229) : [Construction] Score: 27.9099,  Loss: 471.1097,  Infeasible_rate: [100.0000%, 100.0000%], out: 61.8312, out_nodes: 21, Feasible_dist: 0.0000
[2026-09-04 02:56:41] utils.py(229) : [Improvement] Score: 126.9610 [BSF: 125.8880],  Loss: 7.5549,  Infeasible_rate: [100.0000%, 100.0000%], out: 120.6722, out_nodes: 47, Feasible_dist: 0.0000, Entropy: 2.5015
[2026-09-04 02:56:41] utils.py(229) : Diversity Loss: 9.8776, Constructive RL loss: 471.2085, Slack loss: 0.5169 (adds 48.00)
[2026-09-04 02:56:44] utils.py(229) : Rank 0 >> Epoch 1: Train (55%)
[2026-09-04 02:56:44] utils.py(229) : [Construction] Score: 27.9975,  Loss: 465.9992,  Infeasible_rate: [100.0000%, 100.0000%], out: 61.2185, out_nodes: 21, Feasible_dist: 0.0000
[2026-09-04 02:56:44] utils.py(229) : [Improvement] Score: 126.2558 [BSF: 125.1906],  Loss: 7.4761,  Infeasible_rate: [100.0000%, 100.0000%], out: 119.4814, out_nodes: 47, Feasible_dist: 0.0000, Entropy: 2.5049
[2026-09-04 02:56:44] utils.py(229) : Diversity Loss: 9.8925, Constructive RL loss: 466.0981, Slack loss: 0.5140 (adds 47.52)
[2026-09-04 02:56:47] utils.py(229) : Rank 0 >> Epoch 1: Train (60%)
[2026-09-04 02:56:47] utils.py(229) : [Construction] Score: 28.1004,  Loss: 461.0416,  Infeasible_rate: [100.0000%, 100.0000%], out: 60.6063, out_nodes: 21, Feasible_dist: 0.0000
[2026-09-04 02:56:47] utils.py(229) : [Improvement] Score: 125.5550 [BSF: 124.4943],  Loss: 7.3981,  Infeasible_rate: [100.0000%, 100.0000%], out: 118.3032, out_nodes: 47, Feasible_dist: 0.0000, Entropy: 2.5081
[2026-09-04 02:56:47] utils.py(229) : Diversity Loss: 9.9097, Constructive RL loss: 461.1407, Slack loss: 0.5108 (adds 47.05)
[2026-09-04 02:56:49] utils.py(229) : Rank 0 >> Epoch 1: Train (60%)
[2026-09-04 02:56:49] utils.py(229) : [Construction] Score: 28.1999,  Loss: 456.1849,  Infeasible_rate: [100.0000%, 100.0000%], out: 60.0076, out_nodes: 20, Feasible_dist: 0.0000
[2026-09-04 02:56:49] utils.py(229) : [Improvement] Score: 124.8471 [BSF: 123.7958],  Loss: 7.3218,  Infeasible_rate: [100.0000%, 100.0000%], out: 117.1454, out_nodes: 46, Feasible_dist: 0.0000, Entropy: 2.5111
[2026-09-04 02:56:49] utils.py(229) : Diversity Loss: 9.9282, Constructive RL loss: 456.2842, Slack loss: 0.5075 (adds 46.58)
[2026-09-04 02:56:52] utils.py(229) : Rank 0 >> Epoch 1: Train (60%)
[2026-09-04 02:56:52] utils.py(229) : [Construction] Score: 28.3129,  Loss: 451.4109,  Infeasible_rate: [100.0000%, 100.0000%], out: 59.4220, out_nodes: 20, Feasible_dist: 0.0000
[2026-09-04 02:56:52] utils.py(229) : [Improvement] Score: 124.1743 [BSF: 123.1333],  Loss: 7.2475,  Infeasible_rate: [100.0000%, 100.0000%], out: 116.0073, out_nodes: 46, Feasible_dist: 0.0000, Entropy: 2.5141
[2026-09-04 02:56:52] utils.py(229) : Diversity Loss: 9.9431, Constructive RL loss: 451.5103, Slack loss: 0.5045 (adds 46.13)
[2026-09-04 02:56:55] utils.py(229) : Rank 0 >> Epoch 1: Train (60%)
[2026-09-04 02:56:55] utils.py(229) : [Construction] Score: 28.4163,  Loss: 446.7415,  Infeasible_rate: [100.0000%, 100.0000%], out: 58.8393, out_nodes: 20, Feasible_dist: 0.0000
[2026-09-04 02:56:55] utils.py(229) : [Improvement] Score: 123.4962 [BSF: 122.4623],  Loss: 7.1753,  Infeasible_rate: [100.0000%, 100.0000%], out: 114.8852, out_nodes: 46, Feasible_dist: 0.0000, Entropy: 2.5176
[2026-09-04 02:56:55] utils.py(229) : Diversity Loss: 9.9587, Constructive RL loss: 446.8411, Slack loss: 0.5014 (adds 45.68)
[2026-09-04 02:56:58] utils.py(229) : Rank 0 >> Epoch 1: Train (60%)
[2026-09-04 02:56:58] utils.py(229) : [Construction] Score: 28.5062,  Loss: 442.1283,  Infeasible_rate: [100.0000%, 100.0000%], out: 58.2735, out_nodes: 20, Feasible_dist: 0.0000
[2026-09-04 02:56:58] utils.py(229) : [Improvement] Score: 122.8212 [BSF: 121.7967],  Loss: 7.1028,  Infeasible_rate: [100.0000%, 100.0000%], out: 113.7900, out_nodes: 45, Feasible_dist: 0.0000, Entropy: 2.5214
[2026-09-04 02:56:58] utils.py(229) : Diversity Loss: 9.9744, Constructive RL loss: 442.2280, Slack loss: 0.4984 (adds 45.25)
[2026-09-04 02:57:01] utils.py(229) : Rank 0 >> Epoch 1: Train (60%)
[2026-09-04 02:57:01] utils.py(229) : [Construction] Score: 28.5804,  Loss: 437.5477,  Infeasible_rate: [100.0000%, 100.0000%], out: 57.7229, out_nodes: 20, Feasible_dist: 0.0000
[2026-09-04 02:57:01] utils.py(229) : [Improvement] Score: 122.1459 [BSF: 121.1305],  Loss: 7.0334,  Infeasible_rate: [100.0000%, 100.0000%], out: 112.7202, out_nodes: 45, Feasible_dist: 0.0000, Entropy: 2.5252
[2026-09-04 02:57:01] utils.py(229) : Diversity Loss: 9.9919, Constructive RL loss: 437.6476, Slack loss: 0.4955 (adds 44.83)
[2026-09-04 02:57:04] utils.py(229) : Rank 0 >> Epoch 1: Train (60%)
[2026-09-04 02:57:04] utils.py(229) : [Construction] Score: 28.6561,  Loss: 433.0635,  Infeasible_rate: [100.0000%, 100.0000%], out: 57.1777, out_nodes: 20, Feasible_dist: 0.0000
[2026-09-04 02:57:04] utils.py(229) : [Improvement] Score: 121.4851 [BSF: 120.4791],  Loss: 6.9651,  Infeasible_rate: [100.0000%, 100.0000%], out: 111.6667, out_nodes: 45, Feasible_dist: 0.0000, Entropy: 2.5286
[2026-09-04 02:57:04] utils.py(229) : Diversity Loss: 10.0062, Constructive RL loss: 433.1635, Slack loss: 0.4927 (adds 44.42)
[2026-09-04 02:57:07] utils.py(229) : Rank 0 >> Epoch 1: Train (60%)
[2026-09-04 02:57:07] utils.py(229) : [Construction] Score: 28.7460,  Loss: 428.6643,  Infeasible_rate: [100.0000%, 100.0000%], out: 56.6435, out_nodes: 19, Feasible_dist: 0.0000
[2026-09-04 02:57:07] utils.py(229) : [Improvement] Score: 120.8537 [BSF: 119.8563],  Loss: 6.8984,  Infeasible_rate: [100.0000%, 100.0000%], out: 110.6345, out_nodes: 44, Feasible_dist: 0.0000, Entropy: 2.5324
[2026-09-04 02:57:07] utils.py(229) : Diversity Loss: 10.0217, Constructive RL loss: 428.7645, Slack loss: 0.4898 (adds 44.01)
[2026-09-04 02:57:10] utils.py(229) : Rank 0 >> Epoch 1: Train (65%)
[2026-09-04 02:57:10] utils.py(229) : [Construction] Score: 28.8522,  Loss: 424.4501,  Infeasible_rate: [100.0000%, 100.0000%], out: 56.1107, out_nodes: 19, Feasible_dist: 0.0000
[2026-09-04 02:57:10] utils.py(229) : [Improvement] Score: 120.2331 [BSF: 119.2428],  Loss: 6.8326,  Infeasible_rate: [100.0000%, 100.0000%], out: 109.6116, out_nodes: 44, Feasible_dist: 0.0000, Entropy: 2.5356
[2026-09-04 02:57:10] utils.py(229) : Diversity Loss: 10.0348, Constructive RL loss: 424.5505, Slack loss: 0.4869 (adds 43.61)
[2026-09-04 02:57:13] utils.py(229) : Rank 0 >> Epoch 1: Train (65%)
[2026-09-04 02:57:13] utils.py(229) : [Construction] Score: 28.9600,  Loss: 420.2871,  Infeasible_rate: [100.0000%, 100.0000%], out: 55.5896, out_nodes: 19, Feasible_dist: 0.0000
[2026-09-04 02:57:13] utils.py(229) : [Improvement] Score: 119.6396 [BSF: 118.6580],  Loss: 6.7684,  Infeasible_rate: [100.0000%, 100.0000%], out: 108.6101, out_nodes: 44, Feasible_dist: 0.0000, Entropy: 2.5387
[2026-09-04 02:57:13] utils.py(229) : Diversity Loss: 10.0485, Constructive RL loss: 420.3876, Slack loss: 0.4841 (adds 43.21)
[2026-09-04 02:57:16] utils.py(229) : Rank 0 >> Epoch 1: Train (65%)
[2026-09-04 02:57:16] utils.py(229) : [Construction] Score: 29.0559,  Loss: 416.2226,  Infeasible_rate: [100.0000%, 100.0000%], out: 55.0779, out_nodes: 19, Feasible_dist: 0.0000
[2026-09-04 02:57:16] utils.py(229) : [Improvement] Score: 119.0318 [BSF: 118.0535],  Loss: 6.7045,  Infeasible_rate: [100.0000%, 100.0000%], out: 107.6273, out_nodes: 44, Feasible_dist: 0.0000, Entropy: 2.5418
[2026-09-04 02:57:16] utils.py(229) : Diversity Loss: 10.0609, Constructive RL loss: 416.3233, Slack loss: 0.4813 (adds 42.82)
[2026-09-04 02:57:19] utils.py(229) : Rank 0 >> Epoch 1: Train (65%)
[2026-09-04 02:57:19] utils.py(229) : [Construction] Score: 29.1459,  Loss: 412.2571,  Infeasible_rate: [100.0000%, 100.0000%], out: 54.5746, out_nodes: 19, Feasible_dist: 0.0000
[2026-09-04 02:57:19] utils.py(229) : [Improvement] Score: 118.4435 [BSF: 117.4727],  Loss: 6.6421,  Infeasible_rate: [100.0000%, 100.0000%], out: 106.6610, out_nodes: 43, Feasible_dist: 0.0000, Entropy: 2.5446
[2026-09-04 02:57:19] utils.py(229) : Diversity Loss: 10.0750, Constructive RL loss: 412.3578, Slack loss: 0.4786 (adds 42.44)
[2026-09-04 02:57:22] utils.py(229) : Rank 0 >> Epoch 1: Train (65%)
[2026-09-04 02:57:22] utils.py(229) : [Construction] Score: 29.2542,  Loss: 408.3336,  Infeasible_rate: [100.0000%, 100.0000%], out: 54.0827, out_nodes: 19, Feasible_dist: 0.0000
[2026-09-04 02:57:22] utils.py(229) : [Improvement] Score: 117.8814 [BSF: 116.9175],  Loss: 6.5803,  Infeasible_rate: [100.0000%, 100.0000%], out: 105.7147, out_nodes: 43, Feasible_dist: 0.0000, Entropy: 2.5474
[2026-09-04 02:57:22] utils.py(229) : Diversity Loss: 10.0905, Constructive RL loss: 408.4345, Slack loss: 0.4758 (adds 42.06)
[2026-09-04 02:57:25] utils.py(229) : Rank 0 >> Epoch 1: Train (65%)
[2026-09-04 02:57:25] utils.py(229) : [Construction] Score: 29.3452,  Loss: 404.5084,  Infeasible_rate: [100.0000%, 100.0000%], out: 53.5975, out_nodes: 18, Feasible_dist: 0.0000
[2026-09-04 02:57:25] utils.py(229) : [Improvement] Score: 117.3041 [BSF: 116.3447],  Loss: 6.5205,  Infeasible_rate: [100.0000%, 100.0000%], out: 104.7843, out_nodes: 43, Feasible_dist: 0.0000, Entropy: 2.5499
[2026-09-04 02:57:25] utils.py(229) : Diversity Loss: 10.1047, Constructive RL loss: 404.6095, Slack loss: 0.4731 (adds 41.69)
[2026-09-04 02:57:27] utils.py(229) : Rank 0 >> Epoch 1: Train (65%)
[2026-09-04 02:57:27] utils.py(229) : [Construction] Score: 29.4294,  Loss: 400.7345,  Infeasible_rate: [100.0000%, 100.0000%], out: 53.1237, out_nodes: 18, Feasible_dist: 0.0000
[2026-09-04 02:57:27] utils.py(229) : [Improvement] Score: 116.7539 [BSF: 115.7994],  Loss: 6.4625,  Infeasible_rate: [100.0000%, 100.0000%], out: 103.8775, out_nodes: 42, Feasible_dist: 0.0000, Entropy: 2.5522
[2026-09-04 02:57:27] utils.py(229) : Diversity Loss: 10.1177, Constructive RL loss: 400.8357, Slack loss: 0.4704 (adds 41.33)
[2026-09-04 02:57:31] utils.py(229) : Rank 0 >> Epoch 1: Train (65%)
[2026-09-04 02:57:31] utils.py(229) : [Construction] Score: 29.5420,  Loss: 397.1251,  Infeasible_rate: [100.0000%, 100.0000%], out: 52.6554, out_nodes: 18, Feasible_dist: 0.0000
[2026-09-04 02:57:31] utils.py(229) : [Improvement] Score: 116.2450 [BSF: 115.2959],  Loss: 6.4052,  Infeasible_rate: [100.0000%, 100.0000%], out: 102.9802, out_nodes: 42, Feasible_dist: 0.0000, Entropy: 2.5547
[2026-09-04 02:57:31] utils.py(229) : Diversity Loss: 10.1292, Constructive RL loss: 397.2264, Slack loss: 0.4678 (adds 40.96)
[2026-09-04 02:57:34] utils.py(229) : Rank 0 >> Epoch 1: Train (70%)
[2026-09-04 02:57:34] utils.py(229) : [Construction] Score: 29.6320,  Loss: 393.5209,  Infeasible_rate: [100.0000%, 100.0000%], out: 52.1916, out_nodes: 18, Feasible_dist: 0.0000
[2026-09-04 02:57:34] utils.py(229) : [Improvement] Score: 115.6902 [BSF: 114.7470],  Loss: 6.3487,  Infeasible_rate: [100.0000%, 100.0000%], out: 102.0914, out_nodes: 42, Feasible_dist: 0.0000, Entropy: 2.5580
[2026-09-04 02:57:34] utils.py(229) : Diversity Loss: 10.1426, Constructive RL loss: 393.6224, Slack loss: 0.4652 (adds 40.61)
[2026-09-04 02:57:37] utils.py(229) : Rank 0 >> Epoch 1: Train (70%)
[2026-09-04 02:57:37] utils.py(229) : [Construction] Score: 29.7305,  Loss: 389.9972,  Infeasible_rate: [100.0000%, 100.0000%], out: 51.7374, out_nodes: 18, Feasible_dist: 0.0000
[2026-09-04 02:57:37] utils.py(229) : [Improvement] Score: 115.1631 [BSF: 114.2262],  Loss: 6.2925,  Infeasible_rate: [100.0000%, 100.0000%], out: 101.2210, out_nodes: 42, Feasible_dist: 0.0000, Entropy: 2.5608
[2026-09-04 02:57:37] utils.py(229) : Diversity Loss: 10.1549, Constructive RL loss: 390.0988, Slack loss: 0.4626 (adds 40.26)
[2026-09-04 02:57:40] utils.py(229) : Rank 0 >> Epoch 1: Train (70%)
[2026-09-04 02:57:40] utils.py(229) : [Construction] Score: 29.8243,  Loss: 386.5327,  Infeasible_rate: [100.0000%, 100.0000%], out: 51.2917, out_nodes: 18, Feasible_dist: 0.0000
[2026-09-04 02:57:40] utils.py(229) : [Improvement] Score: 114.6447 [BSF: 113.7127],  Loss: 6.2382,  Infeasible_rate: [100.0000%, 100.0000%], out: 100.3659, out_nodes: 41, Feasible_dist: 0.0000, Entropy: 2.5631
[2026-09-04 02:57:40] utils.py(229) : Diversity Loss: 10.1661, Constructive RL loss: 386.6344, Slack loss: 0.4601 (adds 39.92)
[2026-09-04 02:57:42] utils.py(229) : Rank 0 >> Epoch 1: Train (70%)
[2026-09-04 02:57:42] utils.py(229) : [Construction] Score: 29.9358,  Loss: 383.1366,  Infeasible_rate: [100.0000%, 100.0000%], out: 50.8534, out_nodes: 18, Feasible_dist: 0.0000
[2026-09-04 02:57:42] utils.py(229) : [Improvement] Score: 114.1572 [BSF: 113.2266],  Loss: 6.1848,  Infeasible_rate: [100.0000%, 100.0000%], out: 99.5265, out_nodes: 41, Feasible_dist: 0.0000, Entropy: 2.5655
[2026-09-04 02:57:42] utils.py(229) : Diversity Loss: 10.1781, Constructive RL loss: 383.2384, Slack loss: 0.4575 (adds 39.58)
[2026-09-04 02:57:45] utils.py(229) : Rank 0 >> Epoch 1: Train (70%)
[2026-09-04 02:57:45] utils.py(229) : [Construction] Score: 30.0339,  Loss: 379.7914,  Infeasible_rate: [100.0000%, 100.0000%], out: 50.4251, out_nodes: 17, Feasible_dist: 0.0000
[2026-09-04 02:57:45] utils.py(229) : [Improvement] Score: 113.6649 [BSF: 112.7374],  Loss: 6.1311,  Infeasible_rate: [100.0000%, 100.0000%], out: 98.7018, out_nodes: 41, Feasible_dist: 0.0000, Entropy: 2.5677
[2026-09-04 02:57:45] utils.py(229) : Diversity Loss: 10.1914, Constructive RL loss: 379.8933, Slack loss: 0.4551 (adds 39.25)
[2026-09-04 02:57:48] utils.py(229) : Rank 0 >> Epoch 1: Train (70%)
[2026-09-04 02:57:48] utils.py(229) : [Construction] Score: 30.1403,  Loss: 376.4641,  Infeasible_rate: [100.0000%, 100.0000%], out: 50.0032, out_nodes: 17, Feasible_dist: 0.0000
[2026-09-04 02:57:48] utils.py(229) : [Improvement] Score: 113.1976 [BSF: 112.2746],  Loss: 6.0800,  Infeasible_rate: [100.0000%, 100.0000%], out: 97.8927, out_nodes: 41, Feasible_dist: 0.0000, Entropy: 2.5702
[2026-09-04 02:57:48] utils.py(229) : Diversity Loss: 10.2050, Constructive RL loss: 376.5661, Slack loss: 0.4526 (adds 38.93)
[2026-09-04 02:57:51] utils.py(229) : Rank 0 >> Epoch 1: Train (70%)
[2026-09-04 02:57:51] utils.py(229) : [Construction] Score: 30.2439,  Loss: 373.2166,  Infeasible_rate: [100.0000%, 100.0000%], out: 49.5865, out_nodes: 17, Feasible_dist: 0.0000
[2026-09-04 02:57:51] utils.py(229) : [Improvement] Score: 112.7278 [BSF: 111.8106],  Loss: 6.0285,  Infeasible_rate: [100.0000%, 100.0000%], out: 97.0952, out_nodes: 40, Feasible_dist: 0.0000, Entropy: 2.5723
[2026-09-04 02:57:51] utils.py(229) : Diversity Loss: 10.2173, Constructive RL loss: 373.3188, Slack loss: 0.4501 (adds 38.61)
[2026-09-04 02:57:54] utils.py(229) : Rank 0 >> Epoch 1: Train (70%)
[2026-09-04 02:57:54] utils.py(229) : [Construction] Score: 30.3318,  Loss: 370.0088,  Infeasible_rate: [100.0000%, 100.0000%], out: 49.1770, out_nodes: 17, Feasible_dist: 0.0000
[2026-09-04 02:57:54] utils.py(229) : [Improvement] Score: 112.2457 [BSF: 111.3329],  Loss: 5.9787,  Infeasible_rate: [100.0000%, 100.0000%], out: 96.3071, out_nodes: 40, Feasible_dist: 0.0000, Entropy: 2.5750
[2026-09-04 02:57:54] utils.py(229) : Diversity Loss: 10.2269, Constructive RL loss: 370.1110, Slack loss: 0.4479 (adds 38.30)
[2026-09-04 02:57:57] utils.py(229) : Rank 0 >> Epoch 1: Train (75%)
[2026-09-04 02:57:57] utils.py(229) : [Construction] Score: 30.4463,  Loss: 366.9064,  Infeasible_rate: [100.0000%, 100.0000%], out: 48.7717, out_nodes: 17, Feasible_dist: 0.0000
[2026-09-04 02:57:57] utils.py(229) : [Improvement] Score: 111.8034 [BSF: 110.8967],  Loss: 5.9291,  Infeasible_rate: [100.0000%, 100.0000%], out: 95.5306, out_nodes: 40, Feasible_dist: 0.0000, Entropy: 2.5773
[2026-09-04 02:57:57] utils.py(229) : Diversity Loss: 10.2380, Constructive RL loss: 367.0088, Slack loss: 0.4455 (adds 37.98)
[2026-09-04 02:58:00] utils.py(229) : Rank 0 >> Epoch 1: Train (75%)
[2026-09-04 02:58:00] utils.py(229) : [Construction] Score: 30.5250,  Loss: 363.8385,  Infeasible_rate: [100.0000%, 100.0000%], out: 48.3725, out_nodes: 17, Feasible_dist: 0.0000
[2026-09-04 02:58:00] utils.py(229) : [Improvement] Score: 111.3285 [BSF: 110.4269],  Loss: 5.8807,  Infeasible_rate: [100.0000%, 100.0000%], out: 94.7655, out_nodes: 40, Feasible_dist: 0.0000, Entropy: 2.5800
[2026-09-04 02:58:00] utils.py(229) : Diversity Loss: 10.2480, Constructive RL loss: 363.9410, Slack loss: 0.4432 (adds 37.68)
[2026-09-04 02:58:03] utils.py(229) : Rank 0 >> Epoch 1: Train (75%)
[2026-09-04 02:58:03] utils.py(229) : [Construction] Score: 30.6101,  Loss: 360.8127,  Infeasible_rate: [100.0000%, 100.0000%], out: 47.9798, out_nodes: 17, Feasible_dist: 0.0000
[2026-09-04 02:58:03] utils.py(229) : [Improvement] Score: 110.8663 [BSF: 109.9678],  Loss: 5.8329,  Infeasible_rate: [100.0000%, 100.0000%], out: 94.0151, out_nodes: 39, Feasible_dist: 0.0000, Entropy: 2.5815
[2026-09-04 02:58:03] utils.py(229) : Diversity Loss: 10.2607, Constructive RL loss: 360.9153, Slack loss: 0.4409 (adds 37.38)
[2026-09-04 02:58:06] utils.py(229) : Rank 0 >> Epoch 1: Train (75%)
[2026-09-04 02:58:06] utils.py(229) : [Construction] Score: 30.7070,  Loss: 357.8399,  Infeasible_rate: [100.0000%, 100.0000%], out: 47.5940, out_nodes: 16, Feasible_dist: 0.0000
[2026-09-04 02:58:06] utils.py(229) : [Improvement] Score: 110.4277 [BSF: 109.5327],  Loss: 5.7859,  Infeasible_rate: [100.0000%, 100.0000%], out: 93.2766, out_nodes: 39, Feasible_dist: 0.0000, Entropy: 2.5843
[2026-09-04 02:58:06] utils.py(229) : Diversity Loss: 10.2699, Constructive RL loss: 357.9426, Slack loss: 0.4386 (adds 37.08)
[2026-09-04 02:58:09] utils.py(229) : Rank 0 >> Epoch 1: Train (75%)
[2026-09-04 02:58:09] utils.py(229) : [Construction] Score: 30.8044,  Loss: 354.9109,  Infeasible_rate: [100.0000%, 100.0000%], out: 47.2165, out_nodes: 16, Feasible_dist: 0.0000
[2026-09-04 02:58:09] utils.py(229) : [Improvement] Score: 109.9981 [BSF: 109.1071],  Loss: 5.7394,  Infeasible_rate: [100.0000%, 100.0000%], out: 92.5510, out_nodes: 39, Feasible_dist: 0.0000, Entropy: 2.5864
[2026-09-04 02:58:09] utils.py(229) : Diversity Loss: 10.2833, Constructive RL loss: 355.0137, Slack loss: 0.4363 (adds 36.79)
[2026-09-04 02:58:12] utils.py(229) : Rank 0 >> Epoch 1: Train (75%)
[2026-09-04 02:58:12] utils.py(229) : [Construction] Score: 30.8957,  Loss: 352.0221,  Infeasible_rate: [100.0000%, 100.0000%], out: 46.8438, out_nodes: 16, Feasible_dist: 0.0000
[2026-09-04 02:58:12] utils.py(229) : [Improvement] Score: 109.5689 [BSF: 108.6820],  Loss: 5.6939,  Infeasible_rate: [100.0000%, 100.0000%], out: 91.8354, out_nodes: 39, Feasible_dist: 0.0000, Entropy: 2.5884
[2026-09-04 02:58:12] utils.py(229) : Diversity Loss: 10.2934, Constructive RL loss: 352.1250, Slack loss: 0.4341 (adds 36.51)
[2026-09-04 02:58:15] utils.py(229) : Rank 0 >> Epoch 1: Train (75%)
[2026-09-04 02:58:15] utils.py(229) : [Construction] Score: 30.9730,  Loss: 349.2075,  Infeasible_rate: [100.0000%, 100.0000%], out: 46.4752, out_nodes: 16, Feasible_dist: 0.0000
[2026-09-04 02:58:15] utils.py(229) : [Improvement] Score: 109.1373 [BSF: 108.2531],  Loss: 5.6491,  Infeasible_rate: [100.0000%, 100.0000%], out: 91.1316, out_nodes: 39, Feasible_dist: 0.0000, Entropy: 2.5904
[2026-09-04 02:58:15] utils.py(229) : Diversity Loss: 10.3036, Constructive RL loss: 349.3105, Slack loss: 0.4320 (adds 36.23)
[2026-09-04 02:58:18] utils.py(229) : Rank 0 >> Epoch 1: Train (75%)
[2026-09-04 02:58:18] utils.py(229) : [Construction] Score: 31.0835,  Loss: 346.4335,  Infeasible_rate: [100.0000%, 100.0000%], out: 46.1139, out_nodes: 16, Feasible_dist: 0.0000
[2026-09-04 02:58:18] utils.py(229) : [Improvement] Score: 108.7500 [BSF: 107.8716],  Loss: 5.6053,  Infeasible_rate: [100.0000%, 100.0000%], out: 90.4367, out_nodes: 38, Feasible_dist: 0.0000, Entropy: 2.5927
[2026-09-04 02:58:18] utils.py(229) : Diversity Loss: 10.3128, Constructive RL loss: 346.5367, Slack loss: 0.4299 (adds 35.95)
[2026-09-04 02:58:21] utils.py(229) : Rank 0 >> Epoch 1: Train (80%)
[2026-09-04 02:58:21] utils.py(229) : [Construction] Score: 31.1839,  Loss: 343.7171,  Infeasible_rate: [100.0000%, 100.0000%], out: 45.7570, out_nodes: 16, Feasible_dist: 0.0000
[2026-09-04 02:58:21] utils.py(229) : [Improvement] Score: 108.3552 [BSF: 107.4818],  Loss: 5.5617,  Infeasible_rate: [100.0000%, 100.0000%], out: 89.7530, out_nodes: 38, Feasible_dist: 0.0000, Entropy: 2.5952
[2026-09-04 02:58:21] utils.py(229) : Diversity Loss: 10.3213, Constructive RL loss: 343.8203, Slack loss: 0.4278 (adds 35.67)
[2026-09-04 02:58:24] utils.py(229) : Rank 0 >> Epoch 1: Train (80%)
[2026-09-04 02:58:24] utils.py(229) : [Construction] Score: 31.2684,  Loss: 341.0262,  Infeasible_rate: [100.0000%, 100.0000%], out: 45.4060, out_nodes: 16, Feasible_dist: 0.0000
[2026-09-04 02:58:24] utils.py(229) : [Improvement] Score: 107.9471 [BSF: 107.0779],  Loss: 5.5185,  Infeasible_rate: [100.0000%, 100.0000%], out: 89.0786, out_nodes: 38, Feasible_dist: 0.0000, Entropy: 2.5972
[2026-09-04 02:58:24] utils.py(229) : Diversity Loss: 10.3323, Constructive RL loss: 341.1295, Slack loss: 0.4258 (adds 35.40)
[2026-09-04 02:58:26] utils.py(229) : Rank 0 >> Epoch 1: Train (80%)
[2026-09-04 02:58:26] utils.py(229) : [Construction] Score: 31.3462,  Loss: 338.3650,  Infeasible_rate: [100.0000%, 100.0000%], out: 45.0601, out_nodes: 16, Feasible_dist: 0.0000
[2026-09-04 02:58:26] utils.py(229) : [Improvement] Score: 107.5360 [BSF: 106.6717],  Loss: 5.4767,  Infeasible_rate: [100.0000%, 100.0000%], out: 88.4142, out_nodes: 38, Feasible_dist: 0.0000, Entropy: 2.5993
[2026-09-04 02:58:26] utils.py(229) : Diversity Loss: 10.3430, Constructive RL loss: 338.4684, Slack loss: 0.4237 (adds 35.14)
[2026-09-04 02:58:29] utils.py(229) : Rank 0 >> Epoch 1: Train (80%)
[2026-09-04 02:58:29] utils.py(229) : [Construction] Score: 31.4124,  Loss: 335.7674,  Infeasible_rate: [100.0000%, 100.0000%], out: 44.7188, out_nodes: 16, Feasible_dist: 0.0000
[2026-09-04 02:58:29] utils.py(229) : [Improvement] Score: 107.1188 [BSF: 106.2565],  Loss: 5.4350,  Infeasible_rate: [100.0000%, 100.0000%], out: 87.7583, out_nodes: 38, Feasible_dist: 0.0000, Entropy: 2.6011
[2026-09-04 02:58:29] utils.py(229) : Diversity Loss: 10.3545, Constructive RL loss: 335.8709, Slack loss: 0.4217 (adds 34.87)
[2026-09-04 02:58:32] utils.py(229) : Rank 0 >> Epoch 1: Train (80%)
[2026-09-04 02:58:32] utils.py(229) : [Construction] Score: 31.4887,  Loss: 333.2120,  Infeasible_rate: [100.0000%, 100.0000%], out: 44.3830, out_nodes: 15, Feasible_dist: 0.0000
[2026-09-04 02:58:32] utils.py(229) : [Improvement] Score: 106.7221 [BSF: 105.8633],  Loss: 5.3940,  Infeasible_rate: [100.0000%, 100.0000%], out: 87.1139, out_nodes: 37, Feasible_dist: 0.0000, Entropy: 2.6034
[2026-09-04 02:58:32] utils.py(229) : Diversity Loss: 10.3642, Constructive RL loss: 333.3157, Slack loss: 0.4197 (adds 34.62)
[2026-09-04 02:58:35] utils.py(229) : Rank 0 >> Epoch 1: Train (80%)
[2026-09-04 02:58:35] utils.py(229) : [Construction] Score: 31.5796,  Loss: 330.6801,  Infeasible_rate: [100.0000%, 100.0000%], out: 44.0522, out_nodes: 15, Feasible_dist: 0.0000
[2026-09-04 02:58:35] utils.py(229) : [Improvement] Score: 106.3432 [BSF: 105.4888],  Loss: 5.3541,  Infeasible_rate: [100.0000%, 100.0000%], out: 86.4795, out_nodes: 37, Feasible_dist: 0.0000, Entropy: 2.6051
[2026-09-04 02:58:35] utils.py(229) : Diversity Loss: 10.3733, Constructive RL loss: 330.7838, Slack loss: 0.4177 (adds 34.36)
[2026-09-04 02:58:38] utils.py(229) : Rank 0 >> Epoch 1: Train (80%)
[2026-09-04 02:58:38] utils.py(229) : [Construction] Score: 31.6490,  Loss: 328.1679,  Infeasible_rate: [100.0000%, 100.0000%], out: 43.7264, out_nodes: 15, Feasible_dist: 0.0000
[2026-09-04 02:58:38] utils.py(229) : [Improvement] Score: 105.9525 [BSF: 105.1029],  Loss: 5.3142,  Infeasible_rate: [100.0000%, 100.0000%], out: 85.8561, out_nodes: 37, Feasible_dist: 0.0000, Entropy: 2.6072
[2026-09-04 02:58:38] utils.py(229) : Diversity Loss: 10.3834, Constructive RL loss: 328.2717, Slack loss: 0.4158 (adds 34.11)
[2026-09-04 02:58:41] utils.py(229) : Rank 0 >> Epoch 1: Train (80%)
[2026-09-04 02:58:41] utils.py(229) : [Construction] Score: 31.7395,  Loss: 325.7320,  Infeasible_rate: [100.0000%, 100.0000%], out: 43.4049, out_nodes: 15, Feasible_dist: 0.0000
[2026-09-04 02:58:41] utils.py(229) : [Improvement] Score: 105.5924 [BSF: 104.7462],  Loss: 5.2749,  Infeasible_rate: [100.0000%, 100.0000%], out: 85.2398, out_nodes: 37, Feasible_dist: 0.0000, Entropy: 2.6093
[2026-09-04 02:58:41] utils.py(229) : Diversity Loss: 10.3911, Constructive RL loss: 325.8359, Slack loss: 0.4139 (adds 33.86)
[2026-09-04 02:58:44] utils.py(229) : Rank 0 >> Epoch 1: Train (85%)
[2026-09-04 02:58:44] utils.py(229) : [Construction] Score: 31.8245,  Loss: 323.3465,  Infeasible_rate: [100.0000%, 100.0000%], out: 43.0891, out_nodes: 15, Feasible_dist: 0.0000
[2026-09-04 02:58:44] utils.py(229) : [Improvement] Score: 105.2235 [BSF: 104.3818],  Loss: 5.2361,  Infeasible_rate: [100.0000%, 100.0000%], out: 84.6309, out_nodes: 37, Feasible_dist: 0.0000, Entropy: 2.6113
[2026-09-04 02:58:44] utils.py(229) : Diversity Loss: 10.3990, Constructive RL loss: 323.4505, Slack loss: 0.4120 (adds 33.62)
[2026-09-04 02:58:47] utils.py(229) : Rank 0 >> Epoch 1: Train (85%)
[2026-09-04 02:58:47] utils.py(229) : [Construction] Score: 31.8887,  Loss: 320.9744,  Infeasible_rate: [100.0000%, 100.0000%], out: 42.7771, out_nodes: 15, Feasible_dist: 0.0000
[2026-09-04 02:58:47] utils.py(229) : [Improvement] Score: 104.8446 [BSF: 104.0069],  Loss: 5.1981,  Infeasible_rate: [100.0000%, 100.0000%], out: 84.0317, out_nodes: 36, Feasible_dist: 0.0000, Entropy: 2.6131
[2026-09-04 02:58:47] utils.py(229) : Diversity Loss: 10.4081, Constructive RL loss: 321.0785, Slack loss: 0.4101 (adds 33.38)
[2026-09-04 02:58:50] utils.py(229) : Rank 0 >> Epoch 1: Train (85%)
[2026-09-04 02:58:50] utils.py(229) : [Construction] Score: 31.9539,  Loss: 318.6304,  Infeasible_rate: [100.0000%, 100.0000%], out: 42.4696, out_nodes: 15, Feasible_dist: 0.0000
[2026-09-04 02:58:50] utils.py(229) : [Improvement] Score: 104.4719 [BSF: 103.6392],  Loss: 5.1610,  Infeasible_rate: [100.0000%, 100.0000%], out: 83.4407, out_nodes: 36, Feasible_dist: 0.0000, Entropy: 2.6152
[2026-09-04 02:58:50] utils.py(229) : Diversity Loss: 10.4174, Constructive RL loss: 318.7346, Slack loss: 0.4083 (adds 33.14)
[2026-09-04 02:58:53] utils.py(229) : Rank 0 >> Epoch 1: Train (85%)
[2026-09-04 02:58:53] utils.py(229) : [Construction] Score: 32.0255,  Loss: 316.3267,  Infeasible_rate: [100.0000%, 100.0000%], out: 42.1662, out_nodes: 15, Feasible_dist: 0.0000
[2026-09-04 02:58:53] utils.py(229) : [Improvement] Score: 104.1189 [BSF: 103.2875],  Loss: 5.1243,  Infeasible_rate: [100.0000%, 100.0000%], out: 82.8585, out_nodes: 36, Feasible_dist: 0.0000, Entropy: 2.6170
[2026-09-04 02:58:53] utils.py(229) : Diversity Loss: 10.4254, Constructive RL loss: 316.4309, Slack loss: 0.4065 (adds 32.91)
[2026-09-04 02:58:56] utils.py(229) : Rank 0 >> Epoch 1: Train (85%)
[2026-09-04 02:58:56] utils.py(229) : [Construction] Score: 32.0914,  Loss: 314.0523,  Infeasible_rate: [100.0000%, 100.0000%], out: 41.8672, out_nodes: 15, Feasible_dist: 0.0000
[2026-09-04 02:58:56] utils.py(229) : [Improvement] Score: 103.7596 [BSF: 102.9300],  Loss: 5.0878,  Infeasible_rate: [100.0000%, 100.0000%], out: 82.2847, out_nodes: 36, Feasible_dist: 0.0000, Entropy: 2.6191
[2026-09-04 02:58:56] utils.py(229) : Diversity Loss: 10.4325, Constructive RL loss: 314.1566, Slack loss: 0.4048 (adds 32.68)
[2026-09-04 02:58:59] utils.py(229) : Rank 0 >> Epoch 1: Train (85%)
[2026-09-04 02:58:59] utils.py(229) : [Construction] Score: 32.1677,  Loss: 311.8106,  Infeasible_rate: [100.0000%, 100.0000%], out: 41.5728, out_nodes: 14, Feasible_dist: 0.0000
[2026-09-04 02:58:59] utils.py(229) : [Improvement] Score: 103.4209 [BSF: 102.5939],  Loss: 5.0517,  Infeasible_rate: [100.0000%, 100.0000%], out: 81.7206, out_nodes: 36, Feasible_dist: 0.0000, Entropy: 2.6208
[2026-09-04 02:58:59] utils.py(229) : Diversity Loss: 10.4417, Constructive RL loss: 311.9150, Slack loss: 0.4030 (adds 32.45)
[2026-09-04 02:59:02] utils.py(229) : Rank 0 >> Epoch 1: Train (85%)
[2026-09-04 02:59:02] utils.py(229) : [Construction] Score: 32.2430,  Loss: 309.6054,  Infeasible_rate: [100.0000%, 100.0000%], out: 41.2824, out_nodes: 14, Feasible_dist: 0.0000
[2026-09-04 02:59:02] utils.py(229) : [Improvement] Score: 103.0837 [BSF: 102.2608],  Loss: 5.0165,  Infeasible_rate: [100.0000%, 100.0000%], out: 81.1633, out_nodes: 35, Feasible_dist: 0.0000, Entropy: 2.6225
[2026-09-04 02:59:02] utils.py(229) : Diversity Loss: 10.4487, Constructive RL loss: 309.7099, Slack loss: 0.4013 (adds 32.23)
[2026-09-04 02:59:05] utils.py(229) : Rank 0 >> Epoch 1: Train (85%)
[2026-09-04 02:59:05] utils.py(229) : [Construction] Score: 32.3207,  Loss: 307.4163,  Infeasible_rate: [100.0000%, 100.0000%], out: 40.9962, out_nodes: 14, Feasible_dist: 0.0000
[2026-09-04 02:59:05] utils.py(229) : [Improvement] Score: 102.7519 [BSF: 101.9342],  Loss: 4.9817,  Infeasible_rate: [100.0000%, 100.0000%], out: 80.6128, out_nodes: 35, Feasible_dist: 0.0000, Entropy: 2.6247
[2026-09-04 02:59:05] utils.py(229) : Diversity Loss: 10.4559, Constructive RL loss: 307.5209, Slack loss: 0.3996 (adds 32.01)
[2026-09-04 02:59:07] utils.py(229) : Rank 0 >> Epoch 1: Train (90%)
[2026-09-04 02:59:07] utils.py(229) : [Construction] Score: 32.3923,  Loss: 305.2600,  Infeasible_rate: [100.0000%, 100.0000%], out: 40.7135, out_nodes: 14, Feasible_dist: 0.0000
[2026-09-04 02:59:07] utils.py(229) : [Improvement] Score: 102.4257 [BSF: 101.6110],  Loss: 4.9477,  Infeasible_rate: [100.0000%, 100.0000%], out: 80.0718, out_nodes: 35, Feasible_dist: 0.0000, Entropy: 2.6266
[2026-09-04 02:59:07] utils.py(229) : Diversity Loss: 10.4628, Constructive RL loss: 305.3646, Slack loss: 0.3978 (adds 31.79)
[2026-09-04 02:59:10] utils.py(229) : Rank 0 >> Epoch 1: Train (90%)
[2026-09-04 02:59:10] utils.py(229) : [Construction] Score: 32.4763,  Loss: 303.1508,  Infeasible_rate: [100.0000%, 100.0000%], out: 40.4349, out_nodes: 14, Feasible_dist: 0.0000
[2026-09-04 02:59:10] utils.py(229) : [Improvement] Score: 102.1214 [BSF: 101.3101],  Loss: 4.9140,  Infeasible_rate: [100.0000%, 100.0000%], out: 79.5365, out_nodes: 35, Feasible_dist: 0.0000, Entropy: 2.6283
[2026-09-04 02:59:10] utils.py(229) : Diversity Loss: 10.4720, Constructive RL loss: 303.2555, Slack loss: 0.3961 (adds 31.57)
[2026-09-04 02:59:13] utils.py(229) : Rank 0 >> Epoch 1: Train (90%)
[2026-09-04 02:59:13] utils.py(229) : [Construction] Score: 32.5465,  Loss: 301.0653,  Infeasible_rate: [100.0000%, 100.0000%], out: 40.1601, out_nodes: 14, Feasible_dist: 0.0000
[2026-09-04 02:59:13] utils.py(229) : [Improvement] Score: 101.7982 [BSF: 100.9911],  Loss: 4.8807,  Infeasible_rate: [100.0000%, 100.0000%], out: 79.0072, out_nodes: 35, Feasible_dist: 0.0000, Entropy: 2.6299
[2026-09-04 02:59:13] utils.py(229) : Diversity Loss: 10.4789, Constructive RL loss: 301.1701, Slack loss: 0.3944 (adds 31.36)
[2026-09-04 02:59:16] utils.py(229) : Rank 0 >> Epoch 1: Train (90%)
[2026-09-04 02:59:16] utils.py(229) : [Construction] Score: 32.6203,  Loss: 299.0035,  Infeasible_rate: [100.0000%, 100.0000%], out: 39.8887, out_nodes: 14, Feasible_dist: 0.0000
[2026-09-04 02:59:16] utils.py(229) : [Improvement] Score: 101.4883 [BSF: 100.6841],  Loss: 4.8475,  Infeasible_rate: [100.0000%, 100.0000%], out: 78.4866, out_nodes: 35, Feasible_dist: 0.0000, Entropy: 2.6315
[2026-09-04 02:59:16] utils.py(229) : Diversity Loss: 10.4882, Constructive RL loss: 299.1084, Slack loss: 0.3927 (adds 31.15)
[2026-09-04 02:59:19] utils.py(229) : Rank 0 >> Epoch 1: Train (90%)
[2026-09-04 02:59:19] utils.py(229) : [Construction] Score: 32.6985,  Loss: 296.9778,  Infeasible_rate: [100.0000%, 100.0000%], out: 39.6211, out_nodes: 14, Feasible_dist: 0.0000
[2026-09-04 02:59:19] utils.py(229) : [Improvement] Score: 101.1857 [BSF: 100.3853],  Loss: 4.8152,  Infeasible_rate: [100.0000%, 100.0000%], out: 77.9733, out_nodes: 34, Feasible_dist: 0.0000, Entropy: 2.6332
[2026-09-04 02:59:19] utils.py(229) : Diversity Loss: 10.4948, Constructive RL loss: 297.0828, Slack loss: 0.3911 (adds 30.94)
[2026-09-04 02:59:22] utils.py(229) : Rank 0 >> Epoch 1: Train (90%)
[2026-09-04 02:59:22] utils.py(229) : [Construction] Score: 32.7831,  Loss: 294.9740,  Infeasible_rate: [100.0000%, 100.0000%], out: 39.3573, out_nodes: 14, Feasible_dist: 0.0000
[2026-09-04 02:59:22] utils.py(229) : [Improvement] Score: 100.9048 [BSF: 100.1059],  Loss: 4.7832,  Infeasible_rate: [100.0000%, 100.0000%], out: 77.4672, out_nodes: 34, Feasible_dist: 0.0000, Entropy: 2.6352
[2026-09-04 02:59:22] utils.py(229) : Diversity Loss: 10.5014, Constructive RL loss: 295.0790, Slack loss: 0.3895 (adds 30.74)
[2026-09-04 02:59:25] utils.py(229) : Rank 0 >> Epoch 1: Train (90%)
[2026-09-04 02:59:25] utils.py(229) : [Construction] Score: 32.8474,  Loss: 292.9954,  Infeasible_rate: [100.0000%, 100.0000%], out: 39.0968, out_nodes: 14, Feasible_dist: 0.0000
[2026-09-04 02:59:25] utils.py(229) : [Improvement] Score: 100.5988 [BSF: 99.8014],  Loss: 4.7518,  Infeasible_rate: [100.0000%, 100.0000%], out: 76.9656, out_nodes: 34, Feasible_dist: 0.0000, Entropy: 2.6367
[2026-09-04 02:59:25] utils.py(229) : Diversity Loss: 10.5090, Constructive RL loss: 293.1005, Slack loss: 0.3879 (adds 30.54)
[2026-09-04 02:59:28] utils.py(229) : Rank 0 >> Epoch 1: Train (90%)
[2026-09-04 02:59:28] utils.py(229) : [Construction] Score: 32.9307,  Loss: 291.0278,  Infeasible_rate: [100.0000%, 100.0000%], out: 38.8399, out_nodes: 13, Feasible_dist: 0.0000
[2026-09-04 02:59:28] utils.py(229) : [Improvement] Score: 100.3201 [BSF: 99.5242],  Loss: 4.7202,  Infeasible_rate: [100.0000%, 100.0000%], out: 76.4719, out_nodes: 34, Feasible_dist: 0.0000, Entropy: 2.6381
[2026-09-04 02:59:28] utils.py(229) : Diversity Loss: 10.5177, Constructive RL loss: 291.1330, Slack loss: 0.3863 (adds 30.34)
[2026-09-04 02:59:31] utils.py(229) : Rank 0 >> Epoch 1: Train (95%)
[2026-09-04 02:59:31] utils.py(229) : [Construction] Score: 33.0220,  Loss: 289.0949,  Infeasible_rate: [100.0000%, 100.0000%], out: 38.5861, out_nodes: 13, Feasible_dist: 0.0000
[2026-09-04 02:59:31] utils.py(229) : [Improvement] Score: 100.0532 [BSF: 99.2601],  Loss: 4.6892,  Infeasible_rate: [100.0000%, 100.0000%], out: 75.9839, out_nodes: 34, Feasible_dist: 0.0000, Entropy: 2.6394
[2026-09-04 02:59:31] utils.py(229) : Diversity Loss: 10.5257, Constructive RL loss: 289.2002, Slack loss: 0.3846 (adds 30.15)
[2026-09-04 02:59:34] utils.py(229) : Rank 0 >> Epoch 1: Train (95%)
[2026-09-04 02:59:34] utils.py(229) : [Construction] Score: 33.1113,  Loss: 287.1993,  Infeasible_rate: [100.0000%, 100.0000%], out: 38.3356, out_nodes: 13, Feasible_dist: 0.0000
[2026-09-04 02:59:34] utils.py(229) : [Improvement] Score: 99.7867 [BSF: 98.9956],  Loss: 4.6590,  Infeasible_rate: [100.0000%, 100.0000%], out: 75.5026, out_nodes: 34, Feasible_dist: 0.0000, Entropy: 2.6407
[2026-09-04 02:59:34] utils.py(229) : Diversity Loss: 10.5334, Constructive RL loss: 287.3047, Slack loss: 0.3830 (adds 29.95)
[2026-09-04 02:59:37] utils.py(229) : Rank 0 >> Epoch 1: Train (95%)
[2026-09-04 02:59:37] utils.py(229) : [Construction] Score: 33.1830,  Loss: 285.3277,  Infeasible_rate: [100.0000%, 100.0000%], out: 38.0883, out_nodes: 13, Feasible_dist: 0.0000
[2026-09-04 02:59:37] utils.py(229) : [Improvement] Score: 99.5104 [BSF: 98.7189],  Loss: 4.6290,  Infeasible_rate: [100.0000%, 100.0000%], out: 75.0277, out_nodes: 34, Feasible_dist: 0.0000, Entropy: 2.6419
[2026-09-04 02:59:37] utils.py(229) : Diversity Loss: 10.5393, Constructive RL loss: 285.4331, Slack loss: 0.3815 (adds 29.76)
[2026-09-04 02:59:40] utils.py(229) : Rank 0 >> Epoch 1: Train (95%)
[2026-09-04 02:59:40] utils.py(229) : [Construction] Score: 33.2506,  Loss: 283.4822,  Infeasible_rate: [100.0000%, 100.0000%], out: 37.8442, out_nodes: 13, Feasible_dist: 0.0000
[2026-09-04 02:59:40] utils.py(229) : [Improvement] Score: 99.2312 [BSF: 98.4407],  Loss: 4.5995,  Infeasible_rate: [100.0000%, 100.0000%], out: 74.5585, out_nodes: 33, Feasible_dist: 0.0000, Entropy: 2.6432
[2026-09-04 02:59:40] utils.py(229) : Diversity Loss: 10.5447, Constructive RL loss: 283.5877, Slack loss: 0.3800 (adds 29.57)
[2026-09-04 02:59:42] utils.py(229) : Rank 0 >> Epoch 1: Train (95%)
[2026-09-04 02:59:42] utils.py(229) : [Construction] Score: 33.3322,  Loss: 281.6602,  Infeasible_rate: [100.0000%, 100.0000%], out: 37.6031, out_nodes: 13, Feasible_dist: 0.0000
[2026-09-04 02:59:42] utils.py(229) : [Improvement] Score: 98.9688 [BSF: 98.1822],  Loss: 4.5701,  Infeasible_rate: [100.0000%, 100.0000%], out: 74.0946, out_nodes: 33, Feasible_dist: 0.0000, Entropy: 2.6449
[2026-09-04 02:59:42] utils.py(229) : Diversity Loss: 10.5523, Constructive RL loss: 281.7657, Slack loss: 0.3784 (adds 29.39)
[2026-09-04 02:59:45] utils.py(229) : Rank 0 >> Epoch 1: Train (95%)
[2026-09-04 02:59:45] utils.py(229) : [Construction] Score: 33.4019,  Loss: 279.8454,  Infeasible_rate: [100.0000%, 100.0000%], out: 37.3654, out_nodes: 13, Feasible_dist: 0.0000
[2026-09-04 02:59:45] utils.py(229) : [Improvement] Score: 98.6952 [BSF: 97.9118],  Loss: 4.5413,  Infeasible_rate: [100.0000%, 100.0000%], out: 73.6367, out_nodes: 33, Feasible_dist: 0.0000, Entropy: 2.6463
[2026-09-04 02:59:45] utils.py(229) : Diversity Loss: 10.5597, Constructive RL loss: 279.9510, Slack loss: 0.3769 (adds 29.20)
[2026-09-04 02:59:48] utils.py(229) : Rank 0 >> Epoch 1: Train (95%)
[2026-09-04 02:59:48] utils.py(229) : [Construction] Score: 33.4739,  Loss: 278.0634,  Infeasible_rate: [100.0000%, 100.0000%], out: 37.1305, out_nodes: 13, Feasible_dist: 0.0000
[2026-09-04 02:59:48] utils.py(229) : [Improvement] Score: 98.4331 [BSF: 97.6521],  Loss: 4.5121,  Infeasible_rate: [100.0000%, 100.0000%], out: 73.1847, out_nodes: 33, Feasible_dist: 0.0000, Entropy: 2.6477
[2026-09-04 02:59:48] utils.py(229) : Diversity Loss: 10.5653, Constructive RL loss: 278.1691, Slack loss: 0.3755 (adds 29.02)
[2026-09-04 02:59:51] utils.py(229) : Rank 0 >> Epoch 1: Train (95%)
[2026-09-04 02:59:51] utils.py(229) : [Construction] Score: 33.5359,  Loss: 276.3020,  Infeasible_rate: [100.0000%, 100.0000%], out: 36.8984, out_nodes: 13, Feasible_dist: 0.0000
[2026-09-04 02:59:51] utils.py(229) : [Improvement] Score: 98.1618 [BSF: 97.3845],  Loss: 4.4842,  Infeasible_rate: [100.0000%, 100.0000%], out: 72.7390, out_nodes: 33, Feasible_dist: 0.0000, Entropy: 2.6491
[2026-09-04 02:59:51] utils.py(229) : Diversity Loss: 10.5726, Constructive RL loss: 276.4078, Slack loss: 0.3740 (adds 28.84)
[2026-09-04 02:59:53] utils.py(229) : Rank 0 >> Epoch 1: Train (95%)
[2026-09-04 02:59:53] utils.py(229) : [Construction] Score: 33.5359,  Loss: 276.3020,  Infeasible_rate: [100.0000%, 100.0000%], out: 36.8984, out_nodes: 13, Feasible_dist: 0.0000
[2026-09-04 02:59:53] utils.py(229) : [Improvement] Score: 98.1618 [BSF: 97.3845],  Loss: 4.4842,  Infeasible_rate: [100.0000%, 100.0000%], out: 72.7390, out_nodes: 33, Feasible_dist: 0.0000, Entropy: 2.6491
[2026-09-04 02:59:53] utils.py(229) : Diversity Loss: 10.5726, Constructive RL loss: 276.4078, Slack loss: 0.3740 (adds 28.84)
[2026-09-04 02:59:53] utils.py(229) : dummy_size: 35.1
[2026-09-04 02:59:53] utils.py(229) : Rank 0 >> Epoch 1/10: Time Est.: Elapsed[6.82m], Remain[1.02h]
[2026-09-04 02:59:53] utils.py(229) : >> Val 64 instances.
[2026-09-04 02:59:53] utils.py(229) : >> validation eval type:
[2026-09-04 02:59:53] utils.py(229) : argmax
[2026-09-04 02:59:53] utils.py(229) : Rank 0 >> val construction time:
[2026-09-04 02:59:53] utils.py(229) : 0.3882486820220947
[2026-09-04 02:59:53] utils.py(229) : ! solution size:
[2026-09-04 02:59:53] utils.py(229) : torch.Size([256, 1, 100])
[2026-09-04 02:59:56] utils.py(229) : Rank 0 >> val improvement time:
[2026-09-04 02:59:56] utils.py(229) : 2.6629040241241455
[2026-09-04 02:59:56] utils.py(229) : Rank 0 >> val reconstruction time [w. mask]:
[2026-09-04 02:59:56] utils.py(229) : 0.34709930419921875
[2026-09-04 02:59:56] utils.py(229) : Rank 0 >> val construction time:
[2026-09-04 02:59:56] utils.py(229) : 0.33092689514160156
[2026-09-04 02:59:56] utils.py(229) : ! solution size:
[2026-09-04 02:59:56] utils.py(229) : torch.Size([256, 1, 100])
[2026-09-04 02:59:59] utils.py(229) : Rank 0 >> val improvement time:
[2026-09-04 02:59:59] utils.py(229) : 2.638977527618408
[2026-09-04 02:59:59] utils.py(229) : Rank 0 >> val reconstruction time [w. mask]:
[2026-09-04 02:59:59] utils.py(229) : 0.3667457103729248
[2026-09-04 02:59:59] utils.py(229) : >> Only feasible solutions are under consideration!
[2026-09-04 02:59:59] utils.py(229) : >> Only feasible solutions are under consideration!
[2026-09-04 02:59:59] utils.py(229) : >> Load optimal solution from: ./data/VRPBLTW/or_tools_200s_vrpbltw50_uniform.pkl
[2026-09-04 02:59:59] utils.py(229) : Rank 0 >> Val Score on vrpbltw50_uniform.pkl: [Construction] NO_AUG_Score: nan, NO_AUG_Gap: nan% --> AUG_Score: nan, AUG_Gap: nan%; Infeasible rate: 100.0% (solution-level), 100.0% (instance-level)
[2026-09-04 02:59:59] utils.py(229) : Rank 0 >> Val Score on vrpbltw50_uniform.pkl: [Improvement] NO_AUG_Score: nan, NO_AUG_Gap: nan% --> AUG_Score: nan, AUG_Gap: nan%; Infeasible rate: 100.0% (solution-level), 100.0% (instance-level)
[2026-09-04 02:59:59] utils.py(229) : Rank 0 >> Val Score on vrpbltw50_uniform.pkl: [w. mask] NO_AUG_Score: 47.6461, NO_AUG_Gap: 240.3509% --> AUG_Score: 46.088, AUG_Gap: 229.4505%; Infeasible rate: 0.0% (solution-level), 0.0% (instance-level)
[2026-09-04 02:59:59] utils.py(229) : ================================================================================
[2026-09-04 03:07:49] utils.py(229) : Rank 0 >> Epoch 2: Train (95%)
[2026-09-04 03:07:49] utils.py(229) : [Construction] Score: 46.1452,  Loss: -1.1416,  Infeasible_rate: [100.0000%, 100.0000%], out: 0.0007, out_nodes: 0, Feasible_dist: 0.0000
[2026-09-04 03:07:49] utils.py(229) : [Improvement] Score: 57.0632 [BSF: 56.7306],  Loss: 0.0168,  Infeasible_rate: [100.0000%, 100.0000%], out: 1.5682, out_nodes: 10, Feasible_dist: 0.0000, Entropy: 2.8331
[2026-09-04 03:07:49] utils.py(229) : Diversity Loss: 12.0014, Constructive RL loss: -1.0216, Slack loss: 0.1198 (adds 0.12)
[2026-09-04 03:07:49] utils.py(229) : dummy_size: 49.125
[2026-09-04 03:07:49] utils.py(229) : Rank 0 >> Epoch 2/10: Time Est.: Elapsed[14.76m], Remain[59.05m]
[2026-09-04 03:07:49] utils.py(229) : Rank 0 >> Best model of improvement saved!
[2026-09-04 03:07:49] utils.py(229) : >> Val 64 instances.
[2026-09-04 03:07:49] utils.py(229) : >> validation eval type:
[2026-09-04 03:07:49] utils.py(229) : argmax
[2026-09-04 03:07:50] utils.py(229) : Rank 0 >> val construction time:
[2026-09-04 03:07:50] utils.py(229) : 0.3531472682952881
[2026-09-04 03:07:50] utils.py(229) : ! solution size:
[2026-09-04 03:07:50] utils.py(229) : torch.Size([256, 1, 100])
[2026-09-04 03:07:52] utils.py(229) : Rank 0 >> val improvement time:
[2026-09-04 03:07:52] utils.py(229) : 2.6231627464294434
[2026-09-04 03:07:53] utils.py(229) : Rank 0 >> val reconstruction time [w. mask]:
[2026-09-04 03:07:53] utils.py(229) : 0.3385326862335205
[2026-09-04 03:07:53] utils.py(229) : Rank 0 >> val construction time:
[2026-09-04 03:07:53] utils.py(229) : 0.3318014144897461
[2026-09-04 03:07:53] utils.py(229) : ! solution size:
[2026-09-04 03:07:53] utils.py(229) : torch.Size([256, 1, 100])
[2026-09-04 03:07:56] utils.py(229) : Rank 0 >> val improvement time:
[2026-09-04 03:07:56] utils.py(229) : 2.6085689067840576
[2026-09-04 03:07:56] utils.py(229) : Rank 0 >> val reconstruction time [w. mask]:
[2026-09-04 03:07:56] utils.py(229) : 0.3455936908721924
[2026-09-04 03:07:56] utils.py(229) : >> Only feasible solutions are under consideration!
[2026-09-04 03:07:56] utils.py(229) : >> Only feasible solutions are under consideration!
[2026-09-04 03:07:56] utils.py(229) : >> Load optimal solution from: ./data/VRPBLTW/or_tools_200s_vrpbltw50_uniform.pkl
[2026-09-04 03:07:56] utils.py(229) : Rank 0 >> Val Score on vrpbltw50_uniform.pkl: [Construction] NO_AUG_Score: nan, NO_AUG_Gap: nan% --> AUG_Score: nan, AUG_Gap: nan%; Infeasible rate: 100.0% (solution-level), 100.0% (instance-level)
[2026-09-04 03:07:56] utils.py(229) : Rank 0 >> Val Score on vrpbltw50_uniform.pkl: [Improvement] NO_AUG_Score: nan, NO_AUG_Gap: nan% --> AUG_Score: nan, AUG_Gap: nan%; Infeasible rate: 100.0% (solution-level), 100.0% (instance-level)
[2026-09-04 03:07:56] utils.py(229) : Rank 0 >> Val Score on vrpbltw50_uniform.pkl: [w. mask] NO_AUG_Score: 48.2657, NO_AUG_Gap: 244.7708% --> AUG_Score: 46.8755, AUG_Gap: 234.7933%; Infeasible rate: 0.0% (solution-level), 0.0% (instance-level)
[2026-09-04 03:07:56] utils.py(229) : ================================================================================
[2026-09-04 03:15:37] utils.py(229) : Rank 0 >> Epoch 3: Train (95%)
[2026-09-04 03:15:37] utils.py(229) : [Construction] Score: 45.6429,  Loss: -0.6617,  Infeasible_rate: [100.0000%, 100.0000%], out: 0.0001, out_nodes: 0, Feasible_dist: 0.0000
[2026-09-04 03:15:37] utils.py(229) : [Improvement] Score: 56.2243 [BSF: 55.7683],  Loss: 0.0083,  Infeasible_rate: [100.0000%, 100.0000%], out: 1.8358, out_nodes: 10, Feasible_dist: 0.0000, Entropy: 2.8696
[2026-09-04 03:15:37] utils.py(229) : Diversity Loss: 12.4338, Constructive RL loss: -0.5373, Slack loss: 0.1033 (adds 0.08)
[2026-09-04 03:15:37] utils.py(229) : dummy_size: 47.93125
[2026-09-04 03:15:37] utils.py(229) : Rank 0 >> Epoch 3/10: Time Est.: Elapsed[22.56m], Remain[52.65m]
[2026-09-04 03:15:37] utils.py(229) : Rank 0 >> Best model of improvement saved!
[2026-09-04 03:15:37] utils.py(229) : ================================================================================
[2026-09-04 03:23:06] utils.py(229) : Rank 0 >> Epoch 4: Train (95%)
[2026-09-04 03:23:06] utils.py(229) : [Construction] Score: 43.6165,  Loss: -1.6224,  Infeasible_rate: [100.0000%, 100.0000%], out: 0.0006, out_nodes: 0, Feasible_dist: 0.0000
[2026-09-04 03:23:06] utils.py(229) : [Improvement] Score: 54.5780 [BSF: 53.7745],  Loss: -0.0060,  Infeasible_rate: [100.0000%, 100.0000%], out: 2.5065, out_nodes: 11, Feasible_dist: 0.0000, Entropy: 2.9115
[2026-09-04 03:23:06] utils.py(229) : Diversity Loss: 12.4713, Constructive RL loss: -1.4977, Slack loss: 0.0904 (adds 0.16)
[2026-09-04 03:23:06] utils.py(229) : dummy_size: 45.2
[2026-09-04 03:23:06] utils.py(229) : Rank 0 >> Epoch 4/10: Time Est.: Elapsed[30.04m], Remain[45.06m]
[2026-09-04 03:23:06] utils.py(229) : Rank 0 >> Best model of improvement saved!
[2026-09-04 03:23:06] utils.py(229) : >> Val 64 instances.
[2026-09-04 03:23:06] utils.py(229) : >> validation eval type:
[2026-09-04 03:23:06] utils.py(229) : argmax
[2026-09-04 03:23:06] utils.py(229) : Rank 0 >> val construction time:
[2026-09-04 03:23:06] utils.py(229) : 0.37114810943603516
[2026-09-04 03:23:06] utils.py(229) : ! solution size:
[2026-09-04 03:23:06] utils.py(229) : torch.Size([256, 1, 96])
[2026-09-04 03:23:09] utils.py(229) : Rank 0 >> val improvement time:
[2026-09-04 03:23:09] utils.py(229) : 2.482522964477539
[2026-09-04 03:23:09] utils.py(229) : Rank 0 >> val reconstruction time [w. mask]:
[2026-09-04 03:23:09] utils.py(229) : 0.3596987724304199
[2026-09-04 03:23:09] utils.py(229) : Rank 0 >> val construction time:
[2026-09-04 03:23:09] utils.py(229) : 0.3589487075805664
[2026-09-04 03:23:09] utils.py(229) : ! solution size:
[2026-09-04 03:23:09] utils.py(229) : torch.Size([256, 1, 96])
[2026-09-04 03:23:12] utils.py(229) : Rank 0 >> val improvement time:
[2026-09-04 03:23:12] utils.py(229) : 2.485008716583252
[2026-09-04 03:23:12] utils.py(229) : Rank 0 >> val reconstruction time [w. mask]:
[2026-09-04 03:23:12] utils.py(229) : 0.3372330665588379
[2026-09-04 03:23:12] utils.py(229) : >> Only feasible solutions are under consideration!
[2026-09-04 03:23:12] utils.py(229) : >> Only feasible solutions are under consideration!
[2026-09-04 03:23:12] utils.py(229) : >> Load optimal solution from: ./data/VRPBLTW/or_tools_200s_vrpbltw50_uniform.pkl
[2026-09-04 03:23:12] utils.py(229) : Rank 0 >> Val Score on vrpbltw50_uniform.pkl: [Construction] NO_AUG_Score: nan, NO_AUG_Gap: nan% --> AUG_Score: nan, AUG_Gap: nan%; Infeasible rate: 100.0% (solution-level), 100.0% (instance-level)
[2026-09-04 03:23:12] utils.py(229) : Rank 0 >> Val Score on vrpbltw50_uniform.pkl: [Improvement] NO_AUG_Score: nan, NO_AUG_Gap: nan% --> AUG_Score: nan, AUG_Gap: nan%; Infeasible rate: 100.0% (solution-level), 100.0% (instance-level)
[2026-09-04 03:23:12] utils.py(229) : Rank 0 >> Val Score on vrpbltw50_uniform.pkl: [w. mask] NO_AUG_Score: 45.7218, NO_AUG_Gap: 226.6767% --> AUG_Score: 44.0828, AUG_Gap: 215.2761%; Infeasible rate: 0.0% (solution-level), 0.0% (instance-level)
[2026-09-04 03:23:12] utils.py(229) : ================================================================================
[2026-09-04 03:30:23] utils.py(229) : Rank 0 >> Epoch 5: Train (95%)
[2026-09-04 03:30:23] utils.py(229) : [Construction] Score: 41.1647,  Loss: -3.1579,  Infeasible_rate: [100.0000%, 100.0000%], out: 0.0015, out_nodes: 0, Feasible_dist: 0.0000
[2026-09-04 03:30:23] utils.py(229) : [Improvement] Score: 52.5052 [BSF: 51.1903],  Loss: -0.0170,  Infeasible_rate: [100.0000%, 100.0000%], out: 3.1578, out_nodes: 12, Feasible_dist: 0.0000, Entropy: 2.8527
[2026-09-04 03:30:23] utils.py(229) : Diversity Loss: 12.3596, Constructive RL loss: -3.0343, Slack loss: 0.0780 (adds 0.32)
[2026-09-04 03:30:23] utils.py(229) : dummy_size: 41.84375
[2026-09-04 03:30:23] utils.py(229) : Rank 0 >> Epoch 5/10: Time Est.: Elapsed[37.32m], Remain[37.32m]
[2026-09-04 03:30:23] utils.py(229) : Rank 0 >> Best model of improvement saved!
[2026-09-04 03:30:23] utils.py(229) : Rank 0 >> Saving trained_model
[2026-09-04 03:30:23] utils.py(229) : ================================================================================
[2026-09-04 03:37:12] utils.py(229) : Rank 0 >> Epoch 6: Train (95%)
[2026-09-04 03:37:12] utils.py(229) : [Construction] Score: 38.9195,  Loss: -4.8158,  Infeasible_rate: [99.9863%, 99.5312%], out: 0.0020, out_nodes: 0, Feasible_dist: 39.6348
[2026-09-04 03:37:12] utils.py(229) : [Improvement] Score: 50.6965 [BSF: 48.8589],  Loss: -0.0146,  Infeasible_rate: [100.0000%, 100.0000%], out: 3.7563, out_nodes: 12, Feasible_dist: 0.0000, Entropy: 2.7758
[2026-09-04 03:37:12] utils.py(229) : Diversity Loss: 12.2493, Constructive RL loss: -4.6933, Slack loss: 0.0658 (adds 0.48)
[2026-09-04 03:37:12] utils.py(229) : dummy_size: 38.8375
[2026-09-04 03:37:12] utils.py(229) : Rank 0 >> Epoch 6/10: Time Est.: Elapsed[44.14m], Remain[29.42m]
[2026-09-04 03:37:12] utils.py(229) : Rank 0 >> Best model of improvement saved!
[2026-09-04 03:37:12] utils.py(229) : >> Val 64 instances.
[2026-09-04 03:37:12] utils.py(229) : >> validation eval type:
[2026-09-04 03:37:12] utils.py(229) : argmax
[2026-09-04 03:37:12] utils.py(229) : Rank 0 >> val construction time:
[2026-09-04 03:37:12] utils.py(229) : 0.32814526557922363
[2026-09-04 03:37:12] utils.py(229) : ! solution size:
[2026-09-04 03:37:12] utils.py(229) : torch.Size([256, 1, 89])
[2026-09-04 03:37:14] utils.py(229) : Rank 0 >> val improvement time:
[2026-09-04 03:37:14] utils.py(229) : 2.274725914001465
[2026-09-04 03:37:15] utils.py(229) : Rank 0 >> val reconstruction time [w. mask]:
[2026-09-04 03:37:15] utils.py(229) : 0.3204047679901123
[2026-09-04 03:37:15] utils.py(229) : Rank 0 >> val construction time:
[2026-09-04 03:37:15] utils.py(229) : 0.29752278327941895
[2026-09-04 03:37:15] utils.py(229) : ! solution size:
[2026-09-04 03:37:15] utils.py(229) : torch.Size([256, 1, 89])
[2026-09-04 03:37:17] utils.py(229) : Rank 0 >> val improvement time:
[2026-09-04 03:37:17] utils.py(229) : 2.302677869796753
[2026-09-04 03:37:18] utils.py(229) : Rank 0 >> val reconstruction time [w. mask]:
[2026-09-04 03:37:18] utils.py(229) : 0.31569433212280273
[2026-09-04 03:37:18] utils.py(229) : >> Only feasible solutions are under consideration!
[2026-09-04 03:37:18] utils.py(229) : >> Only feasible solutions are under consideration!
[2026-09-04 03:37:18] utils.py(229) : >> Load optimal solution from: ./data/VRPBLTW/or_tools_200s_vrpbltw50_uniform.pkl
[2026-09-04 03:37:18] utils.py(229) : Rank 0 >> Val Score on vrpbltw50_uniform.pkl: [Construction] NO_AUG_Score: 39.0595, NO_AUG_Gap: 190.0976% --> AUG_Score: 40.4956, AUG_Gap: 189.8332%; Infeasible rate: 99.609% (solution-level), 96.875% (instance-level)
[2026-09-04 03:37:18] utils.py(229) : Rank 0 >> Val Score on vrpbltw50_uniform.pkl: [Improvement] NO_AUG_Score: 39.0595, NO_AUG_Gap: 190.0976% --> AUG_Score: 40.4956, AUG_Gap: 189.8332%; Infeasible rate: 99.609% (solution-level), 96.875% (instance-level)
[2026-09-04 03:37:18] utils.py(229) : Rank 0 >> Val Score on vrpbltw50_uniform.pkl: [w. mask] NO_AUG_Score: 41.1334, NO_AUG_Gap: 194.4638% --> AUG_Score: 38.7942, AUG_Gap: 177.4969%; Infeasible rate: 0.0% (solution-level), 0.0% (instance-level)
[2026-09-04 03:37:18] utils.py(229) : ================================================================================
[2026-09-04 03:43:48] utils.py(229) : Rank 0 >> Epoch 7: Train (95%)
[2026-09-04 03:43:48] utils.py(229) : [Construction] Score: 36.2936,  Loss: -6.3288,  Infeasible_rate: [99.9649%, 98.8281%], out: 0.0065, out_nodes: 0, Feasible_dist: 37.2411
[2026-09-04 03:43:48] utils.py(229) : [Improvement] Score: 48.4082 [BSF: 46.0484],  Loss: -0.0164,  Infeasible_rate: [100.0000%, 100.0000%], out: 4.3169, out_nodes: 13, Feasible_dist: 0.0000, Entropy: 2.6818
[2026-09-04 03:43:48] utils.py(229) : Diversity Loss: 12.1873, Constructive RL loss: -6.2070, Slack loss: 0.0547 (adds 0.63)
[2026-09-04 03:43:48] utils.py(229) : dummy_size: 35.3375
[2026-09-04 03:43:48] utils.py(229) : Rank 0 >> Epoch 7/10: Time Est.: Elapsed[50.74m], Remain[21.75m]
[2026-09-04 03:43:48] utils.py(229) : Rank 0 >> Best model of improvement saved!
[2026-09-04 03:43:48] utils.py(229) : ================================================================================
[2026-09-04 03:50:05] utils.py(229) : Rank 0 >> Epoch 8: Train (95%)
[2026-09-04 03:50:05] utils.py(229) : [Construction] Score: 33.8830,  Loss: -7.1624,  Infeasible_rate: [99.7920%, 93.7891%], out: 0.0099, out_nodes: 0, Feasible_dist: 35.9943
[2026-09-04 03:50:05] utils.py(229) : [Improvement] Score: 45.6994 [BSF: 43.2828],  Loss: -0.0115,  Infeasible_rate: [100.0000%, 100.0000%], out: 4.3977, out_nodes: 13, Feasible_dist: 0.0000, Entropy: 2.5995
[2026-09-04 03:50:05] utils.py(229) : Diversity Loss: 12.3315, Constructive RL loss: -7.0390, Slack loss: 0.0460 (adds 0.72)
[2026-09-04 03:50:05] utils.py(229) : dummy_size: 32.78125
[2026-09-04 03:50:05] utils.py(229) : Rank 0 >> Epoch 8/10: Time Est.: Elapsed[57.03m], Remain[14.26m]
[2026-09-04 03:50:05] utils.py(229) : Rank 0 >> Best model of improvement saved!
[2026-09-04 03:50:05] utils.py(229) : >> Val 64 instances.
[2026-09-04 03:50:05] utils.py(229) : >> validation eval type:
[2026-09-04 03:50:05] utils.py(229) : argmax
[2026-09-04 03:50:06] utils.py(229) : Rank 0 >> val construction time:
[2026-09-04 03:50:06] utils.py(229) : 0.3060617446899414
[2026-09-04 03:50:06] utils.py(229) : ! solution size:
[2026-09-04 03:50:06] utils.py(229) : torch.Size([256, 1, 83])
[2026-09-04 03:50:08] utils.py(229) : Rank 0 >> val improvement time:
[2026-09-04 03:50:08] utils.py(229) : 2.601327657699585
[2026-09-04 03:50:09] utils.py(229) : Rank 0 >> val reconstruction time [w. mask]:
[2026-09-04 03:50:09] utils.py(229) : 0.31531333923339844
[2026-09-04 03:50:09] utils.py(229) : Rank 0 >> val construction time:
[2026-09-04 03:50:09] utils.py(229) : 0.29393887519836426
[2026-09-04 03:50:09] utils.py(229) : ! solution size:
[2026-09-04 03:50:09] utils.py(229) : torch.Size([256, 1, 85])
[2026-09-04 03:50:11] utils.py(229) : Rank 0 >> val improvement time:
[2026-09-04 03:50:11] utils.py(229) : 2.370966911315918
[2026-09-04 03:50:12] utils.py(229) : Rank 0 >> val reconstruction time [w. mask]:
[2026-09-04 03:50:12] utils.py(229) : 0.29387950897216797
[2026-09-04 03:50:12] utils.py(229) : >> Only feasible solutions are under consideration!
[2026-09-04 03:50:12] utils.py(229) : >> Only feasible solutions are under consideration!
[2026-09-04 03:50:12] utils.py(229) : >> Load optimal solution from: ./data/VRPBLTW/or_tools_200s_vrpbltw50_uniform.pkl
[2026-09-04 03:50:12] utils.py(229) : Rank 0 >> Val Score on vrpbltw50_uniform.pkl: [Construction] NO_AUG_Score: nan, NO_AUG_Gap: nan% --> AUG_Score: 34.8624, AUG_Gap: 159.1536%; Infeasible rate: 96.289% (solution-level), 76.562% (instance-level)
[2026-09-04 03:50:12] utils.py(229) : Rank 0 >> Val Score on vrpbltw50_uniform.pkl: [Improvement] NO_AUG_Score: nan, NO_AUG_Gap: nan% --> AUG_Score: 34.8624, AUG_Gap: 159.1536%; Infeasible rate: 96.289% (solution-level), 76.562% (instance-level)
[2026-09-04 03:50:12] utils.py(229) : Rank 0 >> Val Score on vrpbltw50_uniform.pkl: [w. mask] NO_AUG_Score: 35.8639, NO_AUG_Gap: 156.7004% --> AUG_Score: 32.9196, AUG_Gap: 136.0371%; Infeasible rate: 0.0% (solution-level), 0.0% (instance-level)
[2026-09-04 03:50:12] utils.py(229) : ================================================================================
[2026-09-04 03:56:20] utils.py(229) : Rank 0 >> Epoch 9: Train (95%)
[2026-09-04 03:56:20] utils.py(229) : [Construction] Score: 31.9028,  Loss: -7.0668,  Infeasible_rate: [99.2627%, 80.9375%], out: 0.0102, out_nodes: 0, Feasible_dist: 33.9897
[2026-09-04 03:56:20] utils.py(229) : [Improvement] Score: 43.1922 [BSF: 40.8992],  Loss: -0.0096,  Infeasible_rate: [100.0000%, 100.0000%], out: 4.1909, out_nodes: 12, Feasible_dist: 0.0000, Entropy: 2.5249
[2026-09-04 03:56:20] utils.py(229) : Diversity Loss: 12.6880, Constructive RL loss: -6.9400, Slack loss: 0.0412 (adds 0.71)
[2026-09-04 03:56:20] utils.py(229) : dummy_size: 31.3375
[2026-09-04 03:56:20] utils.py(229) : Rank 0 >> Epoch 9/10: Time Est.: Elapsed[1.05h], Remain[7.03m]
[2026-09-04 03:56:20] utils.py(229) : Rank 0 >> Best model of construction saved!
[2026-09-04 03:56:20] utils.py(229) : Rank 0 >> Best model of improvement saved!
[2026-09-04 03:56:20] utils.py(229) : ================================================================================
[2026-09-04 04:02:18] utils.py(229) : Rank 0 >> Epoch 10: Train (95%)
[2026-09-04 04:02:18] utils.py(229) : [Construction] Score: 29.7198,  Loss: -7.1484,  Infeasible_rate: [98.7597%, 72.9688%], out: 0.0128, out_nodes: 0, Feasible_dist: 32.0309
[2026-09-04 04:02:18] utils.py(229) : [Improvement] Score: 40.8033 [BSF: 38.6301],  Loss: -0.0063,  Infeasible_rate: [100.0000%, 100.0000%], out: 4.1363, out_nodes: 12, Feasible_dist: 0.0000, Entropy: 2.4399
[2026-09-04 04:02:18] utils.py(229) : Diversity Loss: 13.0669, Constructive RL loss: -7.0177, Slack loss: 0.0387 (adds 0.71)
[2026-09-04 04:02:18] utils.py(229) : dummy_size: 29.31875
[2026-09-04 04:02:18] utils.py(229) : Rank 0 >> Epoch 10/10: Time Est.: Elapsed[1.15h], Remain[0.00m]
[2026-09-04 04:02:18] utils.py(229) : Rank 0 >> Best model of construction saved!
[2026-09-04 04:02:18] utils.py(229) : Rank 0 >> Best model of improvement saved!
[2026-09-04 04:02:18] utils.py(229) : Rank 0 >> Saving trained_model
[2026-09-04 04:02:18] utils.py(229) : >> Val 64 instances.
[2026-09-04 04:02:18] utils.py(229) : >> validation eval type:
[2026-09-04 04:02:18] utils.py(229) : argmax
[2026-09-04 04:02:18] utils.py(229) : Rank 0 >> val construction time:
[2026-09-04 04:02:18] utils.py(229) : 0.27840232849121094
[2026-09-04 04:02:18] utils.py(229) : ! solution size:
[2026-09-04 04:02:18] utils.py(229) : torch.Size([256, 1, 79])
[2026-09-04 04:02:20] utils.py(229) : Rank 0 >> val improvement time:
[2026-09-04 04:02:20] utils.py(229) : 2.0106425285339355
[2026-09-04 04:02:21] utils.py(229) : Rank 0 >> val reconstruction time [w. mask]:
[2026-09-04 04:02:21] utils.py(229) : 0.28505635261535645
[2026-09-04 04:02:21] utils.py(229) : Rank 0 >> val construction time:
[2026-09-04 04:02:21] utils.py(229) : 0.27556347846984863
[2026-09-04 04:02:21] utils.py(229) : ! solution size:
[2026-09-04 04:02:21] utils.py(229) : torch.Size([256, 1, 80])
[2026-09-04 04:02:23] utils.py(229) : Rank 0 >> val improvement time:
[2026-09-04 04:02:23] utils.py(229) : 2.037245273590088
[2026-09-04 04:02:23] utils.py(229) : Rank 0 >> val reconstruction time [w. mask]:
[2026-09-04 04:02:23] utils.py(229) : 0.27721166610717773
[2026-09-04 04:02:23] utils.py(229) : >> Only feasible solutions are under consideration!
[2026-09-04 04:02:23] utils.py(229) : >> Only feasible solutions are under consideration!
[2026-09-04 04:02:23] utils.py(229) : >> Load optimal solution from: ./data/VRPBLTW/or_tools_200s_vrpbltw50_uniform.pkl
[2026-09-04 04:02:23] utils.py(229) : Rank 0 >> Val Score on vrpbltw50_uniform.pkl: [Construction] NO_AUG_Score: 28.1379, NO_AUG_Gap: 121.8413% --> AUG_Score: 30.6282, AUG_Gap: 123.776%; Infeasible rate: 92.383% (solution-level), 60.938% (instance-level)
[2026-09-04 04:02:23] utils.py(229) : Rank 0 >> Val Score on vrpbltw50_uniform.pkl: [Improvement] NO_AUG_Score: 28.1379, NO_AUG_Gap: 121.8413% --> AUG_Score: 30.6282, AUG_Gap: 123.776%; Infeasible rate: 92.383% (solution-level), 60.938% (instance-level)
[2026-09-04 04:02:23] utils.py(229) : Rank 0 >> Val Score on vrpbltw50_uniform.pkl: [w. mask] NO_AUG_Score: 31.1026, NO_AUG_Gap: 123.2222% --> AUG_Score: 29.1224, AUG_Gap: 108.9394%; Infeasible rate: 0.0% (solution-level), 0.0% (instance-level)
[2026-09-04 04:02:23] utils.py(229) : >> Finish VRPBLTW Training using SINGLE Model ...
[1;34mwandb[0m: 
[1;34mwandb[0m: 🚀 View run [33m20260904_035255train_interface[0m at: [34mhttps://wandb.ai/shoraaa-vnu/unified_solver/runs/8kxpfzea[0m
[1;34mwandb[0m: Find logs at: [1;35mwandb/run-20260904_025301-8kxpfzea/logs[0m
[W904 04:02:26.997612231 AllocatorConfig.cpp:28] Warning: PYTORCH_CUDA_ALLOC_CONF is deprecated, use PYTORCH_ALLOC_CONF instead (function operator())
=== car_soft_interface_slack0.1 complete ===
=== car_soft_attr (attempt 1) ===
=== host: car  mask: soft  arm: attr  slack: 0.0 ===
wandb: [wandb.login()] Loaded credentials for https://api.wandb.ai from /home/shora/.netrc.
wandb: Currently logged in as: shoraaa (shoraaa-vnu) to https://api.wandb.ai. Use `wandb login --relogin` to force relogin
wandb: setting up run aderh1hj
wandb: Tracking run with wandb version 0.28.1
wandb: Run data is saved locally in /home/shora/Research/PRISM/baselines/CaR-constraint/wandb/run-20260904_040239-aderh1hj
wandb: Run `wandb offline` to turn off syncing.
wandb: Syncing run 20260904_050232train_attr
wandb:  View project at https://wandb.ai/shoraaa-vnu/unified_solver
wandb:  View run at https://wandb.ai/shoraaa-vnu/unified_solver/runs/aderh1hj
{'POMO_checkpoint': '../PIP-constraint/POMO+PIP/pretrained/TSPTW/tsptw50_hard/POMO_star/epoch-10000.pt',
 'accumulation_steps': 8,
 'active_constraints': ['backhaul', 'route_limit', 'time_window'],
 'amp_training': True,
 'aspect_num': 2,
 'aux_mask': True,
 'backhaul_mask': 'soft',
 'baseline': 'group',
 'best_solution_path': None,
 'bonus_for_construction': False,
 'boundary': 0.5,
 'checkpoint': None,
 'clean_cache': False,
 'coefficient': 100,
 'consequence_hidden_dim': 16,
 'constraint_number': 4,
 'constraint_repr': 'attr',
 'couple_rows': True,
 'decoder_layer_num': 1,
 'diversity': 'kendall_tau_distance',
 'diversity_loss': True,
 'diversity_reward': False,
 'diversity_weight': 0.01,
 'dual_decoder': False,
 'dummy_improve_selected': 'random',
 'dummy_improve_steps': 0,
 'dynamic_coefficient': False,
 'embedding_dim': 128,
 'empty_cache_per_batch': True,
 'enable_eas': False,
 'encoder_layer_num': 6,
 'epochs': 10,
 'epsilon': 3.67,
 'epsilon_base': 5.0,
 'epsilon_decay_beta': 0.001,
 'eval_only': False,
 'eval_type': 'argmax',
 'extra_bonus': False,
 'extra_weight': 0.1,
 'ff_hidden_dim': 512,
 'fsb_dist_only': True,
 'fsb_reward_only': True,
 'fsb_reward_plus': False,
 'fsb_start_delay': 10000,
 'gamma': 0.1,
 'generate_PI_mask': False,
 'gpu_id': '0',
 'gumbel': False,
 'hardness': 'hard',
 'head_num': 8,
 'imitation_learning': True,
 'imitation_loss_weight': 1.0,
 'impr_encoder_start_idx': 0,
 'improve_start_when_dummy_ok': False,
 'improve_steps': 5,
 'improvement_method': 'kopt',
 'improvement_only': False,
 'infsb_dist_penalty': False,
 'init_sol_strategy': 'POMO',
 'insert_before': True,
 'is_lib': False,
 'iterations': 200,
 'iterations_impr': 20,
 'k_max': 4,
 'k_unconfident': 10,
 'lazy_pip_model': False,
 'load_optimizer': True,
 'load_which_pip': 'train_fsb_bsf',
 'log_dir': 'results/composition/train_car_soft_attr',
 'logit_clipping': 10,
 'lr': 0.0001,
 'max_dummy_size': 18,
 'milestones': [4501],
 'model_save_interval': 5,
 'model_type': 'SINGLE',
 'multi_processing': False,
 'multiple_gpu': False,
 'n2s_decoder': False,
 'neighborhood_search': False,
 'no_cuda': False,
 'node_repr': 'named',
 'node_repr_dim': 4,
 'non_linear': None,
 'non_linear_cons': False,
 'norm': 'instance',
 'norm_loc': 'norm_last',
 'occ_gpu': 0.0,
 'out_node_reward': True,
 'out_reward': True,
 'pairwise_merge': 'feature,attention',
 'penalty_factor': 1.0,
 'penalty_normalize': False,
 'pip_checkpoint': None,
 'pip_decoder': False,
 'pip_last_growup': 50,
 'pip_step': 1,
 'pip_update_epoch': 20,
 'pip_update_interval': 1000,
 'pomo_feasible_start': False,
 'pomo_size': 50,
 'pomo_start': False,
 'problem': 'VRPBLTW',
 'problem_size': 50,
 'probs_return': False,
 'qkv_dim': 16,
 'random_delta_t': 0,
 'reconstruct': False,
 'reconstruct_bonus_weight': 1.0,
 'reconstruct_improve_bonus': False,
 'refinement_history_path': None,
 'repeats': 1,
 'reward_gating': False,
 'rm_num': 1,
 'sample_size': 1,
 'seed': 1234,
 'select_strategy': 'quality',
 'select_top_k': 10,
 'select_top_k_val': 1,
 'seperate_obj_penalty': False,
 'simulation_stop_epoch': 100,
 'slack_normalize': True,
 'slack_stride': 5,
 'slack_weight': 0.0,
 'soft_constrained': True,
 'sop_variant': 1,
 'sqrt_embedding_dim': 11.313708498984761,
 'stochastic_probability': 0.5,
 'subgradient': False,
 'subgradient_lr': 0.1,
 'succ_attention_bias': 1.0,
 'supplement_feature_dim': 17,
 'tb_logger': False,
 'test_batch_size': 10000,
 'test_dataset': None,
 'test_episodes': 10000,
 'test_opt_path': None,
 'test_pomo_size': 1,
 'total_history': 3,
 'train_batch_size': 16,
 'train_episodes': 2560,
 'tw_normalize': True,
 'uncertainty_weight': False,
 'unified_decoder': False,
 'unified_encoder': True,
 'use_fast_attention': True,
 'use_real_PI_mask': False,
 'v_range': 6.0,
 'val_dataset': ['vrpbltw50_uniform.pkl'],
 'val_episodes': 64,
 'val_init_sol_strategy': 'POMO',
 'val_opt_path': None,
 'val_pomo_size': 1,
 'val_reconstruct_times': 1,
 'validation_batch_size': 32,
 'validation_improve_steps': 20,
 'validation_interval': 2,
 'wandb_logger': True,
 'weight_decay': 1e-06,
 'which_feature': 'both',
 'with_RNN': True,
 'with_bonus': False,
 'with_explore_stat_feature': True,
 'with_infsb_feature': True,
 'with_regular': False,
 'wo_node_penalty': False,
 'wo_tour_penalty': False,
 'world_size': 1}
>> Log Path: results/composition/train_car_soft_attr/20260904_050232train_attr
>> No occupation needed
>> USE_CUDA: True, CUDA_DEVICE_NUM: 0
>> Start VRPBLTW Training using SINGLE Model ...
[2026-09-04 04:02:40] utils.py(229) : >> Use unified encoder for Improvement and Construction!
[2026-09-04 04:02:40] utils.py(229) : >> Use kopt decoder for Improvement!
[2026-09-04 04:02:40] utils.py(229) : lambda_:
[2026-09-04 04:02:40] utils.py(229) : 1.0
[2026-09-04 04:02:41] utils.py(229) : Number of Parameters: 1642336
[2026-09-04 04:02:41] utils.py(229) : [copy_all_src] Warning: /home/shora/Research/PRISM/baselines/CaR-constraint/_ops.py not found. Skipping.
[2026-09-04 04:02:41] utils.py(229) : [copy_all_src] Warning: /home/shora/Research/PRISM/baselines/CaR-constraint/_classes.py not found. Skipping.
[2026-09-04 04:02:41] utils.py(229) : ================================================================================
[2026-09-04 04:02:43] utils.py(229) : Rank 0 >> Epoch 1: Train (0%)
[2026-09-04 04:02:43] utils.py(229) : [Construction] Score: 27.0142,  Loss: 296.9694,  Infeasible_rate: [100.0000%, 100.0000%], out: 121.6552, out_nodes: 25, Feasible_dist: 0.0000
[2026-09-04 04:02:43] utils.py(229) : [Improvement] Score: 147.2660 [BSF: 147.2660],  Loss: 17.5683,  Infeasible_rate: [100.0000%, 100.0000%], out: 171.8140, out_nodes: 56, Feasible_dist: 0.0000, Entropy: 2.4803
[2026-09-04 04:02:43] utils.py(229) : Diversity Loss: 10.0289, Constructive RL loss: 297.0698
[2026-09-04 04:02:45] utils.py(229) : Rank 0 >> Epoch 1: Train (0%)
[2026-09-04 04:02:45] utils.py(229) : [Construction] Score: 27.1116,  Loss: 317.7987,  Infeasible_rate: [100.0000%, 100.0000%], out: 114.3392, out_nodes: 25, Feasible_dist: 0.0000
[2026-09-04 04:02:45] utils.py(229) : [Improvement] Score: 149.5993 [BSF: 149.5993],  Loss: 15.8666,  Infeasible_rate: [100.0000%, 100.0000%], out: 167.1336, out_nodes: 56, Feasible_dist: 0.0000, Entropy: 2.4282
[2026-09-04 04:02:45] utils.py(229) : Diversity Loss: 10.0004, Constructive RL loss: 317.8988
[2026-09-04 04:02:46] utils.py(229) : Rank 0 >> Epoch 1: Train (0%)
[2026-09-04 04:02:46] utils.py(229) : [Construction] Score: 27.0922,  Loss: 360.2464,  Infeasible_rate: [100.0000%, 100.0000%], out: 115.2691, out_nodes: 25, Feasible_dist: 0.0000
[2026-09-04 04:02:46] utils.py(229) : [Improvement] Score: 149.6964 [BSF: 149.6964],  Loss: 18.7681,  Infeasible_rate: [100.0000%, 100.0000%], out: 169.0244, out_nodes: 56, Feasible_dist: 0.0000, Entropy: 2.4309
[2026-09-04 04:02:46] utils.py(229) : Diversity Loss: 10.0388, Constructive RL loss: 360.3468
[2026-09-04 04:02:48] utils.py(229) : Rank 0 >> Epoch 1: Train (0%)
[2026-09-04 04:02:48] utils.py(229) : [Construction] Score: 27.3138,  Loss: 361.4361,  Infeasible_rate: [100.0000%, 100.0000%], out: 117.5785, out_nodes: 25, Feasible_dist: 0.0000
[2026-09-04 04:02:48] utils.py(229) : [Improvement] Score: 152.2980 [BSF: 152.1389],  Loss: 20.5956,  Infeasible_rate: [100.0000%, 100.0000%], out: 170.0303, out_nodes: 57, Feasible_dist: 0.0000, Entropy: 2.4206
[2026-09-04 04:02:48] utils.py(229) : Diversity Loss: 10.0378, Constructive RL loss: 361.5365
[2026-09-04 04:02:49] utils.py(229) : Rank 0 >> Epoch 1: Train (0%)
[2026-09-04 04:02:49] utils.py(229) : [Construction] Score: 27.3321,  Loss: 348.2624,  Infeasible_rate: [100.0000%, 100.0000%], out: 114.3688, out_nodes: 25, Feasible_dist: 0.0000
[2026-09-04 04:02:49] utils.py(229) : [Improvement] Score: 152.2271 [BSF: 152.0999],  Loss: 20.5707,  Infeasible_rate: [100.0000%, 100.0000%], out: 169.3438, out_nodes: 56, Feasible_dist: 0.0000, Entropy: 2.4293
[2026-09-04 04:02:49] utils.py(229) : Diversity Loss: 10.0449, Constructive RL loss: 348.3629
[2026-09-04 04:02:51] utils.py(229) : Rank 0 >> Epoch 1: Train (0%)
[2026-09-04 04:02:51] utils.py(229) : [Construction] Score: 27.3507,  Loss: 353.8060,  Infeasible_rate: [100.0000%, 100.0000%], out: 116.0824, out_nodes: 25, Feasible_dist: 0.0000
[2026-09-04 04:02:51] utils.py(229) : [Improvement] Score: 152.0083 [BSF: 151.9023],  Loss: 19.9103,  Infeasible_rate: [100.0000%, 100.0000%], out: 169.0635, out_nodes: 56, Feasible_dist: 0.0000, Entropy: 2.4130
[2026-09-04 04:02:51] utils.py(229) : Diversity Loss: 10.0457, Constructive RL loss: 353.9065
[2026-09-04 04:02:52] utils.py(229) : Rank 0 >> Epoch 1: Train (0%)
[2026-09-04 04:02:52] utils.py(229) : [Construction] Score: 27.3460,  Loss: 361.5770,  Infeasible_rate: [100.0000%, 100.0000%], out: 115.9886, out_nodes: 25, Feasible_dist: 0.0000
[2026-09-04 04:02:52] utils.py(229) : [Improvement] Score: 152.6142 [BSF: 152.5233],  Loss: 20.8840,  Infeasible_rate: [100.0000%, 100.0000%], out: 171.5950, out_nodes: 57, Feasible_dist: 0.0000, Entropy: 2.4084
[2026-09-04 04:02:52] utils.py(229) : Diversity Loss: 10.0478, Constructive RL loss: 361.6775
[2026-09-04 04:02:54] utils.py(229) : Rank 0 >> Epoch 1: Train (0%)
[2026-09-04 04:02:54] utils.py(229) : [Construction] Score: 27.4498,  Loss: 360.0308,  Infeasible_rate: [100.0000%, 100.0000%], out: 117.1294, out_nodes: 25, Feasible_dist: 0.0000
[2026-09-04 04:02:54] utils.py(229) : [Improvement] Score: 155.5607 [BSF: 155.4812],  Loss: 20.8762,  Infeasible_rate: [100.0000%, 100.0000%], out: 171.5636, out_nodes: 57, Feasible_dist: 0.0000, Entropy: 2.4120
[2026-09-04 04:02:54] utils.py(229) : Diversity Loss: 10.0486, Constructive RL loss: 360.1313
[2026-09-04 04:02:55] utils.py(229) : Rank 0 >> Epoch 1: Train (5%)
[2026-09-04 04:02:55] utils.py(229) : [Construction] Score: 27.4016,  Loss: 355.2888,  Infeasible_rate: [100.0000%, 100.0000%], out: 117.1957, out_nodes: 25, Feasible_dist: 0.0000
[2026-09-04 04:02:55] utils.py(229) : [Improvement] Score: 157.1343 [BSF: 157.0636],  Loss: 20.9177,  Infeasible_rate: [100.0000%, 100.0000%], out: 172.4917, out_nodes: 57, Feasible_dist: 0.0000, Entropy: 2.4092
[2026-09-04 04:02:55] utils.py(229) : Diversity Loss: 10.0496, Constructive RL loss: 355.3893
[2026-09-04 04:02:56] utils.py(229) : Rank 0 >> Epoch 1: Train (5%)
[2026-09-04 04:02:56] utils.py(229) : [Construction] Score: 27.3894,  Loss: 348.2879,  Infeasible_rate: [100.0000%, 100.0000%], out: 118.7784, out_nodes: 25, Feasible_dist: 0.0000
[2026-09-04 04:02:56] utils.py(229) : [Improvement] Score: 157.4687 [BSF: 157.4050],  Loss: 21.6107,  Infeasible_rate: [100.0000%, 100.0000%], out: 174.0584, out_nodes: 57, Feasible_dist: 0.0000, Entropy: 2.4024
[2026-09-04 04:02:56] utils.py(229) : Diversity Loss: 10.0476, Constructive RL loss: 348.3883
[2026-09-04 04:02:58] utils.py(229) : Rank 0 >> Epoch 1: Train (5%)
[2026-09-04 04:02:58] utils.py(229) : [Construction] Score: 27.4484,  Loss: 348.2896,  Infeasible_rate: [100.0000%, 100.0000%], out: 117.7349, out_nodes: 25, Feasible_dist: 0.0000
[2026-09-04 04:02:58] utils.py(229) : [Improvement] Score: 159.6432 [BSF: 159.4709],  Loss: 21.0643,  Infeasible_rate: [100.0000%, 100.0000%], out: 174.5794, out_nodes: 57, Feasible_dist: 0.0000, Entropy: 2.3991
[2026-09-04 04:02:58] utils.py(229) : Diversity Loss: 10.0482, Constructive RL loss: 348.3901
[2026-09-04 04:02:59] utils.py(229) : Rank 0 >> Epoch 1: Train (5%)
[2026-09-04 04:02:59] utils.py(229) : [Construction] Score: 27.4789,  Loss: 340.4311,  Infeasible_rate: [100.0000%, 100.0000%], out: 116.8258, out_nodes: 25, Feasible_dist: 0.0000
[2026-09-04 04:02:59] utils.py(229) : [Improvement] Score: 160.7547 [BSF: 160.5851],  Loss: 20.6025,  Infeasible_rate: [100.0000%, 100.0000%], out: 174.1011, out_nodes: 57, Feasible_dist: 0.0000, Entropy: 2.4038
[2026-09-04 04:02:59] utils.py(229) : Diversity Loss: 10.0459, Constructive RL loss: 340.5315
[2026-09-04 04:03:01] utils.py(229) : Rank 0 >> Epoch 1: Train (5%)
[2026-09-04 04:03:01] utils.py(229) : [Construction] Score: 27.5130,  Loss: 339.1589,  Infeasible_rate: [100.0000%, 100.0000%], out: 116.0534, out_nodes: 25, Feasible_dist: 0.0000
[2026-09-04 04:03:01] utils.py(229) : [Improvement] Score: 160.8083 [BSF: 160.6517],  Loss: 20.6289,  Infeasible_rate: [100.0000%, 100.0000%], out: 174.0605, out_nodes: 57, Feasible_dist: 0.0000, Entropy: 2.4007
[2026-09-04 04:03:01] utils.py(229) : Diversity Loss: 10.0417, Constructive RL loss: 339.2593
[2026-09-04 04:03:02] utils.py(229) : Rank 0 >> Epoch 1: Train (5%)
[2026-09-04 04:03:02] utils.py(229) : [Construction] Score: 27.4819,  Loss: 338.7828,  Infeasible_rate: [100.0000%, 100.0000%], out: 115.8272, out_nodes: 25, Feasible_dist: 0.0000
[2026-09-04 04:03:02] utils.py(229) : [Improvement] Score: 160.3332 [BSF: 160.1877],  Loss: 20.3834,  Infeasible_rate: [100.0000%, 100.0000%], out: 173.8788, out_nodes: 57, Feasible_dist: 0.0000, Entropy: 2.4013
[2026-09-04 04:03:02] utils.py(229) : Diversity Loss: 10.0472, Constructive RL loss: 338.8833
[2026-09-04 04:03:04] utils.py(229) : Rank 0 >> Epoch 1: Train (5%)
[2026-09-04 04:03:04] utils.py(229) : [Construction] Score: 27.4372,  Loss: 343.3217,  Infeasible_rate: [100.0000%, 100.0000%], out: 115.5014, out_nodes: 25, Feasible_dist: 0.0000
[2026-09-04 04:03:04] utils.py(229) : [Improvement] Score: 160.1898 [BSF: 160.0239],  Loss: 20.2715,  Infeasible_rate: [100.0000%, 100.0000%], out: 174.6305, out_nodes: 57, Feasible_dist: 0.0000, Entropy: 2.3990
[2026-09-04 04:03:04] utils.py(229) : Diversity Loss: 10.0510, Constructive RL loss: 343.4222
[2026-09-04 04:03:05] utils.py(229) : Rank 0 >> Epoch 1: Train (5%)
[2026-09-04 04:03:05] utils.py(229) : [Construction] Score: 27.4490,  Loss: 354.3640,  Infeasible_rate: [100.0000%, 100.0000%], out: 115.5414, out_nodes: 25, Feasible_dist: 0.0000
[2026-09-04 04:03:05] utils.py(229) : [Improvement] Score: 159.6219 [BSF: 159.4664],  Loss: 20.3993,  Infeasible_rate: [100.0000%, 100.0000%], out: 174.8258, out_nodes: 57, Feasible_dist: 0.0000, Entropy: 2.3959
[2026-09-04 04:03:05] utils.py(229) : Diversity Loss: 10.0579, Constructive RL loss: 354.4646
[2026-09-04 04:03:06] utils.py(229) : Rank 0 >> Epoch 1: Train (10%)
[2026-09-04 04:03:06] utils.py(229) : [Construction] Score: 27.4773,  Loss: 354.4763,  Infeasible_rate: [100.0000%, 100.0000%], out: 115.4188, out_nodes: 25, Feasible_dist: 0.0000
[2026-09-04 04:03:06] utils.py(229) : [Improvement] Score: 160.0084 [BSF: 159.8621],  Loss: 20.4069,  Infeasible_rate: [100.0000%, 100.0000%], out: 175.0886, out_nodes: 57, Feasible_dist: 0.0000, Entropy: 2.3967
[2026-09-04 04:03:06] utils.py(229) : Diversity Loss: 10.0559, Constructive RL loss: 354.5769
[2026-09-04 04:03:08] utils.py(229) : Rank 0 >> Epoch 1: Train (10%)
[2026-09-04 04:03:08] utils.py(229) : [Construction] Score: 27.4314,  Loss: 352.4053,  Infeasible_rate: [100.0000%, 100.0000%], out: 115.0451, out_nodes: 25, Feasible_dist: 0.0000
[2026-09-04 04:03:08] utils.py(229) : [Improvement] Score: 159.7662 [BSF: 159.6279],  Loss: 20.0664,  Infeasible_rate: [100.0000%, 100.0000%], out: 175.0295, out_nodes: 57, Feasible_dist: 0.0000, Entropy: 2.3949
[2026-09-04 04:03:08] utils.py(229) : Diversity Loss: 10.0537, Constructive RL loss: 352.5059
[2026-09-04 04:03:09] utils.py(229) : Rank 0 >> Epoch 1: Train (10%)
[2026-09-04 04:03:09] utils.py(229) : [Construction] Score: 27.4524,  Loss: 352.3565,  Infeasible_rate: [100.0000%, 100.0000%], out: 114.8780, out_nodes: 25, Feasible_dist: 0.0000
[2026-09-04 04:03:09] utils.py(229) : [Improvement] Score: 159.6773 [BSF: 159.5464],  Loss: 20.1410,  Infeasible_rate: [100.0000%, 100.0000%], out: 175.3306, out_nodes: 57, Feasible_dist: 0.0000, Entropy: 2.3961
[2026-09-04 04:03:09] utils.py(229) : Diversity Loss: 10.0578, Constructive RL loss: 352.4571
[2026-09-04 04:03:11] utils.py(229) : Rank 0 >> Epoch 1: Train (10%)
[2026-09-04 04:03:11] utils.py(229) : [Construction] Score: 27.3591,  Loss: 358.0551,  Infeasible_rate: [100.0000%, 100.0000%], out: 114.8198, out_nodes: 25, Feasible_dist: 0.0000
[2026-09-04 04:03:11] utils.py(229) : [Improvement] Score: 159.6513 [BSF: 159.4670],  Loss: 20.3770,  Infeasible_rate: [100.0000%, 100.0000%], out: 175.1463, out_nodes: 57, Feasible_dist: 0.0000, Entropy: 2.3949
[2026-09-04 04:03:11] utils.py(229) : Diversity Loss: 10.0609, Constructive RL loss: 358.1557
[2026-09-04 04:03:12] utils.py(229) : Rank 0 >> Epoch 1: Train (10%)
[2026-09-04 04:03:12] utils.py(229) : [Construction] Score: 27.3356,  Loss: 354.8837,  Infeasible_rate: [100.0000%, 100.0000%], out: 114.5714, out_nodes: 25, Feasible_dist: 0.0000
[2026-09-04 04:03:12] utils.py(229) : [Improvement] Score: 159.2397 [BSF: 159.0643],  Loss: 20.3846,  Infeasible_rate: [100.0000%, 100.0000%], out: 174.9469, out_nodes: 57, Feasible_dist: 0.0000, Entropy: 2.3958
[2026-09-04 04:03:12] utils.py(229) : Diversity Loss: 10.0555, Constructive RL loss: 354.9842
[2026-09-04 04:03:13] utils.py(229) : Rank 0 >> Epoch 1: Train (10%)
[2026-09-04 04:03:13] utils.py(229) : [Construction] Score: 27.3727,  Loss: 352.9503,  Infeasible_rate: [100.0000%, 100.0000%], out: 114.5177, out_nodes: 25, Feasible_dist: 0.0000
[2026-09-04 04:03:13] utils.py(229) : [Improvement] Score: 158.9785 [BSF: 158.8110],  Loss: 20.2717,  Infeasible_rate: [100.0000%, 100.0000%], out: 174.6261, out_nodes: 57, Feasible_dist: 0.0000, Entropy: 2.3921
[2026-09-04 04:03:13] utils.py(229) : Diversity Loss: 10.0541, Constructive RL loss: 353.0508
[2026-09-04 04:03:15] utils.py(229) : Rank 0 >> Epoch 1: Train (10%)
[2026-09-04 04:03:15] utils.py(229) : [Construction] Score: 27.3219,  Loss: 356.6815,  Infeasible_rate: [100.0000%, 100.0000%], out: 115.5695, out_nodes: 25, Feasible_dist: 0.0000
[2026-09-04 04:03:15] utils.py(229) : [Improvement] Score: 158.8280 [BSF: 158.6679],  Loss: 20.3584,  Infeasible_rate: [100.0000%, 100.0000%], out: 174.5064, out_nodes: 57, Feasible_dist: 0.0000, Entropy: 2.3958
[2026-09-04 04:03:15] utils.py(229) : Diversity Loss: 10.0536, Constructive RL loss: 356.7820
[2026-09-04 04:03:16] utils.py(229) : Rank 0 >> Epoch 1: Train (10%)
[2026-09-04 04:03:16] utils.py(229) : [Construction] Score: 27.2917,  Loss: 360.3002,  Infeasible_rate: [100.0000%, 100.0000%], out: 115.6939, out_nodes: 25, Feasible_dist: 0.0000
[2026-09-04 04:03:16] utils.py(229) : [Improvement] Score: 159.5490 [BSF: 159.3284],  Loss: 20.3018,  Infeasible_rate: [100.0000%, 100.0000%], out: 175.2350, out_nodes: 57, Feasible_dist: 0.0000, Entropy: 2.3984
[2026-09-04 04:03:16] utils.py(229) : Diversity Loss: 10.0570, Constructive RL loss: 360.4007
[2026-09-04 04:03:18] utils.py(229) : Rank 0 >> Epoch 1: Train (15%)
[2026-09-04 04:03:18] utils.py(229) : [Construction] Score: 27.3141,  Loss: 358.3564,  Infeasible_rate: [100.0000%, 100.0000%], out: 115.5422, out_nodes: 26, Feasible_dist: 0.0000
[2026-09-04 04:03:18] utils.py(229) : [Improvement] Score: 159.2042 [BSF: 158.9925],  Loss: 20.2182,  Infeasible_rate: [100.0000%, 100.0000%], out: 174.5546, out_nodes: 57, Feasible_dist: 0.0000, Entropy: 2.3982
[2026-09-04 04:03:18] utils.py(229) : Diversity Loss: 10.0520, Constructive RL loss: 358.4570
[2026-09-04 04:03:19] utils.py(229) : Rank 0 >> Epoch 1: Train (15%)
[2026-09-04 04:03:19] utils.py(229) : [Construction] Score: 27.3527,  Loss: 363.2389,  Infeasible_rate: [100.0000%, 100.0000%], out: 115.1965, out_nodes: 26, Feasible_dist: 0.0000
[2026-09-04 04:03:19] utils.py(229) : [Improvement] Score: 159.1302 [BSF: 158.9267],  Loss: 20.1402,  Infeasible_rate: [100.0000%, 100.0000%], out: 174.3112, out_nodes: 57, Feasible_dist: 0.0000, Entropy: 2.3981
[2026-09-04 04:03:19] utils.py(229) : Diversity Loss: 10.0518, Constructive RL loss: 363.3395
[2026-09-04 04:03:21] utils.py(229) : Rank 0 >> Epoch 1: Train (15%)
[2026-09-04 04:03:21] utils.py(229) : [Construction] Score: 27.3263,  Loss: 362.9604,  Infeasible_rate: [100.0000%, 100.0000%], out: 115.3120, out_nodes: 26, Feasible_dist: 0.0000
[2026-09-04 04:03:21] utils.py(229) : [Improvement] Score: 158.8928 [BSF: 158.6967],  Loss: 20.0348,  Infeasible_rate: [100.0000%, 100.0000%], out: 174.1217, out_nodes: 57, Feasible_dist: 0.0000, Entropy: 2.3986
[2026-09-04 04:03:21] utils.py(229) : Diversity Loss: 10.0555, Constructive RL loss: 363.0609
[2026-09-04 04:03:22] utils.py(229) : Rank 0 >> Epoch 1: Train (15%)
[2026-09-04 04:03:22] utils.py(229) : [Construction] Score: 27.3452,  Loss: 360.6453,  Infeasible_rate: [100.0000%, 100.0000%], out: 115.5702, out_nodes: 26, Feasible_dist: 0.0000
[2026-09-04 04:03:22] utils.py(229) : [Improvement] Score: 158.5430 [BSF: 158.3540],  Loss: 20.3639,  Infeasible_rate: [100.0000%, 100.0000%], out: 173.6625, out_nodes: 57, Feasible_dist: 0.0000, Entropy: 2.4024
[2026-09-04 04:03:22] utils.py(229) : Diversity Loss: 10.0552, Constructive RL loss: 360.7459
[2026-09-04 04:03:24] utils.py(229) : Rank 0 >> Epoch 1: Train (15%)
[2026-09-04 04:03:24] utils.py(229) : [Construction] Score: 27.3372,  Loss: 360.9887,  Infeasible_rate: [100.0000%, 100.0000%], out: 115.4729, out_nodes: 25, Feasible_dist: 0.0000
[2026-09-04 04:03:24] utils.py(229) : [Improvement] Score: 158.6694 [BSF: 158.4869],  Loss: 20.6883,  Infeasible_rate: [100.0000%, 100.0000%], out: 174.1977, out_nodes: 57, Feasible_dist: 0.0000, Entropy: 2.4005
[2026-09-04 04:03:24] utils.py(229) : Diversity Loss: 10.0534, Constructive RL loss: 361.0892
[2026-09-04 04:03:25] utils.py(229) : Rank 0 >> Epoch 1: Train (15%)
[2026-09-04 04:03:25] utils.py(229) : [Construction] Score: 27.3316,  Loss: 360.1225,  Infeasible_rate: [100.0000%, 100.0000%], out: 115.3709, out_nodes: 25, Feasible_dist: 0.0000
[2026-09-04 04:03:25] utils.py(229) : [Improvement] Score: 158.7767 [BSF: 158.5963],  Loss: 20.6570,  Infeasible_rate: [100.0000%, 100.0000%], out: 174.3465, out_nodes: 57, Feasible_dist: 0.0000, Entropy: 2.4002
[2026-09-04 04:03:25] utils.py(229) : Diversity Loss: 10.0526, Constructive RL loss: 360.2230
[2026-09-04 04:03:26] utils.py(229) : Rank 0 >> Epoch 1: Train (15%)
[2026-09-04 04:03:26] utils.py(229) : [Construction] Score: 27.3201,  Loss: 358.4305,  Infeasible_rate: [100.0000%, 100.0000%], out: 115.5330, out_nodes: 26, Feasible_dist: 0.0000
[2026-09-04 04:03:26] utils.py(229) : [Improvement] Score: 158.5804 [BSF: 158.4058],  Loss: 20.6243,  Infeasible_rate: [100.0000%, 100.0000%], out: 173.8428, out_nodes: 57, Feasible_dist: 0.0000, Entropy: 2.3960
[2026-09-04 04:03:26] utils.py(229) : Diversity Loss: 10.0513, Constructive RL loss: 358.5310
[2026-09-04 04:03:28] utils.py(229) : Rank 0 >> Epoch 1: Train (15%)
[2026-09-04 04:03:28] utils.py(229) : [Construction] Score: 27.3213,  Loss: 357.8283,  Infeasible_rate: [100.0000%, 100.0000%], out: 115.1654, out_nodes: 25, Feasible_dist: 0.0000
[2026-09-04 04:03:28] utils.py(229) : [Improvement] Score: 158.2912 [BSF: 158.1114],  Loss: 20.6555,  Infeasible_rate: [100.0000%, 100.0000%], out: 173.5109, out_nodes: 57, Feasible_dist: 0.0000, Entropy: 2.3978
[2026-09-04 04:03:28] utils.py(229) : Diversity Loss: 10.0498, Constructive RL loss: 357.9288
[2026-09-04 04:03:29] utils.py(229) : Rank 0 >> Epoch 1: Train (20%)
[2026-09-04 04:03:29] utils.py(229) : [Construction] Score: 27.3258,  Loss: 357.5594,  Infeasible_rate: [100.0000%, 100.0000%], out: 115.1654, out_nodes: 25, Feasible_dist: 0.0000
[2026-09-04 04:03:29] utils.py(229) : [Improvement] Score: 158.3418 [BSF: 158.1674],  Loss: 20.6303,  Infeasible_rate: [100.0000%, 100.0000%], out: 173.9502, out_nodes: 57, Feasible_dist: 0.0000, Entropy: 2.3966
[2026-09-04 04:03:29] utils.py(229) : Diversity Loss: 10.0492, Constructive RL loss: 357.6599
[2026-09-04 04:03:31] utils.py(229) : Rank 0 >> Epoch 1: Train (20%)
[2026-09-04 04:03:31] utils.py(229) : [Construction] Score: 27.3381,  Loss: 358.6034,  Infeasible_rate: [100.0000%, 100.0000%], out: 115.1647, out_nodes: 25, Feasible_dist: 0.0000
[2026-09-04 04:03:31] utils.py(229) : [Improvement] Score: 158.4921 [BSF: 158.3229],  Loss: 20.8438,  Infeasible_rate: [100.0000%, 100.0000%], out: 174.1000, out_nodes: 57, Feasible_dist: 0.0000, Entropy: 2.3964
[2026-09-04 04:03:31] utils.py(229) : Diversity Loss: 10.0460, Constructive RL loss: 358.7039
[2026-09-04 04:03:32] utils.py(229) : Rank 0 >> Epoch 1: Train (20%)
[2026-09-04 04:03:32] utils.py(229) : [Construction] Score: 27.3261,  Loss: 359.3507,  Infeasible_rate: [100.0000%, 100.0000%], out: 115.0201, out_nodes: 25, Feasible_dist: 0.0000
[2026-09-04 04:03:32] utils.py(229) : [Improvement] Score: 158.0825 [BSF: 157.9043],  Loss: 20.9164,  Infeasible_rate: [100.0000%, 100.0000%], out: 173.6211, out_nodes: 57, Feasible_dist: 0.0000, Entropy: 2.3947
[2026-09-04 04:03:32] utils.py(229) : Diversity Loss: 10.0454, Constructive RL loss: 359.4511
[2026-09-04 04:03:34] utils.py(229) : Rank 0 >> Epoch 1: Train (20%)
[2026-09-04 04:03:34] utils.py(229) : [Construction] Score: 27.3403,  Loss: 357.0290,  Infeasible_rate: [100.0000%, 100.0000%], out: 114.4146, out_nodes: 25, Feasible_dist: 0.0000
[2026-09-04 04:03:34] utils.py(229) : [Improvement] Score: 158.0029 [BSF: 157.7526],  Loss: 20.8149,  Infeasible_rate: [100.0000%, 100.0000%], out: 173.2300, out_nodes: 57, Feasible_dist: 0.0000, Entropy: 2.3937
[2026-09-04 04:03:34] utils.py(229) : Diversity Loss: 10.0445, Constructive RL loss: 357.1294
[2026-09-04 04:03:35] utils.py(229) : Rank 0 >> Epoch 1: Train (20%)
[2026-09-04 04:03:35] utils.py(229) : [Construction] Score: 27.3157,  Loss: 354.1614,  Infeasible_rate: [100.0000%, 100.0000%], out: 114.8651, out_nodes: 25, Feasible_dist: 0.0000
[2026-09-04 04:03:35] utils.py(229) : [Improvement] Score: 158.2709 [BSF: 158.0274],  Loss: 20.8569,  Infeasible_rate: [100.0000%, 100.0000%], out: 173.2101, out_nodes: 57, Feasible_dist: 0.0000, Entropy: 2.3934
[2026-09-04 04:03:35] utils.py(229) : Diversity Loss: 10.0438, Constructive RL loss: 354.2618
[2026-09-04 04:03:37] utils.py(229) : Rank 0 >> Epoch 1: Train (20%)
[2026-09-04 04:03:37] utils.py(229) : [Construction] Score: 27.3256,  Loss: 352.6050,  Infeasible_rate: [100.0000%, 100.0000%], out: 114.7770, out_nodes: 25, Feasible_dist: 0.0000
[2026-09-04 04:03:37] utils.py(229) : [Improvement] Score: 158.0393 [BSF: 157.8022],  Loss: 20.8194,  Infeasible_rate: [100.0000%, 100.0000%], out: 172.9252, out_nodes: 57, Feasible_dist: 0.0000, Entropy: 2.3937
[2026-09-04 04:03:37] utils.py(229) : Diversity Loss: 10.0435, Constructive RL loss: 352.7054
[2026-09-04 04:03:38] utils.py(229) : Rank 0 >> Epoch 1: Train (20%)
[2026-09-04 04:03:38] utils.py(229) : [Construction] Score: 27.3329,  Loss: 350.7878,  Infeasible_rate: [100.0000%, 100.0000%], out: 115.2925, out_nodes: 25, Feasible_dist: 0.0000
[2026-09-04 04:03:38] utils.py(229) : [Improvement] Score: 158.6674 [BSF: 158.4364],  Loss: 20.9342,  Infeasible_rate: [100.0000%, 100.0000%], out: 173.5432, out_nodes: 57, Feasible_dist: 0.0000, Entropy: 2.3942
[2026-09-04 04:03:38] utils.py(229) : Diversity Loss: 10.0422, Constructive RL loss: 350.8882
[2026-09-04 04:03:39] utils.py(229) : Rank 0 >> Epoch 1: Train (20%)
[2026-09-04 04:03:39] utils.py(229) : [Construction] Score: 27.3170,  Loss: 351.5875,  Infeasible_rate: [100.0000%, 100.0000%], out: 115.4539, out_nodes: 25, Feasible_dist: 0.0000
[2026-09-04 04:03:39] utils.py(229) : [Improvement] Score: 158.5809 [BSF: 158.3557],  Loss: 21.0516,  Infeasible_rate: [100.0000%, 100.0000%], out: 173.8323, out_nodes: 57, Feasible_dist: 0.0000, Entropy: 2.3942
[2026-09-04 04:03:39] utils.py(229) : Diversity Loss: 10.0449, Constructive RL loss: 351.6880
[2026-09-04 04:03:41] utils.py(229) : Rank 0 >> Epoch 1: Train (25%)
[2026-09-04 04:03:41] utils.py(229) : [Construction] Score: 27.3231,  Loss: 352.7110,  Infeasible_rate: [100.0000%, 100.0000%], out: 115.5431, out_nodes: 25, Feasible_dist: 0.0000
[2026-09-04 04:03:41] utils.py(229) : [Improvement] Score: 158.5370 [BSF: 158.3173],  Loss: 21.0557,  Infeasible_rate: [100.0000%, 100.0000%], out: 173.9530, out_nodes: 57, Feasible_dist: 0.0000, Entropy: 2.3934
[2026-09-04 04:03:41] utils.py(229) : Diversity Loss: 10.0486, Constructive RL loss: 352.8115
[2026-09-04 04:03:42] utils.py(229) : Rank 0 >> Epoch 1: Train (25%)
[2026-09-04 04:03:42] utils.py(229) : [Construction] Score: 27.3410,  Loss: 351.9005,  Infeasible_rate: [100.0000%, 100.0000%], out: 115.4075, out_nodes: 25, Feasible_dist: 0.0000
[2026-09-04 04:03:42] utils.py(229) : [Improvement] Score: 158.5823 [BSF: 158.3678],  Loss: 21.1434,  Infeasible_rate: [100.0000%, 100.0000%], out: 173.9196, out_nodes: 57, Feasible_dist: 0.0000, Entropy: 2.3927
[2026-09-04 04:03:42] utils.py(229) : Diversity Loss: 10.0493, Constructive RL loss: 352.0010
[2026-09-04 04:03:44] utils.py(229) : Rank 0 >> Epoch 1: Train (25%)
[2026-09-04 04:03:44] utils.py(229) : [Construction] Score: 27.3198,  Loss: 354.1971,  Infeasible_rate: [100.0000%, 100.0000%], out: 115.2024, out_nodes: 25, Feasible_dist: 0.0000
[2026-09-04 04:03:44] utils.py(229) : [Improvement] Score: 158.5097 [BSF: 158.2631],  Loss: 21.1021,  Infeasible_rate: [100.0000%, 100.0000%], out: 173.9214, out_nodes: 57, Feasible_dist: 0.0000, Entropy: 2.3920
[2026-09-04 04:03:44] utils.py(229) : Diversity Loss: 10.0514, Constructive RL loss: 354.2976
[2026-09-04 04:03:45] utils.py(229) : Rank 0 >> Epoch 1: Train (25%)
[2026-09-04 04:03:45] utils.py(229) : [Construction] Score: 27.3027,  Loss: 354.1482,  Infeasible_rate: [100.0000%, 100.0000%], out: 115.3353, out_nodes: 25, Feasible_dist: 0.0000
[2026-09-04 04:03:45] utils.py(229) : [Improvement] Score: 158.2482 [BSF: 158.0073],  Loss: 21.1140,  Infeasible_rate: [100.0000%, 100.0000%], out: 174.2772, out_nodes: 57, Feasible_dist: 0.0000, Entropy: 2.3932
[2026-09-04 04:03:45] utils.py(229) : Diversity Loss: 10.0506, Constructive RL loss: 354.2487
[2026-09-04 04:03:47] utils.py(229) : Rank 0 >> Epoch 1: Train (25%)
[2026-09-04 04:03:47] utils.py(229) : [Construction] Score: 27.2970,  Loss: 356.3758,  Infeasible_rate: [100.0000%, 100.0000%], out: 115.3259, out_nodes: 25, Feasible_dist: 0.0000
[2026-09-04 04:03:47] utils.py(229) : [Improvement] Score: 158.1030 [BSF: 157.8675],  Loss: 21.1169,  Infeasible_rate: [100.0000%, 100.0000%], out: 174.4441, out_nodes: 57, Feasible_dist: 0.0000, Entropy: 2.3921
[2026-09-04 04:03:47] utils.py(229) : Diversity Loss: 10.0511, Constructive RL loss: 356.4763
[2026-09-04 04:03:48] utils.py(229) : Rank 0 >> Epoch 1: Train (25%)
[2026-09-04 04:03:48] utils.py(229) : [Construction] Score: 27.3085,  Loss: 357.8812,  Infeasible_rate: [100.0000%, 100.0000%], out: 114.9848, out_nodes: 25, Feasible_dist: 0.0000
[2026-09-04 04:03:48] utils.py(229) : [Improvement] Score: 158.0550 [BSF: 157.8133],  Loss: 21.1212,  Infeasible_rate: [100.0000%, 100.0000%], out: 174.4412, out_nodes: 57, Feasible_dist: 0.0000, Entropy: 2.3941
[2026-09-04 04:03:48] utils.py(229) : Diversity Loss: 10.0528, Constructive RL loss: 357.9817
[2026-09-04 04:03:49] utils.py(229) : Rank 0 >> Epoch 1: Train (25%)
[2026-09-04 04:03:49] utils.py(229) : [Construction] Score: 27.2910,  Loss: 357.9312,  Infeasible_rate: [100.0000%, 100.0000%], out: 115.0448, out_nodes: 25, Feasible_dist: 0.0000
[2026-09-04 04:03:49] utils.py(229) : [Improvement] Score: 157.9789 [BSF: 157.7423],  Loss: 21.2329,  Infeasible_rate: [100.0000%, 100.0000%], out: 174.3954, out_nodes: 57, Feasible_dist: 0.0000, Entropy: 2.3954
[2026-09-04 04:03:49] utils.py(229) : Diversity Loss: 10.0537, Constructive RL loss: 358.0317
[2026-09-04 04:03:51] utils.py(229) : Rank 0 >> Epoch 1: Train (25%)
[2026-09-04 04:03:51] utils.py(229) : [Construction] Score: 27.3221,  Loss: 357.5681,  Infeasible_rate: [100.0000%, 100.0000%], out: 115.2921, out_nodes: 25, Feasible_dist: 0.0000
[2026-09-04 04:03:51] utils.py(229) : [Improvement] Score: 158.2830 [BSF: 158.0514],  Loss: 21.2365,  Infeasible_rate: [100.0000%, 100.0000%], out: 174.6043, out_nodes: 57, Feasible_dist: 0.0000, Entropy: 2.3945
[2026-09-04 04:03:51] utils.py(229) : Diversity Loss: 10.0526, Constructive RL loss: 357.6686
[2026-09-04 04:03:52] utils.py(229) : Rank 0 >> Epoch 1: Train (30%)
[2026-09-04 04:03:52] utils.py(229) : [Construction] Score: 27.3168,  Loss: 359.6579,  Infeasible_rate: [100.0000%, 100.0000%], out: 114.9669, out_nodes: 25, Feasible_dist: 0.0000
[2026-09-04 04:03:52] utils.py(229) : [Improvement] Score: 158.3816 [BSF: 158.1521],  Loss: 21.2457,  Infeasible_rate: [100.0000%, 100.0000%], out: 174.5968, out_nodes: 57, Feasible_dist: 0.0000, Entropy: 2.3956
[2026-09-04 04:03:52] utils.py(229) : Diversity Loss: 10.0528, Constructive RL loss: 359.7585
[2026-09-04 04:03:54] utils.py(229) : Rank 0 >> Epoch 1: Train (30%)
[2026-09-04 04:03:54] utils.py(229) : [Construction] Score: 27.3284,  Loss: 359.8593,  Infeasible_rate: [100.0000%, 100.0000%], out: 114.7908, out_nodes: 25, Feasible_dist: 0.0000
[2026-09-04 04:03:54] utils.py(229) : [Improvement] Score: 158.3678 [BSF: 158.1355],  Loss: 21.2020,  Infeasible_rate: [100.0000%, 100.0000%], out: 174.6359, out_nodes: 57, Feasible_dist: 0.0000, Entropy: 2.3949
[2026-09-04 04:03:54] utils.py(229) : Diversity Loss: 10.0519, Constructive RL loss: 359.9599
[2026-09-04 04:03:55] utils.py(229) : Rank 0 >> Epoch 1: Train (30%)
[2026-09-04 04:03:55] utils.py(229) : [Construction] Score: 27.3448,  Loss: 360.2430,  Infeasible_rate: [100.0000%, 100.0000%], out: 115.0284, out_nodes: 25, Feasible_dist: 0.0000
[2026-09-04 04:03:55] utils.py(229) : [Improvement] Score: 158.5646 [BSF: 158.3369],  Loss: 21.2777,  Infeasible_rate: [100.0000%, 100.0000%], out: 174.8596, out_nodes: 57, Feasible_dist: 0.0000, Entropy: 2.3954
[2026-09-04 04:03:55] utils.py(229) : Diversity Loss: 10.0519, Constructive RL loss: 360.3435
[2026-09-04 04:03:57] utils.py(229) : Rank 0 >> Epoch 1: Train (30%)
[2026-09-04 04:03:57] utils.py(229) : [Construction] Score: 27.3368,  Loss: 360.4630,  Infeasible_rate: [100.0000%, 100.0000%], out: 115.0081, out_nodes: 25, Feasible_dist: 0.0000
[2026-09-04 04:03:57] utils.py(229) : [Improvement] Score: 158.2740 [BSF: 158.0506],  Loss: 21.3848,  Infeasible_rate: [100.0000%, 100.0000%], out: 174.7056, out_nodes: 57, Feasible_dist: 0.0000, Entropy: 2.3972
[2026-09-04 04:03:57] utils.py(229) : Diversity Loss: 10.0542, Constructive RL loss: 360.5635
[2026-09-04 04:03:58] utils.py(229) : Rank 0 >> Epoch 1: Train (30%)
[2026-09-04 04:03:58] utils.py(229) : [Construction] Score: 27.3454,  Loss: 359.1005,  Infeasible_rate: [100.0000%, 100.0000%], out: 115.3775, out_nodes: 25, Feasible_dist: 0.0000
[2026-09-04 04:03:58] utils.py(229) : [Improvement] Score: 158.3622 [BSF: 158.1431],  Loss: 21.4292,  Infeasible_rate: [100.0000%, 100.0000%], out: 175.0720, out_nodes: 57, Feasible_dist: 0.0000, Entropy: 2.3977
[2026-09-04 04:03:58] utils.py(229) : Diversity Loss: 10.0547, Constructive RL loss: 359.2011
[2026-09-04 04:04:00] utils.py(229) : Rank 0 >> Epoch 1: Train (30%)
[2026-09-04 04:04:00] utils.py(229) : [Construction] Score: 27.3539,  Loss: 357.8746,  Infeasible_rate: [100.0000%, 100.0000%], out: 115.4706, out_nodes: 25, Feasible_dist: 0.0000
[2026-09-04 04:04:00] utils.py(229) : [Improvement] Score: 158.3533 [BSF: 158.1382],  Loss: 21.5380,  Infeasible_rate: [100.0000%, 100.0000%], out: 174.9183, out_nodes: 57, Feasible_dist: 0.0000, Entropy: 2.3980
[2026-09-04 04:04:00] utils.py(229) : Diversity Loss: 10.0526, Constructive RL loss: 357.9751
[2026-09-04 04:04:01] utils.py(229) : Rank 0 >> Epoch 1: Train (30%)
[2026-09-04 04:04:01] utils.py(229) : [Construction] Score: 27.3579,  Loss: 358.0641,  Infeasible_rate: [100.0000%, 100.0000%], out: 115.4258, out_nodes: 25, Feasible_dist: 0.0000
[2026-09-04 04:04:01] utils.py(229) : [Improvement] Score: 158.2125 [BSF: 157.9969],  Loss: 21.4627,  Infeasible_rate: [100.0000%, 100.0000%], out: 174.8739, out_nodes: 57, Feasible_dist: 0.0000, Entropy: 2.3975
[2026-09-04 04:04:01] utils.py(229) : Diversity Loss: 10.0527, Constructive RL loss: 358.1646
[2026-09-04 04:04:02] utils.py(229) : Rank 0 >> Epoch 1: Train (30%)
[2026-09-04 04:04:02] utils.py(229) : [Construction] Score: 27.3657,  Loss: 359.4744,  Infeasible_rate: [100.0000%, 100.0000%], out: 115.1795, out_nodes: 25, Feasible_dist: 0.0000
[2026-09-04 04:04:02] utils.py(229) : [Improvement] Score: 158.2702 [BSF: 158.0584],  Loss: 21.4222,  Infeasible_rate: [100.0000%, 100.0000%], out: 174.6812, out_nodes: 57, Feasible_dist: 0.0000, Entropy: 2.3973
[2026-09-04 04:04:02] utils.py(229) : Diversity Loss: 10.0523, Constructive RL loss: 359.5749
[2026-09-04 04:04:04] utils.py(229) : Rank 0 >> Epoch 1: Train (35%)
[2026-09-04 04:04:04] utils.py(229) : [Construction] Score: 27.3594,  Loss: 358.0790,  Infeasible_rate: [100.0000%, 100.0000%], out: 115.1469, out_nodes: 25, Feasible_dist: 0.0000
[2026-09-04 04:04:04] utils.py(229) : [Improvement] Score: 158.5144 [BSF: 158.2786],  Loss: 21.4949,  Infeasible_rate: [100.0000%, 100.0000%], out: 174.7310, out_nodes: 57, Feasible_dist: 0.0000, Entropy: 2.3969
[2026-09-04 04:04:04] utils.py(229) : Diversity Loss: 10.0527, Constructive RL loss: 358.1795
[2026-09-04 04:04:05] utils.py(229) : Rank 0 >> Epoch 1: Train (35%)
[2026-09-04 04:04:05] utils.py(229) : [Construction] Score: 27.3515,  Loss: 359.2391,  Infeasible_rate: [100.0000%, 100.0000%], out: 115.3079, out_nodes: 25, Feasible_dist: 0.0000
[2026-09-04 04:04:05] utils.py(229) : [Improvement] Score: 158.4740 [BSF: 158.2422],  Loss: 21.5542,  Infeasible_rate: [100.0000%, 100.0000%], out: 174.7604, out_nodes: 57, Feasible_dist: 0.0000, Entropy: 2.3963
[2026-09-04 04:04:05] utils.py(229) : Diversity Loss: 10.0538, Constructive RL loss: 359.3396
[2026-09-04 04:04:07] utils.py(229) : Rank 0 >> Epoch 1: Train (35%)
[2026-09-04 04:04:07] utils.py(229) : [Construction] Score: 27.3470,  Loss: 358.5567,  Infeasible_rate: [100.0000%, 100.0000%], out: 115.2788, out_nodes: 25, Feasible_dist: 0.0000
[2026-09-04 04:04:07] utils.py(229) : [Improvement] Score: 158.5242 [BSF: 158.2921],  Loss: 21.5433,  Infeasible_rate: [100.0000%, 100.0000%], out: 174.7752, out_nodes: 57, Feasible_dist: 0.0000, Entropy: 2.3975
[2026-09-04 04:04:07] utils.py(229) : Diversity Loss: 10.0547, Constructive RL loss: 358.6573
[2026-09-04 04:04:08] utils.py(229) : Rank 0 >> Epoch 1: Train (35%)
[2026-09-04 04:04:08] utils.py(229) : [Construction] Score: 27.3356,  Loss: 358.7085,  Infeasible_rate: [100.0000%, 100.0000%], out: 115.4168, out_nodes: 25, Feasible_dist: 0.0000
[2026-09-04 04:04:08] utils.py(229) : [Improvement] Score: 158.5843 [BSF: 158.3561],  Loss: 21.5388,  Infeasible_rate: [100.0000%, 100.0000%], out: 174.7097, out_nodes: 57, Feasible_dist: 0.0000, Entropy: 2.3982
[2026-09-04 04:04:08] utils.py(229) : Diversity Loss: 10.0552, Constructive RL loss: 358.8091
[2026-09-04 04:04:10] utils.py(229) : Rank 0 >> Epoch 1: Train (35%)
[2026-09-04 04:04:10] utils.py(229) : [Construction] Score: 27.3269,  Loss: 359.5803,  Infeasible_rate: [100.0000%, 100.0000%], out: 115.3654, out_nodes: 25, Feasible_dist: 0.0000
[2026-09-04 04:04:10] utils.py(229) : [Improvement] Score: 158.5982 [BSF: 158.3683],  Loss: 21.5707,  Infeasible_rate: [100.0000%, 100.0000%], out: 174.8683, out_nodes: 57, Feasible_dist: 0.0000, Entropy: 2.3966
[2026-09-04 04:04:10] utils.py(229) : Diversity Loss: 10.0563, Constructive RL loss: 359.6809
[2026-09-04 04:04:11] utils.py(229) : Rank 0 >> Epoch 1: Train (35%)
[2026-09-04 04:04:11] utils.py(229) : [Construction] Score: 27.3078,  Loss: 358.9202,  Infeasible_rate: [100.0000%, 100.0000%], out: 115.2096, out_nodes: 25, Feasible_dist: 0.0000
[2026-09-04 04:04:11] utils.py(229) : [Improvement] Score: 158.5994 [BSF: 158.3732],  Loss: 21.4621,  Infeasible_rate: [100.0000%, 100.0000%], out: 174.7313, out_nodes: 57, Feasible_dist: 0.0000, Entropy: 2.3956
[2026-09-04 04:04:11] utils.py(229) : Diversity Loss: 10.0556, Constructive RL loss: 359.0208
[2026-09-04 04:04:12] utils.py(229) : Rank 0 >> Epoch 1: Train (35%)
[2026-09-04 04:04:12] utils.py(229) : [Construction] Score: 27.3159,  Loss: 358.6459,  Infeasible_rate: [100.0000%, 100.0000%], out: 115.1946, out_nodes: 25, Feasible_dist: 0.0000
[2026-09-04 04:04:12] utils.py(229) : [Improvement] Score: 158.4838 [BSF: 158.2422],  Loss: 21.4690,  Infeasible_rate: [100.0000%, 100.0000%], out: 174.6284, out_nodes: 57, Feasible_dist: 0.0000, Entropy: 2.3943
[2026-09-04 04:04:12] utils.py(229) : Diversity Loss: 10.0550, Constructive RL loss: 358.7464
[2026-09-04 04:04:14] utils.py(229) : Rank 0 >> Epoch 1: Train (35%)
[2026-09-04 04:04:14] utils.py(229) : [Construction] Score: 27.2925,  Loss: 359.3598,  Infeasible_rate: [100.0000%, 100.0000%], out: 115.2180, out_nodes: 25, Feasible_dist: 0.0000
[2026-09-04 04:04:14] utils.py(229) : [Improvement] Score: 158.5782 [BSF: 158.3405],  Loss: 21.5346,  Infeasible_rate: [100.0000%, 100.0000%], out: 174.5580, out_nodes: 57, Feasible_dist: 0.0000, Entropy: 2.3942
[2026-09-04 04:04:14] utils.py(229) : Diversity Loss: 10.0559, Constructive RL loss: 359.4604
[2026-09-04 04:04:15] utils.py(229) : Rank 0 >> Epoch 1: Train (40%)
[2026-09-04 04:04:15] utils.py(229) : [Construction] Score: 27.2833,  Loss: 357.2078,  Infeasible_rate: [100.0000%, 100.0000%], out: 115.1194, out_nodes: 25, Feasible_dist: 0.0000
[2026-09-04 04:04:15] utils.py(229) : [Improvement] Score: 158.5686 [BSF: 158.3344],  Loss: 21.4458,  Infeasible_rate: [100.0000%, 100.0000%], out: 174.5411, out_nodes: 57, Feasible_dist: 0.0000, Entropy: 2.3940
[2026-09-04 04:04:15] utils.py(229) : Diversity Loss: 10.0546, Constructive RL loss: 357.3084
[2026-09-04 04:04:17] utils.py(229) : Rank 0 >> Epoch 1: Train (40%)
[2026-09-04 04:04:17] utils.py(229) : [Construction] Score: 27.2871,  Loss: 358.2644,  Infeasible_rate: [100.0000%, 100.0000%], out: 115.1282, out_nodes: 25, Feasible_dist: 0.0000
[2026-09-04 04:04:17] utils.py(229) : [Improvement] Score: 158.6274 [BSF: 158.3968],  Loss: 21.4266,  Infeasible_rate: [100.0000%, 100.0000%], out: 174.6444, out_nodes: 57, Feasible_dist: 0.0000, Entropy: 2.3942
[2026-09-04 04:04:17] utils.py(229) : Diversity Loss: 10.0552, Constructive RL loss: 358.3649
[2026-09-04 04:04:18] utils.py(229) : Rank 0 >> Epoch 1: Train (40%)
[2026-09-04 04:04:18] utils.py(229) : [Construction] Score: 27.2883,  Loss: 358.7041,  Infeasible_rate: [100.0000%, 100.0000%], out: 115.2050, out_nodes: 25, Feasible_dist: 0.0000
[2026-09-04 04:04:18] utils.py(229) : [Improvement] Score: 158.6054 [BSF: 158.3782],  Loss: 21.4088,  Infeasible_rate: [100.0000%, 100.0000%], out: 174.5389, out_nodes: 57, Feasible_dist: 0.0000, Entropy: 2.3955
[2026-09-04 04:04:18] utils.py(229) : Diversity Loss: 10.0547, Constructive RL loss: 358.8046
[2026-09-04 04:04:20] utils.py(229) : Rank 0 >> Epoch 1: Train (40%)
[2026-09-04 04:04:20] utils.py(229) : [Construction] Score: 27.2876,  Loss: 356.9921,  Infeasible_rate: [100.0000%, 100.0000%], out: 115.1535, out_nodes: 25, Feasible_dist: 0.0000
[2026-09-04 04:04:20] utils.py(229) : [Improvement] Score: 158.5296 [BSF: 158.3005],  Loss: 21.3575,  Infeasible_rate: [100.0000%, 100.0000%], out: 174.5163, out_nodes: 57, Feasible_dist: 0.0000, Entropy: 2.3953
[2026-09-04 04:04:20] utils.py(229) : Diversity Loss: 10.0536, Constructive RL loss: 357.0927
[2026-09-04 04:04:21] utils.py(229) : Rank 0 >> Epoch 1: Train (40%)
[2026-09-04 04:04:21] utils.py(229) : [Construction] Score: 27.2915,  Loss: 356.7969,  Infeasible_rate: [100.0000%, 100.0000%], out: 115.0474, out_nodes: 25, Feasible_dist: 0.0000
[2026-09-04 04:04:21] utils.py(229) : [Improvement] Score: 158.4911 [BSF: 158.2635],  Loss: 21.2908,  Infeasible_rate: [100.0000%, 100.0000%], out: 174.5990, out_nodes: 57, Feasible_dist: 0.0000, Entropy: 2.3948
[2026-09-04 04:04:21] utils.py(229) : Diversity Loss: 10.0536, Constructive RL loss: 356.8975
[2026-09-04 04:04:22] utils.py(229) : Rank 0 >> Epoch 1: Train (40%)
[2026-09-04 04:04:22] utils.py(229) : [Construction] Score: 27.2888,  Loss: 356.4135,  Infeasible_rate: [100.0000%, 100.0000%], out: 115.2381, out_nodes: 25, Feasible_dist: 0.0000
[2026-09-04 04:04:22] utils.py(229) : [Improvement] Score: 158.6754 [BSF: 158.4401],  Loss: 21.3197,  Infeasible_rate: [100.0000%, 100.0000%], out: 174.6960, out_nodes: 57, Feasible_dist: 0.0000, Entropy: 2.3945
[2026-09-04 04:04:22] utils.py(229) : Diversity Loss: 10.0536, Constructive RL loss: 356.5140
[2026-09-04 04:04:24] utils.py(229) : Rank 0 >> Epoch 1: Train (40%)
[2026-09-04 04:04:24] utils.py(229) : [Construction] Score: 27.2989,  Loss: 358.2392,  Infeasible_rate: [100.0000%, 100.0000%], out: 115.5030, out_nodes: 25, Feasible_dist: 0.0000
[2026-09-04 04:04:24] utils.py(229) : [Improvement] Score: 158.6141 [BSF: 158.3822],  Loss: 21.2859,  Infeasible_rate: [100.0000%, 100.0000%], out: 174.7672, out_nodes: 57, Feasible_dist: 0.0000, Entropy: 2.3951
[2026-09-04 04:04:24] utils.py(229) : Diversity Loss: 10.0544, Constructive RL loss: 358.3397
[2026-09-04 04:04:25] utils.py(229) : Rank 0 >> Epoch 1: Train (40%)
[2026-09-04 04:04:25] utils.py(229) : [Construction] Score: 27.2972,  Loss: 358.2305,  Infeasible_rate: [100.0000%, 100.0000%], out: 115.2891, out_nodes: 25, Feasible_dist: 0.0000
[2026-09-04 04:04:25] utils.py(229) : [Improvement] Score: 158.7182 [BSF: 158.4398],  Loss: 21.2786,  Infeasible_rate: [100.0000%, 100.0000%], out: 174.6235, out_nodes: 57, Feasible_dist: 0.0000, Entropy: 2.3958
[2026-09-04 04:04:25] utils.py(229) : Diversity Loss: 10.0538, Constructive RL loss: 358.3311
[2026-09-04 04:04:27] utils.py(229) : Rank 0 >> Epoch 1: Train (45%)
[2026-09-04 04:04:27] utils.py(229) : [Construction] Score: 27.2950,  Loss: 357.0347,  Infeasible_rate: [100.0000%, 100.0000%], out: 115.3007, out_nodes: 25, Feasible_dist: 0.0000
[2026-09-04 04:04:27] utils.py(229) : [Improvement] Score: 158.6102 [BSF: 158.3356],  Loss: 21.2905,  Infeasible_rate: [100.0000%, 100.0000%], out: 174.4014, out_nodes: 57, Feasible_dist: 0.0000, Entropy: 2.3963
[2026-09-04 04:04:27] utils.py(229) : Diversity Loss: 10.0521, Constructive RL loss: 357.1352
[2026-09-04 04:04:28] utils.py(229) : Rank 0 >> Epoch 1: Train (45%)
[2026-09-04 04:04:28] utils.py(229) : [Construction] Score: 27.2747,  Loss: 357.2824,  Infeasible_rate: [100.0000%, 100.0000%], out: 115.0084, out_nodes: 25, Feasible_dist: 0.0000
[2026-09-04 04:04:28] utils.py(229) : [Improvement] Score: 158.4249 [BSF: 158.1450],  Loss: 21.2707,  Infeasible_rate: [100.0000%, 100.0000%], out: 174.3633, out_nodes: 57, Feasible_dist: 0.0000, Entropy: 2.3970
[2026-09-04 04:04:28] utils.py(229) : Diversity Loss: 10.0531, Constructive RL loss: 357.3829
[2026-09-04 04:04:30] utils.py(229) : Rank 0 >> Epoch 1: Train (45%)
[2026-09-04 04:04:30] utils.py(229) : [Construction] Score: 27.2762,  Loss: 357.5477,  Infeasible_rate: [100.0000%, 100.0000%], out: 115.3331, out_nodes: 25, Feasible_dist: 0.0000
[2026-09-04 04:04:30] utils.py(229) : [Improvement] Score: 158.5562 [BSF: 158.2800],  Loss: 21.4050,  Infeasible_rate: [100.0000%, 100.0000%], out: 174.5126, out_nodes: 57, Feasible_dist: 0.0000, Entropy: 2.3976
[2026-09-04 04:04:30] utils.py(229) : Diversity Loss: 10.0533, Constructive RL loss: 357.6482
[2026-09-04 04:04:31] utils.py(229) : Rank 0 >> Epoch 1: Train (45%)
[2026-09-04 04:04:31] utils.py(229) : [Construction] Score: 27.2830,  Loss: 357.9221,  Infeasible_rate: [100.0000%, 100.0000%], out: 115.3553, out_nodes: 25, Feasible_dist: 0.0000
[2026-09-04 04:04:31] utils.py(229) : [Improvement] Score: 158.2971 [BSF: 158.0246],  Loss: 21.3570,  Infeasible_rate: [100.0000%, 100.0000%], out: 174.3240, out_nodes: 57, Feasible_dist: 0.0000, Entropy: 2.3986
[2026-09-04 04:04:31] utils.py(229) : Diversity Loss: 10.0534, Constructive RL loss: 358.0226
[2026-09-04 04:04:33] utils.py(229) : Rank 0 >> Epoch 1: Train (45%)
[2026-09-04 04:04:33] utils.py(229) : [Construction] Score: 27.2907,  Loss: 357.9675,  Infeasible_rate: [100.0000%, 100.0000%], out: 115.1945, out_nodes: 25, Feasible_dist: 0.0000
[2026-09-04 04:04:33] utils.py(229) : [Improvement] Score: 158.3368 [BSF: 158.0678],  Loss: 21.3379,  Infeasible_rate: [100.0000%, 100.0000%], out: 174.0130, out_nodes: 57, Feasible_dist: 0.0000, Entropy: 2.3990
[2026-09-04 04:04:33] utils.py(229) : Diversity Loss: 10.0533, Constructive RL loss: 358.0680
[2026-09-04 04:04:34] utils.py(229) : Rank 0 >> Epoch 1: Train (45%)
[2026-09-04 04:04:34] utils.py(229) : [Construction] Score: 27.2827,  Loss: 357.7522,  Infeasible_rate: [100.0000%, 100.0000%], out: 115.1208, out_nodes: 25, Feasible_dist: 0.0000
[2026-09-04 04:04:34] utils.py(229) : [Improvement] Score: 158.2517 [BSF: 157.9861],  Loss: 21.3032,  Infeasible_rate: [100.0000%, 100.0000%], out: 173.8511, out_nodes: 57, Feasible_dist: 0.0000, Entropy: 2.3994
[2026-09-04 04:04:34] utils.py(229) : Diversity Loss: 10.0533, Constructive RL loss: 357.8527
[2026-09-04 04:04:35] utils.py(229) : Rank 0 >> Epoch 1: Train (45%)
[2026-09-04 04:04:35] utils.py(229) : [Construction] Score: 27.2804,  Loss: 358.5317,  Infeasible_rate: [100.0000%, 100.0000%], out: 115.0978, out_nodes: 25, Feasible_dist: 0.0000
[2026-09-04 04:04:35] utils.py(229) : [Improvement] Score: 158.2276 [BSF: 157.9654],  Loss: 21.2238,  Infeasible_rate: [100.0000%, 100.0000%], out: 173.7313, out_nodes: 57, Feasible_dist: 0.0000, Entropy: 2.4000
[2026-09-04 04:04:35] utils.py(229) : Diversity Loss: 10.0537, Constructive RL loss: 358.6323
[2026-09-04 04:04:37] utils.py(229) : Rank 0 >> Epoch 1: Train (45%)
[2026-09-04 04:04:37] utils.py(229) : [Construction] Score: 27.2829,  Loss: 357.3847,  Infeasible_rate: [100.0000%, 100.0000%], out: 115.1631, out_nodes: 25, Feasible_dist: 0.0000
[2026-09-04 04:04:37] utils.py(229) : [Improvement] Score: 158.1929 [BSF: 157.9339],  Loss: 21.1919,  Infeasible_rate: [100.0000%, 100.0000%], out: 173.6808, out_nodes: 57, Feasible_dist: 0.0000, Entropy: 2.4005
[2026-09-04 04:04:37] utils.py(229) : Diversity Loss: 10.0535, Constructive RL loss: 357.4853
[2026-09-04 04:04:38] utils.py(229) : Rank 0 >> Epoch 1: Train (50%)
[2026-09-04 04:04:38] utils.py(229) : [Construction] Score: 27.3117,  Loss: 353.9937,  Infeasible_rate: [100.0000%, 100.0000%], out: 114.2557, out_nodes: 25, Feasible_dist: 0.0000
[2026-09-04 04:04:38] utils.py(229) : [Improvement] Score: 157.3367 [BSF: 157.0810],  Loss: 20.9459,  Infeasible_rate: [100.0000%, 100.0000%], out: 172.1294, out_nodes: 57, Feasible_dist: 0.0000, Entropy: 2.4029
[2026-09-04 04:04:38] utils.py(229) : Diversity Loss: 10.0562, Constructive RL loss: 354.0943
[2026-09-04 04:04:40] utils.py(229) : Rank 0 >> Epoch 1: Train (50%)
[2026-09-04 04:04:40] utils.py(229) : [Construction] Score: 27.3320,  Loss: 350.9217,  Infeasible_rate: [100.0000%, 100.0000%], out: 113.3560, out_nodes: 25, Feasible_dist: 0.0000
[2026-09-04 04:04:40] utils.py(229) : [Improvement] Score: 156.5223 [BSF: 156.2697],  Loss: 20.7291,  Infeasible_rate: [100.0000%, 100.0000%], out: 170.6618, out_nodes: 57, Feasible_dist: 0.0000, Entropy: 2.4050
[2026-09-04 04:04:40] utils.py(229) : Diversity Loss: 10.0587, Constructive RL loss: 351.0223
[2026-09-04 04:04:42] utils.py(229) : Rank 0 >> Epoch 1: Train (50%)
[2026-09-04 04:04:42] utils.py(229) : [Construction] Score: 27.3534,  Loss: 347.5249,  Infeasible_rate: [100.0000%, 100.0000%], out: 112.5020, out_nodes: 25, Feasible_dist: 0.0000
[2026-09-04 04:04:42] utils.py(229) : [Improvement] Score: 155.6882 [BSF: 155.4386],  Loss: 20.4994,  Infeasible_rate: [100.0000%, 100.0000%], out: 169.1829, out_nodes: 56, Feasible_dist: 0.0000, Entropy: 2.4076
[2026-09-04 04:04:42] utils.py(229) : Diversity Loss: 10.0611, Constructive RL loss: 347.6255
[2026-09-04 04:04:43] utils.py(229) : Rank 0 >> Epoch 1: Train (50%)
[2026-09-04 04:04:43] utils.py(229) : [Construction] Score: 27.3617,  Loss: 343.9738,  Infeasible_rate: [100.0000%, 100.0000%], out: 111.5909, out_nodes: 25, Feasible_dist: 0.0000
[2026-09-04 04:04:43] utils.py(229) : [Improvement] Score: 154.8218 [BSF: 154.5714],  Loss: 20.2857,  Infeasible_rate: [100.0000%, 100.0000%], out: 167.7423, out_nodes: 56, Feasible_dist: 0.0000, Entropy: 2.4108
[2026-09-04 04:04:43] utils.py(229) : Diversity Loss: 10.0640, Constructive RL loss: 344.0744
[2026-09-04 04:04:45] utils.py(229) : Rank 0 >> Epoch 1: Train (50%)
[2026-09-04 04:04:45] utils.py(229) : [Construction] Score: 27.3789,  Loss: 341.0632,  Infeasible_rate: [100.0000%, 100.0000%], out: 110.7163, out_nodes: 25, Feasible_dist: 0.0000
[2026-09-04 04:04:45] utils.py(229) : [Improvement] Score: 154.0284 [BSF: 153.7809],  Loss: 20.0853,  Infeasible_rate: [100.0000%, 100.0000%], out: 166.3495, out_nodes: 56, Feasible_dist: 0.0000, Entropy: 2.4134
[2026-09-04 04:04:45] utils.py(229) : Diversity Loss: 10.0673, Constructive RL loss: 341.1639
[2026-09-04 04:04:46] utils.py(229) : Rank 0 >> Epoch 1: Train (50%)
[2026-09-04 04:04:46] utils.py(229) : [Construction] Score: 27.3895,  Loss: 338.2995,  Infeasible_rate: [100.0000%, 100.0000%], out: 109.8460, out_nodes: 25, Feasible_dist: 0.0000
[2026-09-04 04:04:46] utils.py(229) : [Improvement] Score: 153.2145 [BSF: 152.9699],  Loss: 19.8777,  Infeasible_rate: [100.0000%, 100.0000%], out: 164.9302, out_nodes: 56, Feasible_dist: 0.0000, Entropy: 2.4150
[2026-09-04 04:04:46] utils.py(229) : Diversity Loss: 10.0697, Constructive RL loss: 338.4002
[2026-09-04 04:04:48] utils.py(229) : Rank 0 >> Epoch 1: Train (50%)
[2026-09-04 04:04:48] utils.py(229) : [Construction] Score: 27.4166,  Loss: 334.9219,  Infeasible_rate: [100.0000%, 100.0000%], out: 109.0710, out_nodes: 25, Feasible_dist: 0.0000
[2026-09-04 04:04:48] utils.py(229) : [Improvement] Score: 152.4834 [BSF: 152.2389],  Loss: 19.6849,  Infeasible_rate: [100.0000%, 100.0000%], out: 163.6195, out_nodes: 55, Feasible_dist: 0.0000, Entropy: 2.4177
[2026-09-04 04:04:48] utils.py(229) : Diversity Loss: 10.0719, Constructive RL loss: 335.0226
[2026-09-04 04:04:49] utils.py(229) : Rank 0 >> Epoch 1: Train (50%)
[2026-09-04 04:04:49] utils.py(229) : [Construction] Score: 27.4323,  Loss: 332.1210,  Infeasible_rate: [100.0000%, 100.0000%], out: 108.2968, out_nodes: 25, Feasible_dist: 0.0000
[2026-09-04 04:04:49] utils.py(229) : [Improvement] Score: 151.7562 [BSF: 151.5145],  Loss: 19.4924,  Infeasible_rate: [100.0000%, 100.0000%], out: 162.3332, out_nodes: 55, Feasible_dist: 0.0000, Entropy: 2.4201
[2026-09-04 04:04:49] utils.py(229) : Diversity Loss: 10.0736, Constructive RL loss: 332.2218
[2026-09-04 04:04:51] utils.py(229) : Rank 0 >> Epoch 1: Train (55%)
[2026-09-04 04:04:51] utils.py(229) : [Construction] Score: 27.4786,  Loss: 328.3548,  Infeasible_rate: [100.0000%, 100.0000%], out: 107.2601, out_nodes: 25, Feasible_dist: 0.0000
[2026-09-04 04:04:51] utils.py(229) : [Improvement] Score: 150.8281 [BSF: 150.5892],  Loss: 19.2722,  Infeasible_rate: [100.0000%, 100.0000%], out: 160.7522, out_nodes: 55, Feasible_dist: 0.0000, Entropy: 2.4232
[2026-09-04 04:04:51] utils.py(229) : Diversity Loss: 10.0799, Constructive RL loss: 328.4556
[2026-09-04 04:04:53] utils.py(229) : Rank 0 >> Epoch 1: Train (55%)
[2026-09-04 04:04:53] utils.py(229) : [Construction] Score: 27.5521,  Loss: 324.7163,  Infeasible_rate: [100.0000%, 100.0000%], out: 106.3184, out_nodes: 25, Feasible_dist: 0.0000
[2026-09-04 04:04:53] utils.py(229) : [Improvement] Score: 150.0312 [BSF: 149.7945],  Loss: 19.0705,  Infeasible_rate: [100.0000%, 100.0000%], out: 159.2674, out_nodes: 54, Feasible_dist: 0.0000, Entropy: 2.4268
[2026-09-04 04:04:53] utils.py(229) : Diversity Loss: 10.0857, Constructive RL loss: 324.8172
[2026-09-04 04:04:54] utils.py(229) : Rank 0 >> Epoch 1: Train (55%)
[2026-09-04 04:04:54] utils.py(229) : [Construction] Score: 27.5852,  Loss: 321.1854,  Infeasible_rate: [100.0000%, 100.0000%], out: 105.3524, out_nodes: 24, Feasible_dist: 0.0000
[2026-09-04 04:04:54] utils.py(229) : [Improvement] Score: 149.1498 [BSF: 148.9137],  Loss: 18.8696,  Infeasible_rate: [100.0000%, 100.0000%], out: 157.7694, out_nodes: 54, Feasible_dist: 0.0000, Entropy: 2.4308
[2026-09-04 04:04:54] utils.py(229) : Diversity Loss: 10.0914, Constructive RL loss: 321.2863
[2026-09-04 04:04:56] utils.py(229) : Rank 0 >> Epoch 1: Train (55%)
[2026-09-04 04:04:56] utils.py(229) : [Construction] Score: 27.6239,  Loss: 317.7973,  Infeasible_rate: [100.0000%, 100.0000%], out: 104.4240, out_nodes: 24, Feasible_dist: 0.0000
[2026-09-04 04:04:56] utils.py(229) : [Improvement] Score: 148.2771 [BSF: 148.0435],  Loss: 18.6722,  Infeasible_rate: [100.0000%, 100.0000%], out: 156.2929, out_nodes: 54, Feasible_dist: 0.0000, Entropy: 2.4345
[2026-09-04 04:04:56] utils.py(229) : Diversity Loss: 10.0979, Constructive RL loss: 317.8982
[2026-09-04 04:04:58] utils.py(229) : Rank 0 >> Epoch 1: Train (55%)
[2026-09-04 04:04:58] utils.py(229) : [Construction] Score: 27.6703,  Loss: 314.2866,  Infeasible_rate: [100.0000%, 100.0000%], out: 103.5198, out_nodes: 24, Feasible_dist: 0.0000
[2026-09-04 04:04:58] utils.py(229) : [Improvement] Score: 147.4441 [BSF: 147.2131],  Loss: 18.4695,  Infeasible_rate: [100.0000%, 100.0000%], out: 154.8597, out_nodes: 54, Feasible_dist: 0.0000, Entropy: 2.4370
[2026-09-04 04:04:58] utils.py(229) : Diversity Loss: 10.1044, Constructive RL loss: 314.3877
[2026-09-04 04:04:59] utils.py(229) : Rank 0 >> Epoch 1: Train (55%)
[2026-09-04 04:04:59] utils.py(229) : [Construction] Score: 27.7146,  Loss: 310.8722,  Infeasible_rate: [100.0000%, 100.0000%], out: 102.6442, out_nodes: 24, Feasible_dist: 0.0000
[2026-09-04 04:04:59] utils.py(229) : [Improvement] Score: 146.6485 [BSF: 146.4199],  Loss: 18.2655,  Infeasible_rate: [100.0000%, 100.0000%], out: 153.4614, out_nodes: 53, Feasible_dist: 0.0000, Entropy: 2.4394
[2026-09-04 04:04:59] utils.py(229) : Diversity Loss: 10.1107, Constructive RL loss: 310.9733
[2026-09-04 04:05:01] utils.py(229) : Rank 0 >> Epoch 1: Train (55%)
[2026-09-04 04:05:01] utils.py(229) : [Construction] Score: 27.7489,  Loss: 307.5575,  Infeasible_rate: [100.0000%, 100.0000%], out: 101.7720, out_nodes: 24, Feasible_dist: 0.0000
[2026-09-04 04:05:01] utils.py(229) : [Improvement] Score: 145.8283 [BSF: 145.6021],  Loss: 18.0701,  Infeasible_rate: [100.0000%, 100.0000%], out: 152.0764, out_nodes: 53, Feasible_dist: 0.0000, Entropy: 2.4418
[2026-09-04 04:05:01] utils.py(229) : Diversity Loss: 10.1160, Constructive RL loss: 307.6586
[2026-09-04 04:05:03] utils.py(229) : Rank 0 >> Epoch 1: Train (55%)
[2026-09-04 04:05:03] utils.py(229) : [Construction] Score: 27.7812,  Loss: 304.3966,  Infeasible_rate: [100.0000%, 100.0000%], out: 100.8741, out_nodes: 24, Feasible_dist: 0.0000
[2026-09-04 04:05:03] utils.py(229) : [Improvement] Score: 145.0254 [BSF: 144.8005],  Loss: 17.8798,  Infeasible_rate: [100.0000%, 100.0000%], out: 150.7150, out_nodes: 53, Feasible_dist: 0.0000, Entropy: 2.4447
[2026-09-04 04:05:03] utils.py(229) : Diversity Loss: 10.1221, Constructive RL loss: 304.4979
[2026-09-04 04:05:04] utils.py(229) : Rank 0 >> Epoch 1: Train (60%)
[2026-09-04 04:05:04] utils.py(229) : [Construction] Score: 27.8475,  Loss: 301.1020,  Infeasible_rate: [100.0000%, 100.0000%], out: 99.9537, out_nodes: 24, Feasible_dist: 0.0000
[2026-09-04 04:05:04] utils.py(229) : [Improvement] Score: 144.1992 [BSF: 143.9766],  Loss: 17.6929,  Infeasible_rate: [100.0000%, 100.0000%], out: 149.2951, out_nodes: 52, Feasible_dist: 0.0000, Entropy: 2.4483
[2026-09-04 04:05:04] utils.py(229) : Diversity Loss: 10.1310, Constructive RL loss: 301.2033
[2026-09-04 04:05:06] utils.py(229) : Rank 0 >> Epoch 1: Train (60%)
[2026-09-04 04:05:06] utils.py(229) : [Construction] Score: 27.9017,  Loss: 297.9507,  Infeasible_rate: [100.0000%, 100.0000%], out: 99.0403, out_nodes: 24, Feasible_dist: 0.0000
[2026-09-04 04:05:06] utils.py(229) : [Improvement] Score: 143.3543 [BSF: 143.1340],  Loss: 17.5091,  Infeasible_rate: [100.0000%, 100.0000%], out: 147.8911, out_nodes: 52, Feasible_dist: 0.0000, Entropy: 2.4517
[2026-09-04 04:05:06] utils.py(229) : Diversity Loss: 10.1397, Constructive RL loss: 298.0521
[2026-09-04 04:05:08] utils.py(229) : Rank 0 >> Epoch 1: Train (60%)
[2026-09-04 04:05:08] utils.py(229) : [Construction] Score: 27.9599,  Loss: 294.8790,  Infeasible_rate: [100.0000%, 100.0000%], out: 98.1390, out_nodes: 23, Feasible_dist: 0.0000
[2026-09-04 04:05:08] utils.py(229) : [Improvement] Score: 142.5562 [BSF: 142.3381],  Loss: 17.3319,  Infeasible_rate: [100.0000%, 100.0000%], out: 146.5178, out_nodes: 52, Feasible_dist: 0.0000, Entropy: 2.4542
[2026-09-04 04:05:08] utils.py(229) : Diversity Loss: 10.1483, Constructive RL loss: 294.9805
[2026-09-04 04:05:10] utils.py(229) : Rank 0 >> Epoch 1: Train (60%)
[2026-09-04 04:05:10] utils.py(229) : [Construction] Score: 28.0239,  Loss: 291.8032,  Infeasible_rate: [100.0000%, 100.0000%], out: 97.2700, out_nodes: 23, Feasible_dist: 0.0000
[2026-09-04 04:05:10] utils.py(229) : [Improvement] Score: 141.7734 [BSF: 141.5576],  Loss: 17.1608,  Infeasible_rate: [100.0000%, 100.0000%], out: 145.1814, out_nodes: 51, Feasible_dist: 0.0000, Entropy: 2.4581
[2026-09-04 04:05:10] utils.py(229) : Diversity Loss: 10.1562, Constructive RL loss: 291.9048
[2026-09-04 04:05:11] utils.py(229) : Rank 0 >> Epoch 1: Train (60%)
[2026-09-04 04:05:11] utils.py(229) : [Construction] Score: 28.0815,  Loss: 288.8086,  Infeasible_rate: [100.0000%, 100.0000%], out: 96.4040, out_nodes: 23, Feasible_dist: 0.0000
[2026-09-04 04:05:11] utils.py(229) : [Improvement] Score: 140.9961 [BSF: 140.7824],  Loss: 16.9928,  Infeasible_rate: [100.0000%, 100.0000%], out: 143.8553, out_nodes: 51, Feasible_dist: 0.0000, Entropy: 2.4615
[2026-09-04 04:05:11] utils.py(229) : Diversity Loss: 10.1641, Constructive RL loss: 288.9102
[2026-09-04 04:05:13] utils.py(229) : Rank 0 >> Epoch 1: Train (60%)
[2026-09-04 04:05:13] utils.py(229) : [Construction] Score: 28.1454,  Loss: 285.8589,  Infeasible_rate: [100.0000%, 100.0000%], out: 95.5537, out_nodes: 23, Feasible_dist: 0.0000
[2026-09-04 04:05:13] utils.py(229) : [Improvement] Score: 140.2411 [BSF: 140.0283],  Loss: 16.8235,  Infeasible_rate: [100.0000%, 100.0000%], out: 142.5671, out_nodes: 51, Feasible_dist: 0.0000, Entropy: 2.4641
[2026-09-04 04:05:13] utils.py(229) : Diversity Loss: 10.1725, Constructive RL loss: 285.9607
[2026-09-04 04:05:15] utils.py(229) : Rank 0 >> Epoch 1: Train (60%)
[2026-09-04 04:05:15] utils.py(229) : [Construction] Score: 28.1947,  Loss: 282.9675,  Infeasible_rate: [100.0000%, 100.0000%], out: 94.7305, out_nodes: 23, Feasible_dist: 0.0000
[2026-09-04 04:05:15] utils.py(229) : [Improvement] Score: 139.4954 [BSF: 139.2846],  Loss: 16.6588,  Infeasible_rate: [100.0000%, 100.0000%], out: 141.3030, out_nodes: 50, Feasible_dist: 0.0000, Entropy: 2.4680
[2026-09-04 04:05:15] utils.py(229) : Diversity Loss: 10.1798, Constructive RL loss: 283.0693
[2026-09-04 04:05:17] utils.py(229) : Rank 0 >> Epoch 1: Train (60%)
[2026-09-04 04:05:17] utils.py(229) : [Construction] Score: 28.2390,  Loss: 280.1528,  Infeasible_rate: [100.0000%, 100.0000%], out: 93.9163, out_nodes: 23, Feasible_dist: 0.0000
[2026-09-04 04:05:17] utils.py(229) : [Improvement] Score: 138.7376 [BSF: 138.5289],  Loss: 16.4993,  Infeasible_rate: [100.0000%, 100.0000%], out: 140.0618, out_nodes: 50, Feasible_dist: 0.0000, Entropy: 2.4708
[2026-09-04 04:05:17] utils.py(229) : Diversity Loss: 10.1871, Constructive RL loss: 280.2547
[2026-09-04 04:05:19] utils.py(229) : Rank 0 >> Epoch 1: Train (65%)
[2026-09-04 04:05:19] utils.py(229) : [Construction] Score: 28.3150,  Loss: 277.4129,  Infeasible_rate: [100.0000%, 100.0000%], out: 93.0811, out_nodes: 23, Feasible_dist: 0.0000
[2026-09-04 04:05:19] utils.py(229) : [Improvement] Score: 137.9781 [BSF: 137.7713],  Loss: 16.3421,  Infeasible_rate: [100.0000%, 100.0000%], out: 138.8015, out_nodes: 50, Feasible_dist: 0.0000, Entropy: 2.4734
[2026-09-04 04:05:19] utils.py(229) : Diversity Loss: 10.1973, Constructive RL loss: 277.5149
[2026-09-04 04:05:20] utils.py(229) : Rank 0 >> Epoch 1: Train (65%)
[2026-09-04 04:05:20] utils.py(229) : [Construction] Score: 28.3868,  Loss: 274.6869,  Infeasible_rate: [100.0000%, 100.0000%], out: 92.2600, out_nodes: 23, Feasible_dist: 0.0000
[2026-09-04 04:05:20] utils.py(229) : [Improvement] Score: 137.2390 [BSF: 137.0340],  Loss: 16.1876,  Infeasible_rate: [100.0000%, 100.0000%], out: 137.5658, out_nodes: 49, Feasible_dist: 0.0000, Entropy: 2.4766
[2026-09-04 04:05:20] utils.py(229) : Diversity Loss: 10.2069, Constructive RL loss: 274.7890
[2026-09-04 04:05:22] utils.py(229) : Rank 0 >> Epoch 1: Train (65%)
[2026-09-04 04:05:22] utils.py(229) : [Construction] Score: 28.4446,  Loss: 272.0220,  Infeasible_rate: [100.0000%, 100.0000%], out: 91.4559, out_nodes: 22, Feasible_dist: 0.0000
[2026-09-04 04:05:22] utils.py(229) : [Improvement] Score: 136.4984 [BSF: 136.2953],  Loss: 16.0355,  Infeasible_rate: [100.0000%, 100.0000%], out: 136.3561, out_nodes: 49, Feasible_dist: 0.0000, Entropy: 2.4792
[2026-09-04 04:05:22] utils.py(229) : Diversity Loss: 10.2159, Constructive RL loss: 272.1241
[2026-09-04 04:05:24] utils.py(229) : Rank 0 >> Epoch 1: Train (65%)
[2026-09-04 04:05:24] utils.py(229) : [Construction] Score: 28.5211,  Loss: 269.4095,  Infeasible_rate: [100.0000%, 100.0000%], out: 90.6613, out_nodes: 22, Feasible_dist: 0.0000
[2026-09-04 04:05:24] utils.py(229) : [Improvement] Score: 135.7841 [BSF: 135.5828],  Loss: 15.8868,  Infeasible_rate: [100.0000%, 100.0000%], out: 135.1586, out_nodes: 49, Feasible_dist: 0.0000, Entropy: 2.4825
[2026-09-04 04:05:24] utils.py(229) : Diversity Loss: 10.2254, Constructive RL loss: 269.5117
[2026-09-04 04:05:26] utils.py(229) : Rank 0 >> Epoch 1: Train (65%)
[2026-09-04 04:05:26] utils.py(229) : [Construction] Score: 28.6010,  Loss: 266.7771,  Infeasible_rate: [100.0000%, 100.0000%], out: 89.8838, out_nodes: 22, Feasible_dist: 0.0000
[2026-09-04 04:05:26] utils.py(229) : [Improvement] Score: 135.0872 [BSF: 134.8877],  Loss: 15.7372,  Infeasible_rate: [100.0000%, 100.0000%], out: 133.9867, out_nodes: 49, Feasible_dist: 0.0000, Entropy: 2.4851
[2026-09-04 04:05:26] utils.py(229) : Diversity Loss: 10.2331, Constructive RL loss: 266.8794
[2026-09-04 04:05:28] utils.py(229) : Rank 0 >> Epoch 1: Train (65%)
[2026-09-04 04:05:28] utils.py(229) : [Construction] Score: 28.6591,  Loss: 264.2258,  Infeasible_rate: [100.0000%, 100.0000%], out: 89.1181, out_nodes: 22, Feasible_dist: 0.0000
[2026-09-04 04:05:28] utils.py(229) : [Improvement] Score: 134.4023 [BSF: 134.2047],  Loss: 15.5925,  Infeasible_rate: [100.0000%, 100.0000%], out: 132.8351, out_nodes: 48, Feasible_dist: 0.0000, Entropy: 2.4883
[2026-09-04 04:05:28] utils.py(229) : Diversity Loss: 10.2414, Constructive RL loss: 264.3282
[2026-09-04 04:05:30] utils.py(229) : Rank 0 >> Epoch 1: Train (65%)
[2026-09-04 04:05:30] utils.py(229) : [Construction] Score: 28.7244,  Loss: 261.7708,  Infeasible_rate: [100.0000%, 100.0000%], out: 88.3675, out_nodes: 22, Feasible_dist: 0.0000
[2026-09-04 04:05:30] utils.py(229) : [Improvement] Score: 133.7248 [BSF: 133.5289],  Loss: 15.4519,  Infeasible_rate: [100.0000%, 100.0000%], out: 131.7084, out_nodes: 48, Feasible_dist: 0.0000, Entropy: 2.4908
[2026-09-04 04:05:30] utils.py(229) : Diversity Loss: 10.2497, Constructive RL loss: 261.8733
[2026-09-04 04:05:31] utils.py(229) : Rank 0 >> Epoch 1: Train (65%)
[2026-09-04 04:05:31] utils.py(229) : [Construction] Score: 28.7893,  Loss: 259.3893,  Infeasible_rate: [100.0000%, 100.0000%], out: 87.6395, out_nodes: 22, Feasible_dist: 0.0000
[2026-09-04 04:05:31] utils.py(229) : [Improvement] Score: 133.0555 [BSF: 132.8614],  Loss: 15.3118,  Infeasible_rate: [100.0000%, 100.0000%], out: 130.6018, out_nodes: 48, Feasible_dist: 0.0000, Entropy: 2.4937
[2026-09-04 04:05:31] utils.py(229) : Diversity Loss: 10.2586, Constructive RL loss: 259.4919
[2026-09-04 04:05:33] utils.py(229) : Rank 0 >> Epoch 1: Train (70%)
[2026-09-04 04:05:33] utils.py(229) : [Construction] Score: 28.8688,  Loss: 256.9846,  Infeasible_rate: [100.0000%, 100.0000%], out: 86.9001, out_nodes: 22, Feasible_dist: 0.0000
[2026-09-04 04:05:33] utils.py(229) : [Improvement] Score: 132.3924 [BSF: 132.1999],  Loss: 15.1756,  Infeasible_rate: [100.0000%, 100.0000%], out: 129.4954, out_nodes: 47, Feasible_dist: 0.0000, Entropy: 2.4972
[2026-09-04 04:05:33] utils.py(229) : Diversity Loss: 10.2679, Constructive RL loss: 257.0873
[2026-09-04 04:05:35] utils.py(229) : Rank 0 >> Epoch 1: Train (70%)
[2026-09-04 04:05:35] utils.py(229) : [Construction] Score: 28.9322,  Loss: 254.6080,  Infeasible_rate: [100.0000%, 100.0000%], out: 86.1778, out_nodes: 21, Feasible_dist: 0.0000
[2026-09-04 04:05:35] utils.py(229) : [Improvement] Score: 131.7267 [BSF: 131.5358],  Loss: 15.0424,  Infeasible_rate: [100.0000%, 100.0000%], out: 128.4077, out_nodes: 47, Feasible_dist: 0.0000, Entropy: 2.5001
[2026-09-04 04:05:35] utils.py(229) : Diversity Loss: 10.2757, Constructive RL loss: 254.7107
[2026-09-04 04:05:37] utils.py(229) : Rank 0 >> Epoch 1: Train (70%)
[2026-09-04 04:05:37] utils.py(229) : [Construction] Score: 29.0057,  Loss: 252.2729,  Infeasible_rate: [100.0000%, 100.0000%], out: 85.4609, out_nodes: 21, Feasible_dist: 0.0000
[2026-09-04 04:05:37] utils.py(229) : [Improvement] Score: 131.0796 [BSF: 130.8893],  Loss: 14.9105,  Infeasible_rate: [100.0000%, 100.0000%], out: 127.3358, out_nodes: 47, Feasible_dist: 0.0000, Entropy: 2.5035
[2026-09-04 04:05:37] utils.py(229) : Diversity Loss: 10.2837, Constructive RL loss: 252.3758
[2026-09-04 04:05:39] utils.py(229) : Rank 0 >> Epoch 1: Train (70%)
[2026-09-04 04:05:39] utils.py(229) : [Construction] Score: 29.0827,  Loss: 249.9931,  Infeasible_rate: [100.0000%, 100.0000%], out: 84.7611, out_nodes: 21, Feasible_dist: 0.0000
[2026-09-04 04:05:39] utils.py(229) : [Improvement] Score: 130.4476 [BSF: 130.2590],  Loss: 14.7812,  Infeasible_rate: [100.0000%, 100.0000%], out: 126.2828, out_nodes: 46, Feasible_dist: 0.0000, Entropy: 2.5065
[2026-09-04 04:05:39] utils.py(229) : Diversity Loss: 10.2929, Constructive RL loss: 250.0961
[2026-09-04 04:05:41] utils.py(229) : Rank 0 >> Epoch 1: Train (70%)
[2026-09-04 04:05:41] utils.py(229) : [Construction] Score: 29.1636,  Loss: 247.7569,  Infeasible_rate: [100.0000%, 100.0000%], out: 84.0739, out_nodes: 21, Feasible_dist: 0.0000
[2026-09-04 04:05:41] utils.py(229) : [Improvement] Score: 129.8431 [BSF: 129.6556],  Loss: 14.6549,  Infeasible_rate: [100.0000%, 100.0000%], out: 125.2531, out_nodes: 46, Feasible_dist: 0.0000, Entropy: 2.5097
[2026-09-04 04:05:41] utils.py(229) : Diversity Loss: 10.3021, Constructive RL loss: 247.8599
[2026-09-04 04:05:43] utils.py(229) : Rank 0 >> Epoch 1: Train (70%)
[2026-09-04 04:05:43] utils.py(229) : [Construction] Score: 29.2310,  Loss: 245.5755,  Infeasible_rate: [100.0000%, 100.0000%], out: 83.3944, out_nodes: 21, Feasible_dist: 0.0000
[2026-09-04 04:05:43] utils.py(229) : [Improvement] Score: 129.2233 [BSF: 129.0373],  Loss: 14.5311,  Infeasible_rate: [100.0000%, 100.0000%], out: 124.2357, out_nodes: 46, Feasible_dist: 0.0000, Entropy: 2.5130
[2026-09-04 04:05:43] utils.py(229) : Diversity Loss: 10.3101, Constructive RL loss: 245.6786
[2026-09-04 04:05:45] utils.py(229) : Rank 0 >> Epoch 1: Train (70%)
[2026-09-04 04:05:45] utils.py(229) : [Construction] Score: 29.2886,  Loss: 243.4080,  Infeasible_rate: [100.0000%, 100.0000%], out: 82.7257, out_nodes: 21, Feasible_dist: 0.0000
[2026-09-04 04:05:45] utils.py(229) : [Improvement] Score: 128.6081 [BSF: 128.4237],  Loss: 14.4078,  Infeasible_rate: [100.0000%, 100.0000%], out: 123.2362, out_nodes: 46, Feasible_dist: 0.0000, Entropy: 2.5162
[2026-09-04 04:05:45] utils.py(229) : Diversity Loss: 10.3186, Constructive RL loss: 243.5112
[2026-09-04 04:05:47] utils.py(229) : Rank 0 >> Epoch 1: Train (70%)
[2026-09-04 04:05:47] utils.py(229) : [Construction] Score: 29.3520,  Loss: 241.2766,  Infeasible_rate: [100.0000%, 100.0000%], out: 82.0704, out_nodes: 21, Feasible_dist: 0.0000
[2026-09-04 04:05:47] utils.py(229) : [Improvement] Score: 128.0145 [BSF: 127.8317],  Loss: 14.2865,  Infeasible_rate: [100.0000%, 100.0000%], out: 122.2528, out_nodes: 45, Feasible_dist: 0.0000, Entropy: 2.5185
[2026-09-04 04:05:47] utils.py(229) : Diversity Loss: 10.3254, Constructive RL loss: 241.3798
[2026-09-04 04:05:49] utils.py(229) : Rank 0 >> Epoch 1: Train (75%)
[2026-09-04 04:05:49] utils.py(229) : [Construction] Score: 29.4151,  Loss: 239.1947,  Infeasible_rate: [100.0000%, 100.0000%], out: 81.4141, out_nodes: 20, Feasible_dist: 0.0000
[2026-09-04 04:05:49] utils.py(229) : [Improvement] Score: 127.4055 [BSF: 127.2242],  Loss: 14.1684,  Infeasible_rate: [100.0000%, 100.0000%], out: 121.2758, out_nodes: 45, Feasible_dist: 0.0000, Entropy: 2.5204
[2026-09-04 04:05:49] utils.py(229) : Diversity Loss: 10.3329, Constructive RL loss: 239.2981
[2026-09-04 04:05:51] utils.py(229) : Rank 0 >> Epoch 1: Train (75%)
[2026-09-04 04:05:51] utils.py(229) : [Construction] Score: 29.4953,  Loss: 237.1440,  Infeasible_rate: [100.0000%, 100.0000%], out: 80.7649, out_nodes: 20, Feasible_dist: 0.0000
[2026-09-04 04:05:51] utils.py(229) : [Improvement] Score: 126.8282 [BSF: 126.6476],  Loss: 14.0526,  Infeasible_rate: [100.0000%, 100.0000%], out: 120.3135, out_nodes: 45, Feasible_dist: 0.0000, Entropy: 2.5227
[2026-09-04 04:05:51] utils.py(229) : Diversity Loss: 10.3414, Constructive RL loss: 237.2474
[2026-09-04 04:05:53] utils.py(229) : Rank 0 >> Epoch 1: Train (75%)
[2026-09-04 04:05:53] utils.py(229) : [Construction] Score: 29.5737,  Loss: 235.1356,  Infeasible_rate: [100.0000%, 100.0000%], out: 80.1334, out_nodes: 20, Feasible_dist: 0.0000
[2026-09-04 04:05:53] utils.py(229) : [Improvement] Score: 126.2576 [BSF: 126.0778],  Loss: 13.9375,  Infeasible_rate: [100.0000%, 100.0000%], out: 119.3695, out_nodes: 45, Feasible_dist: 0.0000, Entropy: 2.5256
[2026-09-04 04:05:53] utils.py(229) : Diversity Loss: 10.3494, Constructive RL loss: 235.2391
[2026-09-04 04:05:55] utils.py(229) : Rank 0 >> Epoch 1: Train (75%)
[2026-09-04 04:05:55] utils.py(229) : [Construction] Score: 29.6402,  Loss: 233.1845,  Infeasible_rate: [100.0000%, 100.0000%], out: 79.5073, out_nodes: 20, Feasible_dist: 0.0000
[2026-09-04 04:05:55] utils.py(229) : [Improvement] Score: 125.6810 [BSF: 125.5026],  Loss: 13.8256,  Infeasible_rate: [100.0000%, 100.0000%], out: 118.4376, out_nodes: 44, Feasible_dist: 0.0000, Entropy: 2.5282
[2026-09-04 04:05:55] utils.py(229) : Diversity Loss: 10.3573, Constructive RL loss: 233.2880
[2026-09-04 04:05:57] utils.py(229) : Rank 0 >> Epoch 1: Train (75%)
[2026-09-04 04:05:57] utils.py(229) : [Construction] Score: 29.6993,  Loss: 231.2444,  Infeasible_rate: [100.0000%, 100.0000%], out: 78.8924, out_nodes: 20, Feasible_dist: 0.0000
[2026-09-04 04:05:57] utils.py(229) : [Improvement] Score: 125.1096 [BSF: 124.9322],  Loss: 13.7149,  Infeasible_rate: [100.0000%, 100.0000%], out: 117.5238, out_nodes: 44, Feasible_dist: 0.0000, Entropy: 2.5307
[2026-09-04 04:05:57] utils.py(229) : Diversity Loss: 10.3654, Constructive RL loss: 231.3480
[2026-09-04 04:05:59] utils.py(229) : Rank 0 >> Epoch 1: Train (75%)
[2026-09-04 04:05:59] utils.py(229) : [Construction] Score: 29.7574,  Loss: 229.3074,  Infeasible_rate: [100.0000%, 100.0000%], out: 78.2913, out_nodes: 20, Feasible_dist: 0.0000
[2026-09-04 04:05:59] utils.py(229) : [Improvement] Score: 124.5524 [BSF: 124.3764],  Loss: 13.6042,  Infeasible_rate: [100.0000%, 100.0000%], out: 116.6253, out_nodes: 44, Feasible_dist: 0.0000, Entropy: 2.5333
[2026-09-04 04:05:59] utils.py(229) : Diversity Loss: 10.3732, Constructive RL loss: 229.4112
[2026-09-04 04:06:01] utils.py(229) : Rank 0 >> Epoch 1: Train (75%)
[2026-09-04 04:06:01] utils.py(229) : [Construction] Score: 29.8337,  Loss: 227.4170,  Infeasible_rate: [100.0000%, 100.0000%], out: 77.6933, out_nodes: 20, Feasible_dist: 0.0000
[2026-09-04 04:06:01] utils.py(229) : [Improvement] Score: 124.0202 [BSF: 123.8455],  Loss: 13.4969,  Infeasible_rate: [100.0000%, 100.0000%], out: 115.7383, out_nodes: 44, Feasible_dist: 0.0000, Entropy: 2.5355
[2026-09-04 04:06:01] utils.py(229) : Diversity Loss: 10.3821, Constructive RL loss: 227.5208
[2026-09-04 04:06:03] utils.py(229) : Rank 0 >> Epoch 1: Train (75%)
[2026-09-04 04:06:03] utils.py(229) : [Construction] Score: 29.9023,  Loss: 225.5584,  Infeasible_rate: [100.0000%, 100.0000%], out: 77.1087, out_nodes: 20, Feasible_dist: 0.0000
[2026-09-04 04:06:03] utils.py(229) : [Improvement] Score: 123.4933 [BSF: 123.3200],  Loss: 13.3897,  Infeasible_rate: [100.0000%, 100.0000%], out: 114.8644, out_nodes: 43, Feasible_dist: 0.0000, Entropy: 2.5383
[2026-09-04 04:06:03] utils.py(229) : Diversity Loss: 10.3896, Constructive RL loss: 225.6623
[2026-09-04 04:06:05] utils.py(229) : Rank 0 >> Epoch 1: Train (80%)
[2026-09-04 04:06:05] utils.py(229) : [Construction] Score: 29.9920,  Loss: 223.7452,  Infeasible_rate: [100.0000%, 100.0000%], out: 76.5252, out_nodes: 19, Feasible_dist: 0.0000
[2026-09-04 04:06:05] utils.py(229) : [Improvement] Score: 122.9876 [BSF: 122.8156],  Loss: 13.2860,  Infeasible_rate: [100.0000%, 100.0000%], out: 114.0005, out_nodes: 43, Feasible_dist: 0.0000, Entropy: 2.5402
[2026-09-04 04:06:05] utils.py(229) : Diversity Loss: 10.3975, Constructive RL loss: 223.8492
[2026-09-04 04:06:07] utils.py(229) : Rank 0 >> Epoch 1: Train (80%)
[2026-09-04 04:06:07] utils.py(229) : [Construction] Score: 30.0637,  Loss: 221.9561,  Infeasible_rate: [100.0000%, 100.0000%], out: 75.9488, out_nodes: 19, Feasible_dist: 0.0000
[2026-09-04 04:06:07] utils.py(229) : [Improvement] Score: 122.4671 [BSF: 122.2964],  Loss: 13.1840,  Infeasible_rate: [100.0000%, 100.0000%], out: 113.1475, out_nodes: 43, Feasible_dist: 0.0000, Entropy: 2.5426
[2026-09-04 04:06:07] utils.py(229) : Diversity Loss: 10.4053, Constructive RL loss: 222.0601
[2026-09-04 04:06:09] utils.py(229) : Rank 0 >> Epoch 1: Train (80%)
[2026-09-04 04:06:09] utils.py(229) : [Construction] Score: 30.1466,  Loss: 220.1940,  Infeasible_rate: [100.0000%, 100.0000%], out: 75.3834, out_nodes: 19, Feasible_dist: 0.0000
[2026-09-04 04:06:09] utils.py(229) : [Improvement] Score: 121.9743 [BSF: 121.8050],  Loss: 13.0821,  Infeasible_rate: [100.0000%, 100.0000%], out: 112.3075, out_nodes: 43, Feasible_dist: 0.0000, Entropy: 2.5454
[2026-09-04 04:06:09] utils.py(229) : Diversity Loss: 10.4133, Constructive RL loss: 220.2982
[2026-09-04 04:06:11] utils.py(229) : Rank 0 >> Epoch 1: Train (80%)
[2026-09-04 04:06:11] utils.py(229) : [Construction] Score: 30.2247,  Loss: 218.4735,  Infeasible_rate: [100.0000%, 100.0000%], out: 74.8242, out_nodes: 19, Feasible_dist: 0.0000
[2026-09-04 04:06:11] utils.py(229) : [Improvement] Score: 121.4793 [BSF: 121.3112],  Loss: 12.9818,  Infeasible_rate: [100.0000%, 100.0000%], out: 111.4782, out_nodes: 42, Feasible_dist: 0.0000, Entropy: 2.5475
[2026-09-04 04:06:11] utils.py(229) : Diversity Loss: 10.4198, Constructive RL loss: 218.5777
[2026-09-04 04:06:12] utils.py(229) : Rank 0 >> Epoch 1: Train (80%)
[2026-09-04 04:06:12] utils.py(229) : [Construction] Score: 30.2884,  Loss: 216.7448,  Infeasible_rate: [100.0000%, 100.0000%], out: 74.2737, out_nodes: 19, Feasible_dist: 0.0000
[2026-09-04 04:06:12] utils.py(229) : [Improvement] Score: 120.9764 [BSF: 120.8090],  Loss: 12.8842,  Infeasible_rate: [100.0000%, 100.0000%], out: 110.6659, out_nodes: 42, Feasible_dist: 0.0000, Entropy: 2.5499
[2026-09-04 04:06:12] utils.py(229) : Diversity Loss: 10.4286, Constructive RL loss: 216.8491
[2026-09-04 04:06:14] utils.py(229) : Rank 0 >> Epoch 1: Train (80%)
[2026-09-04 04:06:14] utils.py(229) : [Construction] Score: 30.3641,  Loss: 215.0768,  Infeasible_rate: [100.0000%, 100.0000%], out: 73.7354, out_nodes: 19, Feasible_dist: 0.0000
[2026-09-04 04:06:14] utils.py(229) : [Improvement] Score: 120.4950 [BSF: 120.3288],  Loss: 12.7871,  Infeasible_rate: [100.0000%, 100.0000%], out: 109.8644, out_nodes: 42, Feasible_dist: 0.0000, Entropy: 2.5528
[2026-09-04 04:06:14] utils.py(229) : Diversity Loss: 10.4361, Constructive RL loss: 215.1812
[2026-09-04 04:06:16] utils.py(229) : Rank 0 >> Epoch 1: Train (80%)
[2026-09-04 04:06:16] utils.py(229) : [Construction] Score: 30.4256,  Loss: 213.4306,  Infeasible_rate: [100.0000%, 100.0000%], out: 73.2026, out_nodes: 19, Feasible_dist: 0.0000
[2026-09-04 04:06:16] utils.py(229) : [Improvement] Score: 120.0044 [BSF: 119.8394],  Loss: 12.6920,  Infeasible_rate: [100.0000%, 100.0000%], out: 109.0724, out_nodes: 42, Feasible_dist: 0.0000, Entropy: 2.5551
[2026-09-04 04:06:16] utils.py(229) : Diversity Loss: 10.4426, Constructive RL loss: 213.5350
[2026-09-04 04:06:18] utils.py(229) : Rank 0 >> Epoch 1: Train (80%)
[2026-09-04 04:06:18] utils.py(229) : [Construction] Score: 30.5049,  Loss: 211.8098,  Infeasible_rate: [100.0000%, 100.0000%], out: 72.6750, out_nodes: 19, Feasible_dist: 0.0000
[2026-09-04 04:06:18] utils.py(229) : [Improvement] Score: 119.5467 [BSF: 119.3811],  Loss: 12.5976,  Infeasible_rate: [100.0000%, 100.0000%], out: 108.2934, out_nodes: 42, Feasible_dist: 0.0000, Entropy: 2.5567
[2026-09-04 04:06:18] utils.py(229) : Diversity Loss: 10.4509, Constructive RL loss: 211.9143
[2026-09-04 04:06:20] utils.py(229) : Rank 0 >> Epoch 1: Train (85%)
[2026-09-04 04:06:20] utils.py(229) : [Construction] Score: 30.5762,  Loss: 210.1993,  Infeasible_rate: [100.0000%, 100.0000%], out: 72.1550, out_nodes: 18, Feasible_dist: 0.0000
[2026-09-04 04:06:20] utils.py(229) : [Improvement] Score: 119.0762 [BSF: 118.9118],  Loss: 12.5056,  Infeasible_rate: [100.0000%, 100.0000%], out: 107.5216, out_nodes: 41, Feasible_dist: 0.0000, Entropy: 2.5594
[2026-09-04 04:06:20] utils.py(229) : Diversity Loss: 10.4578, Constructive RL loss: 210.3039
[2026-09-04 04:06:22] utils.py(229) : Rank 0 >> Epoch 1: Train (85%)
[2026-09-04 04:06:22] utils.py(229) : [Construction] Score: 30.6626,  Loss: 208.6251,  Infeasible_rate: [100.0000%, 100.0000%], out: 71.6396, out_nodes: 18, Feasible_dist: 0.0000
[2026-09-04 04:06:22] utils.py(229) : [Improvement] Score: 118.6251 [BSF: 118.4611],  Loss: 12.4145,  Infeasible_rate: [100.0000%, 100.0000%], out: 106.7611, out_nodes: 41, Feasible_dist: 0.0000, Entropy: 2.5616
[2026-09-04 04:06:22] utils.py(229) : Diversity Loss: 10.4642, Constructive RL loss: 208.7298
[2026-09-04 04:06:24] utils.py(229) : Rank 0 >> Epoch 1: Train (85%)
[2026-09-04 04:06:24] utils.py(229) : [Construction] Score: 30.7348,  Loss: 207.0754,  Infeasible_rate: [100.0000%, 100.0000%], out: 71.1359, out_nodes: 18, Feasible_dist: 0.0000
[2026-09-04 04:06:24] utils.py(229) : [Improvement] Score: 118.1723 [BSF: 118.0091],  Loss: 12.3243,  Infeasible_rate: [100.0000%, 100.0000%], out: 106.0135, out_nodes: 41, Feasible_dist: 0.0000, Entropy: 2.5634
[2026-09-04 04:06:24] utils.py(229) : Diversity Loss: 10.4714, Constructive RL loss: 207.1801
[2026-09-04 04:06:26] utils.py(229) : Rank 0 >> Epoch 1: Train (85%)
[2026-09-04 04:06:26] utils.py(229) : [Construction] Score: 30.8039,  Loss: 205.5577,  Infeasible_rate: [100.0000%, 100.0000%], out: 70.6399, out_nodes: 18, Feasible_dist: 0.0000
[2026-09-04 04:06:26] utils.py(229) : [Improvement] Score: 117.7315 [BSF: 117.5690],  Loss: 12.2360,  Infeasible_rate: [100.0000%, 100.0000%], out: 105.2795, out_nodes: 41, Feasible_dist: 0.0000, Entropy: 2.5655
[2026-09-04 04:06:26] utils.py(229) : Diversity Loss: 10.4810, Constructive RL loss: 205.6625
[2026-09-04 04:06:28] utils.py(229) : Rank 0 >> Epoch 1: Train (85%)
[2026-09-04 04:06:28] utils.py(229) : [Construction] Score: 30.8802,  Loss: 204.0522,  Infeasible_rate: [100.0000%, 100.0000%], out: 70.1488, out_nodes: 18, Feasible_dist: 0.0000
[2026-09-04 04:06:28] utils.py(229) : [Improvement] Score: 117.3013 [BSF: 117.1400],  Loss: 12.1492,  Infeasible_rate: [100.0000%, 100.0000%], out: 104.5527, out_nodes: 40, Feasible_dist: 0.0000, Entropy: 2.5676
[2026-09-04 04:06:28] utils.py(229) : Diversity Loss: 10.4877, Constructive RL loss: 204.1570
[2026-09-04 04:06:30] utils.py(229) : Rank 0 >> Epoch 1: Train (85%)
[2026-09-04 04:06:30] utils.py(229) : [Construction] Score: 30.9758,  Loss: 202.5759,  Infeasible_rate: [100.0000%, 100.0000%], out: 69.6626, out_nodes: 18, Feasible_dist: 0.0000
[2026-09-04 04:06:30] utils.py(229) : [Improvement] Score: 116.8951 [BSF: 116.7344],  Loss: 12.0629,  Infeasible_rate: [100.0000%, 100.0000%], out: 103.8352, out_nodes: 40, Feasible_dist: 0.0000, Entropy: 2.5698
[2026-09-04 04:06:30] utils.py(229) : Diversity Loss: 10.4951, Constructive RL loss: 202.6809
[2026-09-04 04:06:33] utils.py(229) : Rank 0 >> Epoch 1: Train (85%)
[2026-09-04 04:06:33] utils.py(229) : [Construction] Score: 31.0392,  Loss: 201.1114,  Infeasible_rate: [100.0000%, 100.0000%], out: 69.1842, out_nodes: 18, Feasible_dist: 0.0000
[2026-09-04 04:06:33] utils.py(229) : [Improvement] Score: 116.4557 [BSF: 116.2956],  Loss: 11.9782,  Infeasible_rate: [100.0000%, 100.0000%], out: 103.1266, out_nodes: 40, Feasible_dist: 0.0000, Entropy: 2.5725
[2026-09-04 04:06:33] utils.py(229) : Diversity Loss: 10.5017, Constructive RL loss: 201.2164
[2026-09-04 04:06:35] utils.py(229) : Rank 0 >> Epoch 1: Train (85%)
[2026-09-04 04:06:35] utils.py(229) : [Construction] Score: 31.0989,  Loss: 199.6726,  Infeasible_rate: [100.0000%, 100.0000%], out: 68.7143, out_nodes: 18, Feasible_dist: 0.0000
[2026-09-04 04:06:35] utils.py(229) : [Improvement] Score: 116.0225 [BSF: 115.8622],  Loss: 11.8942,  Infeasible_rate: [100.0000%, 100.0000%], out: 102.4299, out_nodes: 40, Feasible_dist: 0.0000, Entropy: 2.5749
[2026-09-04 04:06:35] utils.py(229) : Diversity Loss: 10.5105, Constructive RL loss: 199.7778
[2026-09-04 04:06:37] utils.py(229) : Rank 0 >> Epoch 1: Train (90%)
[2026-09-04 04:06:37] utils.py(229) : [Construction] Score: 31.1846,  Loss: 198.2333,  Infeasible_rate: [100.0000%, 100.0000%], out: 68.2488, out_nodes: 18, Feasible_dist: 0.0000
[2026-09-04 04:06:37] utils.py(229) : [Improvement] Score: 115.6202 [BSF: 115.4608],  Loss: 11.8123,  Infeasible_rate: [100.0000%, 100.0000%], out: 101.7418, out_nodes: 40, Feasible_dist: 0.0000, Entropy: 2.5764
[2026-09-04 04:06:37] utils.py(229) : Diversity Loss: 10.5172, Constructive RL loss: 198.3385
[2026-09-04 04:06:39] utils.py(229) : Rank 0 >> Epoch 1: Train (90%)
[2026-09-04 04:06:39] utils.py(229) : [Construction] Score: 31.2421,  Loss: 196.8305,  Infeasible_rate: [100.0000%, 100.0000%], out: 67.7922, out_nodes: 17, Feasible_dist: 0.0000
[2026-09-04 04:06:39] utils.py(229) : [Improvement] Score: 115.1999 [BSF: 115.0416],  Loss: 11.7317,  Infeasible_rate: [100.0000%, 100.0000%], out: 101.0624, out_nodes: 40, Feasible_dist: 0.0000, Entropy: 2.5782
[2026-09-04 04:06:39] utils.py(229) : Diversity Loss: 10.5251, Constructive RL loss: 196.9357
[2026-09-04 04:06:41] utils.py(229) : Rank 0 >> Epoch 1: Train (90%)
[2026-09-04 04:06:41] utils.py(229) : [Construction] Score: 31.3239,  Loss: 195.4453,  Infeasible_rate: [100.0000%, 100.0000%], out: 67.3380, out_nodes: 17, Feasible_dist: 0.0000
[2026-09-04 04:06:41] utils.py(229) : [Improvement] Score: 114.8074 [BSF: 114.6499],  Loss: 11.6526,  Infeasible_rate: [100.0000%, 100.0000%], out: 100.3915, out_nodes: 39, Feasible_dist: 0.0000, Entropy: 2.5799
[2026-09-04 04:06:41] utils.py(229) : Diversity Loss: 10.5345, Constructive RL loss: 195.5507
[2026-09-04 04:06:43] utils.py(229) : Rank 0 >> Epoch 1: Train (90%)
[2026-09-04 04:06:43] utils.py(229) : [Construction] Score: 31.4079,  Loss: 194.1035,  Infeasible_rate: [100.0000%, 100.0000%], out: 66.8868, out_nodes: 17, Feasible_dist: 0.0000
[2026-09-04 04:06:43] utils.py(229) : [Improvement] Score: 114.4239 [BSF: 114.2675],  Loss: 11.5744,  Infeasible_rate: [100.0000%, 100.0000%], out: 99.7274, out_nodes: 39, Feasible_dist: 0.0000, Entropy: 2.5825
[2026-09-04 04:06:43] utils.py(229) : Diversity Loss: 10.5414, Constructive RL loss: 194.2089
[2026-09-04 04:06:45] utils.py(229) : Rank 0 >> Epoch 1: Train (90%)
[2026-09-04 04:06:45] utils.py(229) : [Construction] Score: 31.4739,  Loss: 192.7530,  Infeasible_rate: [100.0000%, 100.0000%], out: 66.4434, out_nodes: 17, Feasible_dist: 0.0000
[2026-09-04 04:06:45] utils.py(229) : [Improvement] Score: 114.0260 [BSF: 113.8700],  Loss: 11.4964,  Infeasible_rate: [100.0000%, 100.0000%], out: 99.0740, out_nodes: 39, Feasible_dist: 0.0000, Entropy: 2.5845
[2026-09-04 04:06:45] utils.py(229) : Diversity Loss: 10.5490, Constructive RL loss: 192.8585
[2026-09-04 04:06:47] utils.py(229) : Rank 0 >> Epoch 1: Train (90%)
[2026-09-04 04:06:47] utils.py(229) : [Construction] Score: 31.5476,  Loss: 191.4130,  Infeasible_rate: [100.0000%, 100.0000%], out: 66.0057, out_nodes: 17, Feasible_dist: 0.0000
[2026-09-04 04:06:47] utils.py(229) : [Improvement] Score: 113.6408 [BSF: 113.4858],  Loss: 11.4207,  Infeasible_rate: [100.0000%, 100.0000%], out: 98.4282, out_nodes: 39, Feasible_dist: 0.0000, Entropy: 2.5864
[2026-09-04 04:06:47] utils.py(229) : Diversity Loss: 10.5563, Constructive RL loss: 191.5185
[2026-09-04 04:06:49] utils.py(229) : Rank 0 >> Epoch 1: Train (90%)
[2026-09-04 04:06:49] utils.py(229) : [Construction] Score: 31.6238,  Loss: 190.1149,  Infeasible_rate: [100.0000%, 100.0000%], out: 65.5762, out_nodes: 17, Feasible_dist: 0.0000
[2026-09-04 04:06:49] utils.py(229) : [Improvement] Score: 113.2702 [BSF: 113.1163],  Loss: 11.3446,  Infeasible_rate: [100.0000%, 100.0000%], out: 97.7925, out_nodes: 39, Feasible_dist: 0.0000, Entropy: 2.5887
[2026-09-04 04:06:49] utils.py(229) : Diversity Loss: 10.5637, Constructive RL loss: 190.2205
[2026-09-04 04:06:51] utils.py(229) : Rank 0 >> Epoch 1: Train (90%)
[2026-09-04 04:06:52] utils.py(229) : [Construction] Score: 31.6910,  Loss: 188.8284,  Infeasible_rate: [100.0000%, 100.0000%], out: 65.1524, out_nodes: 17, Feasible_dist: 0.0000
[2026-09-04 04:06:52] utils.py(229) : [Improvement] Score: 112.8971 [BSF: 112.7442],  Loss: 11.2707,  Infeasible_rate: [100.0000%, 100.0000%], out: 97.1647, out_nodes: 38, Feasible_dist: 0.0000, Entropy: 2.5910
[2026-09-04 04:06:52] utils.py(229) : Diversity Loss: 10.5693, Constructive RL loss: 188.9341
[2026-09-04 04:06:54] utils.py(229) : Rank 0 >> Epoch 1: Train (95%)
[2026-09-04 04:06:54] utils.py(229) : [Construction] Score: 31.7703,  Loss: 187.5668,  Infeasible_rate: [100.0000%, 100.0000%], out: 64.7307, out_nodes: 17, Feasible_dist: 0.0000
[2026-09-04 04:06:54] utils.py(229) : [Improvement] Score: 112.5359 [BSF: 112.3834],  Loss: 11.1981,  Infeasible_rate: [100.0000%, 100.0000%], out: 96.5437, out_nodes: 38, Feasible_dist: 0.0000, Entropy: 2.5928
[2026-09-04 04:06:54] utils.py(229) : Diversity Loss: 10.5765, Constructive RL loss: 187.6726
[2026-09-04 04:06:56] utils.py(229) : Rank 0 >> Epoch 1: Train (95%)
[2026-09-04 04:06:56] utils.py(229) : [Construction] Score: 31.8338,  Loss: 186.3217,  Infeasible_rate: [100.0000%, 100.0000%], out: 64.3151, out_nodes: 17, Feasible_dist: 0.0000
[2026-09-04 04:06:56] utils.py(229) : [Improvement] Score: 112.1635 [BSF: 112.0114],  Loss: 11.1249,  Infeasible_rate: [100.0000%, 100.0000%], out: 95.9305, out_nodes: 38, Feasible_dist: 0.0000, Entropy: 2.5950
[2026-09-04 04:06:56] utils.py(229) : Diversity Loss: 10.5838, Constructive RL loss: 186.4276
[2026-09-04 04:06:58] utils.py(229) : Rank 0 >> Epoch 1: Train (95%)
[2026-09-04 04:06:58] utils.py(229) : [Construction] Score: 31.9161,  Loss: 185.0760,  Infeasible_rate: [100.0000%, 100.0000%], out: 63.9048, out_nodes: 17, Feasible_dist: 0.0000
[2026-09-04 04:06:58] utils.py(229) : [Improvement] Score: 111.8210 [BSF: 111.6696],  Loss: 11.0538,  Infeasible_rate: [100.0000%, 100.0000%], out: 95.3267, out_nodes: 38, Feasible_dist: 0.0000, Entropy: 2.5971
[2026-09-04 04:06:58] utils.py(229) : Diversity Loss: 10.5929, Constructive RL loss: 185.1820
[2026-09-04 04:07:00] utils.py(229) : Rank 0 >> Epoch 1: Train (95%)
[2026-09-04 04:07:00] utils.py(229) : [Construction] Score: 31.9868,  Loss: 183.8687,  Infeasible_rate: [100.0000%, 100.0000%], out: 63.4985, out_nodes: 16, Feasible_dist: 0.0000
[2026-09-04 04:07:00] utils.py(229) : [Improvement] Score: 111.4619 [BSF: 111.3107],  Loss: 10.9829,  Infeasible_rate: [100.0000%, 100.0000%], out: 94.7277, out_nodes: 38, Feasible_dist: 0.0000, Entropy: 2.5995
[2026-09-04 04:07:00] utils.py(229) : Diversity Loss: 10.6006, Constructive RL loss: 183.9747
[2026-09-04 04:07:02] utils.py(229) : Rank 0 >> Epoch 1: Train (95%)
[2026-09-04 04:07:02] utils.py(229) : [Construction] Score: 32.0501,  Loss: 182.6622,  Infeasible_rate: [100.0000%, 100.0000%], out: 63.0974, out_nodes: 16, Feasible_dist: 0.0000
[2026-09-04 04:07:02] utils.py(229) : [Improvement] Score: 111.1097 [BSF: 110.9587],  Loss: 10.9123,  Infeasible_rate: [100.0000%, 100.0000%], out: 94.1381, out_nodes: 38, Feasible_dist: 0.0000, Entropy: 2.6012
[2026-09-04 04:07:02] utils.py(229) : Diversity Loss: 10.6063, Constructive RL loss: 182.7683
[2026-09-04 04:07:04] utils.py(229) : Rank 0 >> Epoch 1: Train (95%)
[2026-09-04 04:07:04] utils.py(229) : [Construction] Score: 32.1090,  Loss: 181.4675,  Infeasible_rate: [100.0000%, 100.0000%], out: 62.7017, out_nodes: 16, Feasible_dist: 0.0000
[2026-09-04 04:07:04] utils.py(229) : [Improvement] Score: 110.7509 [BSF: 110.6002],  Loss: 10.8428,  Infeasible_rate: [100.0000%, 100.0000%], out: 93.5553, out_nodes: 37, Feasible_dist: 0.0000, Entropy: 2.6032
[2026-09-04 04:07:04] utils.py(229) : Diversity Loss: 10.6143, Constructive RL loss: 181.5737
[2026-09-04 04:07:07] utils.py(229) : Rank 0 >> Epoch 1: Train (95%)
[2026-09-04 04:07:07] utils.py(229) : [Construction] Score: 32.1782,  Loss: 180.2832,  Infeasible_rate: [100.0000%, 100.0000%], out: 62.3106, out_nodes: 16, Feasible_dist: 0.0000
[2026-09-04 04:07:07] utils.py(229) : [Improvement] Score: 110.4136 [BSF: 110.2639],  Loss: 10.7738,  Infeasible_rate: [100.0000%, 100.0000%], out: 92.9801, out_nodes: 37, Feasible_dist: 0.0000, Entropy: 2.6049
[2026-09-04 04:07:07] utils.py(229) : Diversity Loss: 10.6214, Constructive RL loss: 180.3894
[2026-09-04 04:07:09] utils.py(229) : Rank 0 >> Epoch 1: Train (95%)
[2026-09-04 04:07:09] utils.py(229) : [Construction] Score: 32.2465,  Loss: 179.1322,  Infeasible_rate: [100.0000%, 100.0000%], out: 61.9257, out_nodes: 16, Feasible_dist: 0.0000
[2026-09-04 04:07:09] utils.py(229) : [Improvement] Score: 110.0796 [BSF: 109.9305],  Loss: 10.7069,  Infeasible_rate: [100.0000%, 100.0000%], out: 92.4112, out_nodes: 37, Feasible_dist: 0.0000, Entropy: 2.6065
[2026-09-04 04:07:09] utils.py(229) : Diversity Loss: 10.6284, Constructive RL loss: 179.2385
[2026-09-04 04:07:10] utils.py(229) : Rank 0 >> Epoch 1: Train (95%)
[2026-09-04 04:07:10] utils.py(229) : [Construction] Score: 32.2465,  Loss: 179.1322,  Infeasible_rate: [100.0000%, 100.0000%], out: 61.9257, out_nodes: 16, Feasible_dist: 0.0000
[2026-09-04 04:07:10] utils.py(229) : [Improvement] Score: 110.0796 [BSF: 109.9305],  Loss: 10.7069,  Infeasible_rate: [100.0000%, 100.0000%], out: 92.4112, out_nodes: 37, Feasible_dist: 0.0000, Entropy: 2.6065
[2026-09-04 04:07:10] utils.py(229) : Diversity Loss: 10.6284, Constructive RL loss: 179.2385
[2026-09-04 04:07:10] utils.py(229) : dummy_size: 32.38125
[2026-09-04 04:07:10] utils.py(229) : Rank 0 >> Epoch 1/10: Time Est.: Elapsed[4.48m], Remain[40.32m]
[2026-09-04 04:07:10] utils.py(229) : >> Val 64 instances.
[2026-09-04 04:07:10] utils.py(229) : >> validation eval type:
[2026-09-04 04:07:10] utils.py(229) : argmax
[2026-09-04 04:07:10] utils.py(229) : Rank 0 >> val construction time:
[2026-09-04 04:07:10] utils.py(229) : 0.25240039825439453
[2026-09-04 04:07:10] utils.py(229) : ! solution size:
[2026-09-04 04:07:10] utils.py(229) : torch.Size([256, 1, 101])
[2026-09-04 04:07:13] utils.py(229) : Rank 0 >> val improvement time:
[2026-09-04 04:07:13] utils.py(229) : 2.8320157527923584
[2026-09-04 04:07:13] utils.py(229) : Rank 0 >> val reconstruction time [w. mask]:
[2026-09-04 04:07:13] utils.py(229) : 0.22174477577209473
[2026-09-04 04:07:14] utils.py(229) : Rank 0 >> val construction time:
[2026-09-04 04:07:14] utils.py(229) : 0.21346688270568848
[2026-09-04 04:07:14] utils.py(229) : ! solution size:
[2026-09-04 04:07:14] utils.py(229) : torch.Size([256, 1, 101])
[2026-09-04 04:07:16] utils.py(229) : Rank 0 >> val improvement time:
[2026-09-04 04:07:16] utils.py(229) : 2.816615343093872
[2026-09-04 04:07:17] utils.py(229) : Rank 0 >> val reconstruction time [w. mask]:
[2026-09-04 04:07:17] utils.py(229) : 0.20781588554382324
[2026-09-04 04:07:17] utils.py(229) : >> Only feasible solutions are under consideration!
[2026-09-04 04:07:17] utils.py(229) : >> Only feasible solutions are under consideration!
[2026-09-04 04:07:17] utils.py(229) : >> Load optimal solution from: ./data/VRPBLTW/or_tools_200s_vrpbltw50_uniform.pkl
[2026-09-04 04:07:17] utils.py(229) : Rank 0 >> Val Score on vrpbltw50_uniform.pkl: [Construction] NO_AUG_Score: nan, NO_AUG_Gap: nan% --> AUG_Score: nan, AUG_Gap: nan%; Infeasible rate: 100.0% (solution-level), 100.0% (instance-level)
[2026-09-04 04:07:17] utils.py(229) : Rank 0 >> Val Score on vrpbltw50_uniform.pkl: [Improvement] NO_AUG_Score: nan, NO_AUG_Gap: nan% --> AUG_Score: nan, AUG_Gap: nan%; Infeasible rate: 100.0% (solution-level), 100.0% (instance-level)
[2026-09-04 04:07:17] utils.py(229) : Rank 0 >> Val Score on vrpbltw50_uniform.pkl: [w. mask] NO_AUG_Score: 47.981, NO_AUG_Gap: 242.5351% --> AUG_Score: 46.3313, AUG_Gap: 231.0149%; Infeasible rate: 0.0% (solution-level), 0.0% (instance-level)
[2026-09-04 04:07:17] utils.py(229) : ================================================================================
[2026-09-04 04:13:14] utils.py(229) : Rank 0 >> Epoch 2: Train (95%)
[2026-09-04 04:13:14] utils.py(229) : [Construction] Score: 46.9794,  Loss: -1.5787,  Infeasible_rate: [100.0000%, 100.0000%], out: 0.0482, out_nodes: 0, Feasible_dist: 0.0000
[2026-09-04 04:13:14] utils.py(229) : [Improvement] Score: 58.0359 [BSF: 57.9621],  Loss: 0.0364,  Infeasible_rate: [100.0000%, 100.0000%], out: 1.3959, out_nodes: 10, Feasible_dist: 0.0000, Entropy: 2.9259
[2026-09-04 04:13:14] utils.py(229) : Diversity Loss: 12.3432, Constructive RL loss: -1.4553
[2026-09-04 04:13:14] utils.py(229) : dummy_size: 50.7125
[2026-09-04 04:13:14] utils.py(229) : Rank 0 >> Epoch 2/10: Time Est.: Elapsed[10.54m], Remain[42.17m]
[2026-09-04 04:13:14] utils.py(229) : Rank 0 >> Best model of improvement saved!
[2026-09-04 04:13:14] utils.py(229) : >> Val 64 instances.
[2026-09-04 04:13:14] utils.py(229) : >> validation eval type:
[2026-09-04 04:13:14] utils.py(229) : argmax
[2026-09-04 04:13:14] utils.py(229) : Rank 0 >> val construction time:
[2026-09-04 04:13:14] utils.py(229) : 0.21593117713928223
[2026-09-04 04:13:14] utils.py(229) : ! solution size:
[2026-09-04 04:13:14] utils.py(229) : torch.Size([256, 1, 101])
[2026-09-04 04:13:17] utils.py(229) : Rank 0 >> val improvement time:
[2026-09-04 04:13:17] utils.py(229) : 2.652743339538574
[2026-09-04 04:13:17] utils.py(229) : Rank 0 >> val reconstruction time [w. mask]:
[2026-09-04 04:13:17] utils.py(229) : 0.22533726692199707
[2026-09-04 04:13:17] utils.py(229) : Rank 0 >> val construction time:
[2026-09-04 04:13:17] utils.py(229) : 0.19779205322265625
[2026-09-04 04:13:17] utils.py(229) : ! solution size:
[2026-09-04 04:13:17] utils.py(229) : torch.Size([256, 1, 101])
[2026-09-04 04:13:20] utils.py(229) : Rank 0 >> val improvement time:
[2026-09-04 04:13:20] utils.py(229) : 2.6893064975738525
[2026-09-04 04:13:20] utils.py(229) : Rank 0 >> val reconstruction time [w. mask]:
[2026-09-04 04:13:20] utils.py(229) : 0.2070178985595703
[2026-09-04 04:13:20] utils.py(229) : >> Only feasible solutions are under consideration!
[2026-09-04 04:13:20] utils.py(229) : >> Only feasible solutions are under consideration!
[2026-09-04 04:13:20] utils.py(229) : >> Load optimal solution from: ./data/VRPBLTW/or_tools_200s_vrpbltw50_uniform.pkl
[2026-09-04 04:13:20] utils.py(229) : Rank 0 >> Val Score on vrpbltw50_uniform.pkl: [Construction] NO_AUG_Score: nan, NO_AUG_Gap: nan% --> AUG_Score: nan, AUG_Gap: nan%; Infeasible rate: 100.0% (solution-level), 100.0% (instance-level)
[2026-09-04 04:13:20] utils.py(229) : Rank 0 >> Val Score on vrpbltw50_uniform.pkl: [Improvement] NO_AUG_Score: nan, NO_AUG_Gap: nan% --> AUG_Score: nan, AUG_Gap: nan%; Infeasible rate: 100.0% (solution-level), 100.0% (instance-level)
[2026-09-04 04:13:20] utils.py(229) : Rank 0 >> Val Score on vrpbltw50_uniform.pkl: [w. mask] NO_AUG_Score: 49.4213, NO_AUG_Gap: 252.7827% --> AUG_Score: 48.3166, AUG_Gap: 244.7959%; Infeasible rate: 0.0% (solution-level), 0.0% (instance-level)
[2026-09-04 04:13:20] utils.py(229) : ================================================================================
[2026-09-04 04:19:04] utils.py(229) : Rank 0 >> Epoch 3: Train (95%)
[2026-09-04 04:19:04] utils.py(229) : [Construction] Score: 47.4768,  Loss: -0.5451,  Infeasible_rate: [100.0000%, 100.0000%], out: 0.0002, out_nodes: 0, Feasible_dist: 0.0000
[2026-09-04 04:19:04] utils.py(229) : [Improvement] Score: 57.0721 [BSF: 56.9886],  Loss: 0.0139,  Infeasible_rate: [100.0000%, 100.0000%], out: 1.4618, out_nodes: 10, Feasible_dist: 0.0000, Entropy: 2.9866
[2026-09-04 04:19:04] utils.py(229) : Diversity Loss: 12.8043, Constructive RL loss: -0.4171
[2026-09-04 04:19:04] utils.py(229) : dummy_size: 50.98125
[2026-09-04 04:19:04] utils.py(229) : Rank 0 >> Epoch 3/10: Time Est.: Elapsed[16.39m], Remain[38.24m]
[2026-09-04 04:19:04] utils.py(229) : Rank 0 >> Best model of improvement saved!
[2026-09-04 04:19:04] utils.py(229) : ================================================================================
[2026-09-04 04:24:37] utils.py(229) : Rank 0 >> Epoch 4: Train (95%)
[2026-09-04 04:24:37] utils.py(229) : [Construction] Score: 44.6100,  Loss: -1.1760,  Infeasible_rate: [100.0000%, 100.0000%], out: 0.0098, out_nodes: 0, Feasible_dist: 0.0000
[2026-09-04 04:24:37] utils.py(229) : [Improvement] Score: 55.2173 [BSF: 54.8145],  Loss: 0.0115,  Infeasible_rate: [100.0000%, 100.0000%], out: 2.3228, out_nodes: 11, Feasible_dist: 0.0000, Entropy: 2.8739
[2026-09-04 04:24:37] utils.py(229) : Diversity Loss: 12.8038, Constructive RL loss: -1.0479
[2026-09-04 04:24:37] utils.py(229) : dummy_size: 48.3875
[2026-09-04 04:24:37] utils.py(229) : Rank 0 >> Epoch 4/10: Time Est.: Elapsed[21.93m], Remain[32.90m]
[2026-09-04 04:24:37] utils.py(229) : Rank 0 >> Best model of improvement saved!
[2026-09-04 04:24:37] utils.py(229) : >> Val 64 instances.
[2026-09-04 04:24:37] utils.py(229) : >> validation eval type:
[2026-09-04 04:24:37] utils.py(229) : argmax
[2026-09-04 04:24:37] utils.py(229) : Rank 0 >> val construction time:
[2026-09-04 04:24:37] utils.py(229) : 0.22623825073242188
[2026-09-04 04:24:37] utils.py(229) : ! solution size:
[2026-09-04 04:24:37] utils.py(229) : torch.Size([256, 1, 99])
[2026-09-04 04:24:40] utils.py(229) : Rank 0 >> val improvement time:
[2026-09-04 04:24:40] utils.py(229) : 2.931638240814209
[2026-09-04 04:24:41] utils.py(229) : Rank 0 >> val reconstruction time [w. mask]:
[2026-09-04 04:24:41] utils.py(229) : 0.21277308464050293
[2026-09-04 04:24:41] utils.py(229) : Rank 0 >> val construction time:
[2026-09-04 04:24:41] utils.py(229) : 0.19103622436523438
[2026-09-04 04:24:41] utils.py(229) : ! solution size:
[2026-09-04 04:24:41] utils.py(229) : torch.Size([256, 1, 98])
[2026-09-04 04:24:43] utils.py(229) : Rank 0 >> val improvement time:
[2026-09-04 04:24:43] utils.py(229) : 2.585273504257202
[2026-09-04 04:24:44] utils.py(229) : Rank 0 >> val reconstruction time [w. mask]:
[2026-09-04 04:24:44] utils.py(229) : 0.20094799995422363
[2026-09-04 04:24:44] utils.py(229) : >> Only feasible solutions are under consideration!
[2026-09-04 04:24:44] utils.py(229) : >> Only feasible solutions are under consideration!
[2026-09-04 04:24:44] utils.py(229) : >> Load optimal solution from: ./data/VRPBLTW/or_tools_200s_vrpbltw50_uniform.pkl
[2026-09-04 04:24:44] utils.py(229) : Rank 0 >> Val Score on vrpbltw50_uniform.pkl: [Construction] NO_AUG_Score: nan, NO_AUG_Gap: nan% --> AUG_Score: nan, AUG_Gap: nan%; Infeasible rate: 100.0% (solution-level), 100.0% (instance-level)
[2026-09-04 04:24:44] utils.py(229) : Rank 0 >> Val Score on vrpbltw50_uniform.pkl: [Improvement] NO_AUG_Score: nan, NO_AUG_Gap: nan% --> AUG_Score: nan, AUG_Gap: nan%; Infeasible rate: 100.0% (solution-level), 100.0% (instance-level)
[2026-09-04 04:24:44] utils.py(229) : Rank 0 >> Val Score on vrpbltw50_uniform.pkl: [w. mask] NO_AUG_Score: 45.7461, NO_AUG_Gap: 227.0921% --> AUG_Score: 43.3531, AUG_Gap: 210.2061%; Infeasible rate: 0.0% (solution-level), 0.0% (instance-level)
[2026-09-04 04:24:44] utils.py(229) : ================================================================================
[2026-09-04 04:29:57] utils.py(229) : Rank 0 >> Epoch 5: Train (95%)
[2026-09-04 04:29:57] utils.py(229) : [Construction] Score: 41.7081,  Loss: -2.0571,  Infeasible_rate: [100.0000%, 100.0000%], out: 0.0114, out_nodes: 0, Feasible_dist: 0.0000
[2026-09-04 04:29:57] utils.py(229) : [Improvement] Score: 53.5358 [BSF: 52.1339],  Loss: -0.0060,  Infeasible_rate: [100.0000%, 100.0000%], out: 3.5156, out_nodes: 12, Feasible_dist: 0.0000, Entropy: 2.8046
[2026-09-04 04:29:57] utils.py(229) : Diversity Loss: 12.5030, Constructive RL loss: -1.9321
[2026-09-04 04:29:57] utils.py(229) : dummy_size: 43.96875
[2026-09-04 04:29:57] utils.py(229) : Rank 0 >> Epoch 5/10: Time Est.: Elapsed[27.26m], Remain[27.26m]
[2026-09-04 04:29:57] utils.py(229) : Rank 0 >> Best model of improvement saved!
[2026-09-04 04:29:57] utils.py(229) : Rank 0 >> Saving trained_model
[2026-09-04 04:29:57] utils.py(229) : ================================================================================
[2026-09-04 04:34:51] utils.py(229) : Rank 0 >> Epoch 6: Train (95%)
[2026-09-04 04:34:51] utils.py(229) : [Construction] Score: 39.1546,  Loss: -3.8721,  Infeasible_rate: [100.0000%, 100.0000%], out: 0.0014, out_nodes: 0, Feasible_dist: 0.0000
[2026-09-04 04:34:51] utils.py(229) : [Improvement] Score: 51.3216 [BSF: 48.7178],  Loss: -0.0093,  Infeasible_rate: [100.0000%, 100.0000%], out: 4.6631, out_nodes: 13, Feasible_dist: 0.0000, Entropy: 2.7534
[2026-09-04 04:34:51] utils.py(229) : Diversity Loss: 12.2443, Constructive RL loss: -3.7497
[2026-09-04 04:34:51] utils.py(229) : dummy_size: 39.68125
[2026-09-04 04:34:51] utils.py(229) : Rank 0 >> Epoch 6/10: Time Est.: Elapsed[32.16m], Remain[21.44m]
[2026-09-04 04:34:51] utils.py(229) : Rank 0 >> Best model of improvement saved!
[2026-09-04 04:34:51] utils.py(229) : >> Val 64 instances.
[2026-09-04 04:34:51] utils.py(229) : >> validation eval type:
[2026-09-04 04:34:51] utils.py(229) : argmax
[2026-09-04 04:34:51] utils.py(229) : Rank 0 >> val construction time:
[2026-09-04 04:34:51] utils.py(229) : 0.17822027206420898
[2026-09-04 04:34:51] utils.py(229) : ! solution size:
[2026-09-04 04:34:51] utils.py(229) : torch.Size([256, 1, 90])
[2026-09-04 04:34:54] utils.py(229) : Rank 0 >> val improvement time:
[2026-09-04 04:34:54] utils.py(229) : 2.394604206085205
[2026-09-04 04:34:54] utils.py(229) : Rank 0 >> val reconstruction time [w. mask]:
[2026-09-04 04:34:54] utils.py(229) : 0.20943284034729004
[2026-09-04 04:34:54] utils.py(229) : Rank 0 >> val construction time:
[2026-09-04 04:34:54] utils.py(229) : 0.18059110641479492
[2026-09-04 04:34:54] utils.py(229) : ! solution size:
[2026-09-04 04:34:54] utils.py(229) : torch.Size([256, 1, 89])
[2026-09-04 04:34:57] utils.py(229) : Rank 0 >> val improvement time:
[2026-09-04 04:34:57] utils.py(229) : 2.2696897983551025
[2026-09-04 04:34:57] utils.py(229) : Rank 0 >> val reconstruction time [w. mask]:
[2026-09-04 04:34:57] utils.py(229) : 0.18763232231140137
[2026-09-04 04:34:57] utils.py(229) : >> Only feasible solutions are under consideration!
[2026-09-04 04:34:57] utils.py(229) : >> Only feasible solutions are under consideration!
[2026-09-04 04:34:57] utils.py(229) : >> Load optimal solution from: ./data/VRPBLTW/or_tools_200s_vrpbltw50_uniform.pkl
[2026-09-04 04:34:57] utils.py(229) : Rank 0 >> Val Score on vrpbltw50_uniform.pkl: [Construction] NO_AUG_Score: nan, NO_AUG_Gap: nan% --> AUG_Score: nan, AUG_Gap: nan%; Infeasible rate: 100.0% (solution-level), 100.0% (instance-level)
[2026-09-04 04:34:57] utils.py(229) : Rank 0 >> Val Score on vrpbltw50_uniform.pkl: [Improvement] NO_AUG_Score: nan, NO_AUG_Gap: nan% --> AUG_Score: nan, AUG_Gap: nan%; Infeasible rate: 100.0% (solution-level), 100.0% (instance-level)
[2026-09-04 04:34:57] utils.py(229) : Rank 0 >> Val Score on vrpbltw50_uniform.pkl: [w. mask] NO_AUG_Score: 40.7947, NO_AUG_Gap: 191.2324% --> AUG_Score: 38.4191, AUG_Gap: 174.4864%; Infeasible rate: 0.0% (solution-level), 0.0% (instance-level)
[2026-09-04 04:34:57] utils.py(229) : ================================================================================
[2026-09-04 04:39:34] utils.py(229) : Rank 0 >> Epoch 7: Train (95%)
[2026-09-04 04:39:34] utils.py(229) : [Construction] Score: 35.8603,  Loss: -4.7935,  Infeasible_rate: [99.9941%, 99.8438%], out: 0.0040, out_nodes: 0, Feasible_dist: 31.9887
[2026-09-04 04:39:34] utils.py(229) : [Improvement] Score: 48.6292 [BSF: 45.0134],  Loss: -0.0065,  Infeasible_rate: [100.0000%, 100.0000%], out: 5.7141, out_nodes: 13, Feasible_dist: 0.0000, Entropy: 2.7043
[2026-09-04 04:39:34] utils.py(229) : Diversity Loss: 12.4383, Constructive RL loss: -4.6691
[2026-09-04 04:39:34] utils.py(229) : dummy_size: 35.70625
[2026-09-04 04:39:34] utils.py(229) : Rank 0 >> Epoch 7/10: Time Est.: Elapsed[36.88m], Remain[15.81m]
[2026-09-04 04:39:34] utils.py(229) : Rank 0 >> Best model of improvement saved!
[2026-09-04 04:39:34] utils.py(229) : ================================================================================
[2026-09-04 04:43:59] utils.py(229) : Rank 0 >> Epoch 8: Train (95%)
[2026-09-04 04:43:59] utils.py(229) : [Construction] Score: 32.6474,  Loss: -5.6632,  Infeasible_rate: [99.9990%, 99.9609%], out: 0.0149, out_nodes: 0, Feasible_dist: 27.1314
[2026-09-04 04:43:59] utils.py(229) : [Improvement] Score: 46.0182 [BSF: 41.6529],  Loss: -0.0042,  Infeasible_rate: [100.0000%, 100.0000%], out: 6.4366, out_nodes: 14, Feasible_dist: 0.0000, Entropy: 2.6691
[2026-09-04 04:43:59] utils.py(229) : Diversity Loss: 12.7690, Constructive RL loss: -5.5355
[2026-09-04 04:43:59] utils.py(229) : dummy_size: 32.725
[2026-09-04 04:43:59] utils.py(229) : Rank 0 >> Epoch 8/10: Time Est.: Elapsed[41.30m], Remain[10.32m]
[2026-09-04 04:43:59] utils.py(229) : Rank 0 >> Best model of improvement saved!
[2026-09-04 04:43:59] utils.py(229) : >> Val 64 instances.
[2026-09-04 04:43:59] utils.py(229) : >> validation eval type:
[2026-09-04 04:43:59] utils.py(229) : argmax
[2026-09-04 04:43:59] utils.py(229) : Rank 0 >> val construction time:
[2026-09-04 04:43:59] utils.py(229) : 0.18213176727294922
[2026-09-04 04:43:59] utils.py(229) : ! solution size:
[2026-09-04 04:43:59] utils.py(229) : torch.Size([256, 1, 83])
[2026-09-04 04:44:01] utils.py(229) : Rank 0 >> val improvement time:
[2026-09-04 04:44:01] utils.py(229) : 2.1392364501953125
[2026-09-04 04:44:01] utils.py(229) : Rank 0 >> val reconstruction time [w. mask]:
[2026-09-04 04:44:02] utils.py(229) : 0.17539167404174805
[2026-09-04 04:44:02] utils.py(229) : Rank 0 >> val construction time:
[2026-09-04 04:44:02] utils.py(229) : 0.1692514419555664
[2026-09-04 04:44:02] utils.py(229) : ! solution size:
[2026-09-04 04:44:02] utils.py(229) : torch.Size([256, 1, 85])
[2026-09-04 04:44:04] utils.py(229) : Rank 0 >> val improvement time:
[2026-09-04 04:44:04] utils.py(229) : 2.1951425075531006
[2026-09-04 04:44:04] utils.py(229) : Rank 0 >> val reconstruction time [w. mask]:
[2026-09-04 04:44:04] utils.py(229) : 0.17973804473876953
[2026-09-04 04:44:04] utils.py(229) : >> Only feasible solutions are under consideration!
[2026-09-04 04:44:04] utils.py(229) : >> Only feasible solutions are under consideration!
[2026-09-04 04:44:04] utils.py(229) : >> Load optimal solution from: ./data/VRPBLTW/or_tools_200s_vrpbltw50_uniform.pkl
[2026-09-04 04:44:04] utils.py(229) : Rank 0 >> Val Score on vrpbltw50_uniform.pkl: [Construction] NO_AUG_Score: nan, NO_AUG_Gap: nan% --> AUG_Score: nan, AUG_Gap: nan%; Infeasible rate: 100.0% (solution-level), 100.0% (instance-level)
[2026-09-04 04:44:04] utils.py(229) : Rank 0 >> Val Score on vrpbltw50_uniform.pkl: [Improvement] NO_AUG_Score: nan, NO_AUG_Gap: nan% --> AUG_Score: nan, AUG_Gap: nan%; Infeasible rate: 100.0% (solution-level), 100.0% (instance-level)
[2026-09-04 04:44:04] utils.py(229) : Rank 0 >> Val Score on vrpbltw50_uniform.pkl: [w. mask] NO_AUG_Score: 35.2988, NO_AUG_Gap: 152.2479% --> AUG_Score: 32.567, AUG_Gap: 132.9901%; Infeasible rate: 0.0% (solution-level), 0.0% (instance-level)
[2026-09-04 04:44:04] utils.py(229) : ================================================================================
[2026-09-04 04:48:24] utils.py(229) : Rank 0 >> Epoch 9: Train (95%)
[2026-09-04 04:48:24] utils.py(229) : [Construction] Score: 30.9190,  Loss: -6.0251,  Infeasible_rate: [99.9932%, 99.7656%], out: 0.0200, out_nodes: 0, Feasible_dist: 32.0091
[2026-09-04 04:48:24] utils.py(229) : [Improvement] Score: 44.0815 [BSF: 39.3708],  Loss: -0.0036,  Infeasible_rate: [100.0000%, 100.0000%], out: 6.5223, out_nodes: 14, Feasible_dist: 0.0000, Entropy: 2.6733
[2026-09-04 04:48:24] utils.py(229) : Diversity Loss: 13.1533, Constructive RL loss: -5.8936
[2026-09-04 04:48:24] utils.py(229) : dummy_size: 31.49375
[2026-09-04 04:48:24] utils.py(229) : Rank 0 >> Epoch 9/10: Time Est.: Elapsed[45.72m], Remain[5.08m]
[2026-09-04 04:48:24] utils.py(229) : Rank 0 >> Best model of construction saved!
[2026-09-04 04:48:24] utils.py(229) : Rank 0 >> Best model of improvement saved!
[2026-09-04 04:48:24] utils.py(229) : ================================================================================
[2026-09-04 04:52:40] utils.py(229) : Rank 0 >> Epoch 10: Train (95%)
[2026-09-04 04:52:40] utils.py(229) : [Construction] Score: 28.8645,  Loss: -6.7829,  Infeasible_rate: [99.9736%, 99.1016%], out: 0.0262, out_nodes: 0, Feasible_dist: 31.1198
[2026-09-04 04:52:40] utils.py(229) : [Improvement] Score: 41.7055 [BSF: 36.6749],  Loss: -0.0025,  Infeasible_rate: [100.0000%, 100.0000%], out: 6.6150, out_nodes: 13, Feasible_dist: 0.0000, Entropy: 2.6537
[2026-09-04 04:52:40] utils.py(229) : Diversity Loss: 13.5064, Constructive RL loss: -6.6478
[2026-09-04 04:52:40] utils.py(229) : dummy_size: 30.19375
[2026-09-04 04:52:40] utils.py(229) : Rank 0 >> Epoch 10/10: Time Est.: Elapsed[49.98m], Remain[0.00m]
[2026-09-04 04:52:40] utils.py(229) : Rank 0 >> Best model of construction saved!
[2026-09-04 04:52:40] utils.py(229) : Rank 0 >> Best model of improvement saved!
[2026-09-04 04:52:40] utils.py(229) : Rank 0 >> Saving trained_model
[2026-09-04 04:52:40] utils.py(229) : >> Val 64 instances.
[2026-09-04 04:52:40] utils.py(229) : >> validation eval type:
[2026-09-04 04:52:40] utils.py(229) : argmax
[2026-09-04 04:52:40] utils.py(229) : Rank 0 >> val construction time:
[2026-09-04 04:52:40] utils.py(229) : 0.16201376914978027
[2026-09-04 04:52:40] utils.py(229) : ! solution size:
[2026-09-04 04:52:40] utils.py(229) : torch.Size([256, 1, 81])
[2026-09-04 04:52:42] utils.py(229) : Rank 0 >> val improvement time:
[2026-09-04 04:52:42] utils.py(229) : 2.0905487537384033
[2026-09-04 04:52:42] utils.py(229) : Rank 0 >> val reconstruction time [w. mask]:
[2026-09-04 04:52:42] utils.py(229) : 0.16953039169311523
[2026-09-04 04:52:42] utils.py(229) : Rank 0 >> val construction time:
[2026-09-04 04:52:42] utils.py(229) : 0.16139435768127441
[2026-09-04 04:52:42] utils.py(229) : ! solution size:
[2026-09-04 04:52:42] utils.py(229) : torch.Size([256, 1, 82])
[2026-09-04 04:52:45] utils.py(229) : Rank 0 >> val improvement time:
[2026-09-04 04:52:45] utils.py(229) : 2.1087379455566406
[2026-09-04 04:52:45] utils.py(229) : Rank 0 >> val reconstruction time [w. mask]:
[2026-09-04 04:52:45] utils.py(229) : 0.17916297912597656
[2026-09-04 04:52:45] utils.py(229) : >> Only feasible solutions are under consideration!
[2026-09-04 04:52:45] utils.py(229) : >> Only feasible solutions are under consideration!
[2026-09-04 04:52:45] utils.py(229) : >> Load optimal solution from: ./data/VRPBLTW/or_tools_200s_vrpbltw50_uniform.pkl
[2026-09-04 04:52:45] utils.py(229) : Rank 0 >> Val Score on vrpbltw50_uniform.pkl: [Construction] NO_AUG_Score: nan, NO_AUG_Gap: nan% --> AUG_Score: nan, AUG_Gap: nan%; Infeasible rate: 100.0% (solution-level), 100.0% (instance-level)
[2026-09-04 04:52:45] utils.py(229) : Rank 0 >> Val Score on vrpbltw50_uniform.pkl: [Improvement] NO_AUG_Score: nan, NO_AUG_Gap: nan% --> AUG_Score: nan, AUG_Gap: nan%; Infeasible rate: 100.0% (solution-level), 100.0% (instance-level)
[2026-09-04 04:52:45] utils.py(229) : Rank 0 >> Val Score on vrpbltw50_uniform.pkl: [w. mask] NO_AUG_Score: 30.9144, NO_AUG_Gap: 121.0125% --> AUG_Score: 28.7605, AUG_Gap: 105.692%; Infeasible rate: 0.0% (solution-level), 0.0% (instance-level)
[2026-09-04 04:52:45] utils.py(229) : >> Finish VRPBLTW Training using SINGLE Model ...
[1;34mwandb[0m: 
[1;34mwandb[0m: 🚀 View run [33m20260904_050232train_attr[0m at: [34mhttps://wandb.ai/shoraaa-vnu/unified_solver/runs/aderh1hj[0m
[1;34mwandb[0m: Find logs at: [1;35mwandb/run-20260904_040239-aderh1hj/logs[0m
[W904 04:52:48.781371687 AllocatorConfig.cpp:28] Warning: PYTORCH_CUDA_ALLOC_CONF is deprecated, use PYTORCH_ALLOC_CONF instead (function operator())
=== car_soft_interface_slack0.1_fixed (attempt 1) ===
=== host: car  mask: soft  arm: interface  slack: 0.1 ===
wandb: [wandb.login()] Loaded credentials for https://api.wandb.ai from /home/shora/.netrc.
wandb: Currently logged in as: shoraaa (shoraaa-vnu) to https://api.wandb.ai. Use `wandb login --relogin` to force relogin
wandb: setting up run ew6ir2zy
wandb: Tracking run with wandb version 0.28.1
wandb: Run data is saved locally in /home/shora/Research/PRISM/baselines/CaR-constraint/wandb/run-20260904_045309-ew6ir2zy
wandb: Run `wandb offline` to turn off syncing.
wandb: Syncing run 20260904_055305train_interface
wandb:  View project at https://wandb.ai/shoraaa-vnu/unified_solver
wandb:  View run at https://wandb.ai/shoraaa-vnu/unified_solver/runs/ew6ir2zy
{'POMO_checkpoint': '../PIP-constraint/POMO+PIP/pretrained/TSPTW/tsptw50_hard/POMO_star/epoch-10000.pt',
 'accumulation_steps': 8,
 'active_constraints': ['backhaul', 'route_limit', 'time_window'],
 'amp_training': True,
 'aspect_num': 2,
 'aux_mask': True,
 'backhaul_mask': 'soft',
 'baseline': 'group',
 'best_solution_path': None,
 'bonus_for_construction': False,
 'boundary': 0.5,
 'checkpoint': None,
 'clean_cache': False,
 'coefficient': 100,
 'consequence_hidden_dim': 16,
 'constraint_number': 4,
 'constraint_repr': 'interface',
 'couple_rows': True,
 'decoder_layer_num': 1,
 'diversity': 'kendall_tau_distance',
 'diversity_loss': True,
 'diversity_reward': False,
 'diversity_weight': 0.01,
 'dual_decoder': False,
 'dummy_improve_selected': 'random',
 'dummy_improve_steps': 0,
 'dynamic_coefficient': False,
 'embedding_dim': 128,
 'empty_cache_per_batch': True,
 'enable_eas': False,
 'encoder_layer_num': 6,
 'epochs': 10,
 'epsilon': 3.67,
 'epsilon_base': 5.0,
 'epsilon_decay_beta': 0.001,
 'eval_only': False,
 'eval_type': 'argmax',
 'extra_bonus': False,
 'extra_weight': 0.1,
 'ff_hidden_dim': 512,
 'fsb_dist_only': True,
 'fsb_reward_only': True,
 'fsb_reward_plus': False,
 'fsb_start_delay': 10000,
 'gamma': 0.1,
 'generate_PI_mask': False,
 'gpu_id': '0',
 'gumbel': False,
 'hardness': 'hard',
 'head_num': 8,
 'imitation_learning': True,
 'imitation_loss_weight': 1.0,
 'impr_encoder_start_idx': 0,
 'improve_start_when_dummy_ok': False,
 'improve_steps': 5,
 'improvement_method': 'kopt',
 'improvement_only': False,
 'infsb_dist_penalty': False,
 'init_sol_strategy': 'POMO',
 'insert_before': True,
 'is_lib': False,
 'iterations': 200,
 'iterations_impr': 20,
 'k_max': 4,
 'k_unconfident': 10,
 'lazy_pip_model': False,
 'load_optimizer': True,
 'load_which_pip': 'train_fsb_bsf',
 'log_dir': 'results/composition/train_car_soft_interface_slack0.1_fixed',
 'logit_clipping': 10,
 'lr': 0.0001,
 'max_dummy_size': 18,
 'milestones': [4501],
 'model_save_interval': 5,
 'model_type': 'SINGLE',
 'multi_processing': False,
 'multiple_gpu': False,
 'n2s_decoder': False,
 'neighborhood_search': False,
 'no_cuda': False,
 'node_repr': 'named',
 'node_repr_dim': 4,
 'non_linear': None,
 'non_linear_cons': False,
 'norm': 'instance',
 'norm_loc': 'norm_last',
 'occ_gpu': 0.0,
 'out_node_reward': True,
 'out_reward': True,
 'pairwise_merge': 'feature,attention',
 'penalty_factor': 1.0,
 'penalty_normalize': False,
 'pip_checkpoint': None,
 'pip_decoder': False,
 'pip_last_growup': 50,
 'pip_step': 1,
 'pip_update_epoch': 20,
 'pip_update_interval': 1000,
 'pomo_feasible_start': False,
 'pomo_size': 50,
 'pomo_start': False,
 'problem': 'VRPBLTW',
 'problem_size': 50,
 'probs_return': False,
 'qkv_dim': 16,
 'random_delta_t': 0,
 'reconstruct': False,
 'reconstruct_bonus_weight': 1.0,
 'reconstruct_improve_bonus': False,
 'refinement_history_path': None,
 'repeats': 1,
 'reward_gating': False,
 'rm_num': 1,
 'sample_size': 1,
 'seed': 1234,
 'select_strategy': 'quality',
 'select_top_k': 10,
 'select_top_k_val': 1,
 'seperate_obj_penalty': False,
 'simulation_stop_epoch': 100,
 'slack_normalize': True,
 'slack_stride': 5,
 'slack_weight': 0.1,
 'soft_constrained': True,
 'sop_variant': 1,
 'sqrt_embedding_dim': 11.313708498984761,
 'stochastic_probability': 0.5,
 'subgradient': False,
 'subgradient_lr': 0.1,
 'succ_attention_bias': 1.0,
 'supplement_feature_dim': 17,
 'tb_logger': False,
 'test_batch_size': 10000,
 'test_dataset': None,
 'test_episodes': 10000,
 'test_opt_path': None,
 'test_pomo_size': 1,
 'total_history': 3,
 'train_batch_size': 16,
 'train_episodes': 2560,
 'tw_normalize': True,
 'uncertainty_weight': False,
 'unified_decoder': False,
 'unified_encoder': True,
 'use_fast_attention': True,
 'use_real_PI_mask': False,
 'v_range': 6.0,
 'val_dataset': ['vrpbltw50_uniform.pkl'],
 'val_episodes': 64,
 'val_init_sol_strategy': 'POMO',
 'val_opt_path': None,
 'val_pomo_size': 1,
 'val_reconstruct_times': 1,
 'validation_batch_size': 32,
 'validation_improve_steps': 20,
 'validation_interval': 2,
 'wandb_logger': True,
 'weight_decay': 1e-06,
 'which_feature': 'both',
 'with_RNN': True,
 'with_bonus': False,
 'with_explore_stat_feature': True,
 'with_infsb_feature': True,
 'with_regular': False,
 'wo_node_penalty': False,
 'wo_tour_penalty': False,
 'world_size': 1}
>> Log Path: results/composition/train_car_soft_interface_slack0.1_fixed/20260904_055305train_interface
>> No occupation needed
>> USE_CUDA: True, CUDA_DEVICE_NUM: 0
>> Start VRPBLTW Training using SINGLE Model ...
[2026-09-04 04:53:10] utils.py(229) : >> Use unified encoder for Improvement and Construction!
[2026-09-04 04:53:11] utils.py(229) : >> Use kopt decoder for Improvement!
[2026-09-04 04:53:11] utils.py(229) : lambda_:
[2026-09-04 04:53:11] utils.py(229) : 1.0
[2026-09-04 04:53:11] utils.py(229) : Number of Parameters: 1648488
[2026-09-04 04:53:11] utils.py(229) : [copy_all_src] Warning: /home/shora/Research/PRISM/baselines/CaR-constraint/_ops.py not found. Skipping.
[2026-09-04 04:53:11] utils.py(229) : [copy_all_src] Warning: /home/shora/Research/PRISM/baselines/CaR-constraint/_classes.py not found. Skipping.
[2026-09-04 04:53:11] utils.py(229) : ================================================================================
[2026-09-04 04:53:13] utils.py(229) : Rank 0 >> Epoch 1: Train (0%)
[2026-09-04 04:53:13] utils.py(229) : [Construction] Score: 26.2572,  Loss: 524.2101,  Infeasible_rate: [100.0000%, 100.0000%], out: 86.7299, out_nodes: 25, Feasible_dist: 0.0000
[2026-09-04 04:53:13] utils.py(229) : [Improvement] Score: 164.8641 [BSF: 163.2419],  Loss: 9.9696,  Infeasible_rate: [100.0000%, 100.0000%], out: 169.4634, out_nodes: 57, Feasible_dist: 0.0000, Entropy: 2.3709
[2026-09-04 04:53:13] utils.py(229) : Diversity Loss: 9.4167, Constructive RL loss: 524.3041, Slack loss: 0.5752 (adds 52.42)
[2026-09-04 04:53:15] utils.py(229) : Rank 0 >> Epoch 1: Train (0%)
[2026-09-04 04:53:15] utils.py(229) : [Construction] Score: 26.4195,  Loss: 494.7237,  Infeasible_rate: [100.0000%, 100.0000%], out: 83.9628, out_nodes: 25, Feasible_dist: 0.0000
[2026-09-04 04:53:15] utils.py(229) : [Improvement] Score: 154.3158 [BSF: 153.1122],  Loss: 9.2404,  Infeasible_rate: [100.0000%, 100.0000%], out: 161.0386, out_nodes: 56, Feasible_dist: 0.0000, Entropy: 2.3732
[2026-09-04 04:53:15] utils.py(229) : Diversity Loss: 9.4627, Constructive RL loss: 494.8181, Slack loss: 0.5676 (adds 49.47)
[2026-09-04 04:53:17] utils.py(229) : Rank 0 >> Epoch 1: Train (0%)
[2026-09-04 04:53:17] utils.py(229) : [Construction] Score: 26.7082,  Loss: 565.0917,  Infeasible_rate: [100.0000%, 100.0000%], out: 83.7003, out_nodes: 25, Feasible_dist: 0.0000
[2026-09-04 04:53:17] utils.py(229) : [Improvement] Score: 155.7509 [BSF: 154.7330],  Loss: 9.3863,  Infeasible_rate: [100.0000%, 100.0000%], out: 158.9366, out_nodes: 56, Feasible_dist: 0.0000, Entropy: 2.4085
[2026-09-04 04:53:17] utils.py(229) : Diversity Loss: 9.4954, Constructive RL loss: 565.1866, Slack loss: 0.5776 (adds 56.51)
[2026-09-04 04:53:19] utils.py(229) : Rank 0 >> Epoch 1: Train (0%)
[2026-09-04 04:53:19] utils.py(229) : [Construction] Score: 26.7264,  Loss: 528.8197,  Infeasible_rate: [100.0000%, 100.0000%], out: 81.6488, out_nodes: 25, Feasible_dist: 0.0000
[2026-09-04 04:53:19] utils.py(229) : [Improvement] Score: 151.4184 [BSF: 150.4960],  Loss: 10.2808,  Infeasible_rate: [100.0000%, 100.0000%], out: 154.4430, out_nodes: 55, Feasible_dist: 0.0000, Entropy: 2.4272
[2026-09-04 04:53:19] utils.py(229) : Diversity Loss: 9.5126, Constructive RL loss: 528.9148, Slack loss: 0.5745 (adds 52.88)
[2026-09-04 04:53:22] utils.py(229) : Rank 0 >> Epoch 1: Train (0%)
[2026-09-04 04:53:22] utils.py(229) : [Construction] Score: 26.5247,  Loss: 543.0049,  Infeasible_rate: [100.0000%, 100.0000%], out: 81.5043, out_nodes: 25, Feasible_dist: 0.0000
[2026-09-04 04:53:22] utils.py(229) : [Improvement] Score: 150.8360 [BSF: 149.3688],  Loss: 10.7742,  Infeasible_rate: [100.0000%, 100.0000%], out: 155.9416, out_nodes: 56, Feasible_dist: 0.0000, Entropy: 2.4253
[2026-09-04 04:53:22] utils.py(229) : Diversity Loss: 9.5179, Constructive RL loss: 543.1000, Slack loss: 0.5778 (adds 54.30)
[2026-09-04 04:53:24] utils.py(229) : Rank 0 >> Epoch 1: Train (0%)
[2026-09-04 04:53:24] utils.py(229) : [Construction] Score: 26.5044,  Loss: 589.1595,  Infeasible_rate: [100.0000%, 100.0000%], out: 79.5717, out_nodes: 25, Feasible_dist: 0.0000
[2026-09-04 04:53:24] utils.py(229) : [Improvement] Score: 148.1877 [BSF: 146.9600],  Loss: 10.4950,  Infeasible_rate: [100.0000%, 100.0000%], out: 154.7269, out_nodes: 55, Feasible_dist: 0.0000, Entropy: 2.4307
[2026-09-04 04:53:24] utils.py(229) : Diversity Loss: 9.5301, Constructive RL loss: 589.2547, Slack loss: 0.5784 (adds 58.92)
[2026-09-04 04:53:26] utils.py(229) : Rank 0 >> Epoch 1: Train (0%)
[2026-09-04 04:53:26] utils.py(229) : [Construction] Score: 26.5153,  Loss: 591.9244,  Infeasible_rate: [100.0000%, 100.0000%], out: 78.7990, out_nodes: 25, Feasible_dist: 0.0000
[2026-09-04 04:53:26] utils.py(229) : [Improvement] Score: 147.6685 [BSF: 146.4355],  Loss: 10.2392,  Infeasible_rate: [100.0000%, 100.0000%], out: 153.2632, out_nodes: 55, Feasible_dist: 0.0000, Entropy: 2.4239
[2026-09-04 04:53:26] utils.py(229) : Diversity Loss: 9.5408, Constructive RL loss: 592.0198, Slack loss: 0.5779 (adds 59.19)
[2026-09-04 04:53:28] utils.py(229) : Rank 0 >> Epoch 1: Train (0%)
[2026-09-04 04:53:28] utils.py(229) : [Construction] Score: 26.5602,  Loss: 590.9084,  Infeasible_rate: [100.0000%, 100.0000%], out: 79.7561, out_nodes: 25, Feasible_dist: 0.0000
[2026-09-04 04:53:28] utils.py(229) : [Improvement] Score: 148.2530 [BSF: 146.9053],  Loss: 10.2809,  Infeasible_rate: [100.0000%, 100.0000%], out: 154.4092, out_nodes: 55, Feasible_dist: 0.0000, Entropy: 2.4142
[2026-09-04 04:53:28] utils.py(229) : Diversity Loss: 9.5332, Constructive RL loss: 591.0037, Slack loss: 0.5798 (adds 59.09)
[2026-09-04 04:53:30] utils.py(229) : Rank 0 >> Epoch 1: Train (5%)
[2026-09-04 04:53:30] utils.py(229) : [Construction] Score: 26.5123,  Loss: 596.2384,  Infeasible_rate: [100.0000%, 100.0000%], out: 81.1762, out_nodes: 25, Feasible_dist: 0.0000
[2026-09-04 04:53:30] utils.py(229) : [Improvement] Score: 149.6993 [BSF: 148.3389],  Loss: 10.6146,  Infeasible_rate: [100.0000%, 100.0000%], out: 156.5842, out_nodes: 56, Feasible_dist: 0.0000, Entropy: 2.4163
[2026-09-04 04:53:30] utils.py(229) : Diversity Loss: 9.5253, Constructive RL loss: 596.3336, Slack loss: 0.5829 (adds 59.62)
[2026-09-04 04:53:32] utils.py(229) : Rank 0 >> Epoch 1: Train (5%)
[2026-09-04 04:53:32] utils.py(229) : [Construction] Score: 26.4423,  Loss: 599.2747,  Infeasible_rate: [100.0000%, 100.0000%], out: 79.8229, out_nodes: 25, Feasible_dist: 0.0000
[2026-09-04 04:53:32] utils.py(229) : [Improvement] Score: 148.5926 [BSF: 147.2334],  Loss: 10.3888,  Infeasible_rate: [100.0000%, 100.0000%], out: 156.1196, out_nodes: 56, Feasible_dist: 0.0000, Entropy: 2.4107
[2026-09-04 04:53:32] utils.py(229) : Diversity Loss: 9.5263, Constructive RL loss: 599.3699, Slack loss: 0.5838 (adds 59.93)
[2026-09-04 04:53:34] utils.py(229) : Rank 0 >> Epoch 1: Train (5%)
[2026-09-04 04:53:34] utils.py(229) : [Construction] Score: 26.5181,  Loss: 602.4616,  Infeasible_rate: [100.0000%, 100.0000%], out: 80.2874, out_nodes: 25, Feasible_dist: 0.0000
[2026-09-04 04:53:34] utils.py(229) : [Improvement] Score: 148.2828 [BSF: 146.8603],  Loss: 10.3470,  Infeasible_rate: [100.0000%, 100.0000%], out: 157.5653, out_nodes: 56, Feasible_dist: 0.0000, Entropy: 2.4114
[2026-09-04 04:53:34] utils.py(229) : Diversity Loss: 9.5234, Constructive RL loss: 602.5568, Slack loss: 0.5848 (adds 60.25)
[2026-09-04 04:53:36] utils.py(229) : Rank 0 >> Epoch 1: Train (5%)
[2026-09-04 04:53:36] utils.py(229) : [Construction] Score: 26.4584,  Loss: 609.2550,  Infeasible_rate: [100.0000%, 100.0000%], out: 80.5311, out_nodes: 25, Feasible_dist: 0.0000
[2026-09-04 04:53:36] utils.py(229) : [Improvement] Score: 147.4986 [BSF: 146.1871],  Loss: 10.4154,  Infeasible_rate: [100.0000%, 100.0000%], out: 157.2441, out_nodes: 56, Feasible_dist: 0.0000, Entropy: 2.4152
[2026-09-04 04:53:36] utils.py(229) : Diversity Loss: 9.5181, Constructive RL loss: 609.3502, Slack loss: 0.5863 (adds 60.93)
[2026-09-04 04:53:38] utils.py(229) : Rank 0 >> Epoch 1: Train (5%)
[2026-09-04 04:53:38] utils.py(229) : [Construction] Score: 26.4728,  Loss: 610.3253,  Infeasible_rate: [100.0000%, 100.0000%], out: 80.0903, out_nodes: 25, Feasible_dist: 0.0000
[2026-09-04 04:53:38] utils.py(229) : [Improvement] Score: 147.1182 [BSF: 145.7650],  Loss: 10.4994,  Infeasible_rate: [100.0000%, 100.0000%], out: 157.9773, out_nodes: 56, Feasible_dist: 0.0000, Entropy: 2.4159
[2026-09-04 04:53:38] utils.py(229) : Diversity Loss: 9.5137, Constructive RL loss: 610.4204, Slack loss: 0.5872 (adds 61.03)
[2026-09-04 04:53:40] utils.py(229) : Rank 0 >> Epoch 1: Train (5%)
[2026-09-04 04:53:40] utils.py(229) : [Construction] Score: 26.4565,  Loss: 604.0866,  Infeasible_rate: [100.0000%, 100.0000%], out: 79.7301, out_nodes: 25, Feasible_dist: 0.0000
[2026-09-04 04:53:40] utils.py(229) : [Improvement] Score: 146.9126 [BSF: 145.4377],  Loss: 10.4578,  Infeasible_rate: [100.0000%, 100.0000%], out: 157.4283, out_nodes: 56, Feasible_dist: 0.0000, Entropy: 2.4112
[2026-09-04 04:53:40] utils.py(229) : Diversity Loss: 9.5126, Constructive RL loss: 604.1817, Slack loss: 0.5870 (adds 60.41)
[2026-09-04 04:53:42] utils.py(229) : Rank 0 >> Epoch 1: Train (5%)
[2026-09-04 04:53:42] utils.py(229) : [Construction] Score: 26.5014,  Loss: 601.8384,  Infeasible_rate: [100.0000%, 100.0000%], out: 79.7991, out_nodes: 25, Feasible_dist: 0.0000
[2026-09-04 04:53:42] utils.py(229) : [Improvement] Score: 146.6481 [BSF: 145.2204],  Loss: 10.7299,  Infeasible_rate: [100.0000%, 100.0000%], out: 156.8874, out_nodes: 56, Feasible_dist: 0.0000, Entropy: 2.4119
[2026-09-04 04:53:42] utils.py(229) : Diversity Loss: 9.5150, Constructive RL loss: 601.9336, Slack loss: 0.5871 (adds 60.18)
[2026-09-04 04:53:44] utils.py(229) : Rank 0 >> Epoch 1: Train (5%)
[2026-09-04 04:53:44] utils.py(229) : [Construction] Score: 26.4888,  Loss: 611.5422,  Infeasible_rate: [100.0000%, 100.0000%], out: 79.6956, out_nodes: 25, Feasible_dist: 0.0000
[2026-09-04 04:53:44] utils.py(229) : [Improvement] Score: 146.6336 [BSF: 145.2881],  Loss: 10.4761,  Infeasible_rate: [100.0000%, 100.0000%], out: 156.6629, out_nodes: 56, Feasible_dist: 0.0000, Entropy: 2.4120
[2026-09-04 04:53:44] utils.py(229) : Diversity Loss: 9.5167, Constructive RL loss: 611.6373, Slack loss: 0.5878 (adds 61.15)
[2026-09-04 04:53:47] utils.py(229) : Rank 0 >> Epoch 1: Train (10%)
[2026-09-04 04:53:47] utils.py(229) : [Construction] Score: 26.4992,  Loss: 614.7407,  Infeasible_rate: [100.0000%, 100.0000%], out: 79.4729, out_nodes: 25, Feasible_dist: 0.0000
[2026-09-04 04:53:47] utils.py(229) : [Improvement] Score: 146.7451 [BSF: 145.4101],  Loss: 10.3685,  Infeasible_rate: [100.0000%, 100.0000%], out: 156.0169, out_nodes: 56, Feasible_dist: 0.0000, Entropy: 2.4118
[2026-09-04 04:53:47] utils.py(229) : Diversity Loss: 9.5148, Constructive RL loss: 614.8359, Slack loss: 0.5878 (adds 61.47)
[2026-09-04 04:53:49] utils.py(229) : Rank 0 >> Epoch 1: Train (10%)
[2026-09-04 04:53:49] utils.py(229) : [Construction] Score: 26.4561,  Loss: 614.5493,  Infeasible_rate: [100.0000%, 100.0000%], out: 79.7703, out_nodes: 25, Feasible_dist: 0.0000
[2026-09-04 04:53:49] utils.py(229) : [Improvement] Score: 146.7724 [BSF: 145.4605],  Loss: 10.4798,  Infeasible_rate: [100.0000%, 100.0000%], out: 156.1120, out_nodes: 56, Feasible_dist: 0.0000, Entropy: 2.4139
[2026-09-04 04:53:49] utils.py(229) : Diversity Loss: 9.5167, Constructive RL loss: 614.6445, Slack loss: 0.5884 (adds 61.45)
[2026-09-04 04:53:51] utils.py(229) : Rank 0 >> Epoch 1: Train (10%)
[2026-09-04 04:53:51] utils.py(229) : [Construction] Score: 26.4816,  Loss: 621.2037,  Infeasible_rate: [100.0000%, 100.0000%], out: 79.4137, out_nodes: 25, Feasible_dist: 0.0000
[2026-09-04 04:53:51] utils.py(229) : [Improvement] Score: 146.2768 [BSF: 145.0121],  Loss: 10.2968,  Infeasible_rate: [100.0000%, 100.0000%], out: 155.3048, out_nodes: 56, Feasible_dist: 0.0000, Entropy: 2.4134
[2026-09-04 04:53:51] utils.py(229) : Diversity Loss: 9.5220, Constructive RL loss: 621.2989, Slack loss: 0.5878 (adds 62.12)
[2026-09-04 04:53:53] utils.py(229) : Rank 0 >> Epoch 1: Train (10%)
[2026-09-04 04:53:53] utils.py(229) : [Construction] Score: 26.4852,  Loss: 623.0716,  Infeasible_rate: [100.0000%, 100.0000%], out: 79.0018, out_nodes: 25, Feasible_dist: 0.0000
[2026-09-04 04:53:53] utils.py(229) : [Improvement] Score: 145.9987 [BSF: 144.7405],  Loss: 10.2951,  Infeasible_rate: [100.0000%, 100.0000%], out: 154.9176, out_nodes: 56, Feasible_dist: 0.0000, Entropy: 2.4156
[2026-09-04 04:53:53] utils.py(229) : Diversity Loss: 9.5202, Constructive RL loss: 623.1667, Slack loss: 0.5879 (adds 62.31)
[2026-09-04 04:53:55] utils.py(229) : Rank 0 >> Epoch 1: Train (10%)
[2026-09-04 04:53:55] utils.py(229) : [Construction] Score: 26.5182,  Loss: 628.7067,  Infeasible_rate: [100.0000%, 100.0000%], out: 79.0305, out_nodes: 25, Feasible_dist: 0.0000
[2026-09-04 04:53:55] utils.py(229) : [Improvement] Score: 146.2413 [BSF: 145.0331],  Loss: 10.3790,  Infeasible_rate: [100.0000%, 100.0000%], out: 155.1376, out_nodes: 56, Feasible_dist: 0.0000, Entropy: 2.4139
[2026-09-04 04:53:55] utils.py(229) : Diversity Loss: 9.5193, Constructive RL loss: 628.8019, Slack loss: 0.5878 (adds 62.87)
[2026-09-04 04:53:57] utils.py(229) : Rank 0 >> Epoch 1: Train (10%)
[2026-09-04 04:53:57] utils.py(229) : [Construction] Score: 26.5165,  Loss: 624.4507,  Infeasible_rate: [100.0000%, 100.0000%], out: 79.1982, out_nodes: 25, Feasible_dist: 0.0000
[2026-09-04 04:53:57] utils.py(229) : [Improvement] Score: 146.4081 [BSF: 145.2549],  Loss: 10.3134,  Infeasible_rate: [100.0000%, 100.0000%], out: 154.9879, out_nodes: 56, Feasible_dist: 0.0000, Entropy: 2.4153
[2026-09-04 04:53:57] utils.py(229) : Diversity Loss: 9.5203, Constructive RL loss: 624.5459, Slack loss: 0.5871 (adds 62.45)
[2026-09-04 04:53:59] utils.py(229) : Rank 0 >> Epoch 1: Train (10%)
[2026-09-04 04:53:59] utils.py(229) : [Construction] Score: 26.5289,  Loss: 626.6571,  Infeasible_rate: [100.0000%, 100.0000%], out: 79.2230, out_nodes: 25, Feasible_dist: 0.0000
[2026-09-04 04:53:59] utils.py(229) : [Improvement] Score: 146.0962 [BSF: 144.9724],  Loss: 10.1588,  Infeasible_rate: [100.0000%, 100.0000%], out: 154.1549, out_nodes: 55, Feasible_dist: 0.0000, Entropy: 2.4133
[2026-09-04 04:53:59] utils.py(229) : Diversity Loss: 9.5261, Constructive RL loss: 626.7523, Slack loss: 0.5868 (adds 62.67)
[2026-09-04 04:54:01] utils.py(229) : Rank 0 >> Epoch 1: Train (10%)
[2026-09-04 04:54:01] utils.py(229) : [Construction] Score: 26.5227,  Loss: 628.0355,  Infeasible_rate: [100.0000%, 100.0000%], out: 79.2678, out_nodes: 25, Feasible_dist: 0.0000
[2026-09-04 04:54:01] utils.py(229) : [Improvement] Score: 146.3890 [BSF: 145.2041],  Loss: 10.0089,  Infeasible_rate: [100.0000%, 100.0000%], out: 154.6818, out_nodes: 56, Feasible_dist: 0.0000, Entropy: 2.4125
[2026-09-04 04:54:01] utils.py(229) : Diversity Loss: 9.5222, Constructive RL loss: 628.1307, Slack loss: 0.5872 (adds 62.80)
[2026-09-04 04:54:03] utils.py(229) : Rank 0 >> Epoch 1: Train (15%)
[2026-09-04 04:54:03] utils.py(229) : [Construction] Score: 26.5509,  Loss: 622.8988,  Infeasible_rate: [100.0000%, 100.0000%], out: 79.0292, out_nodes: 25, Feasible_dist: 0.0000
[2026-09-04 04:54:03] utils.py(229) : [Improvement] Score: 146.2136 [BSF: 145.0419],  Loss: 10.0043,  Infeasible_rate: [100.0000%, 100.0000%], out: 154.0551, out_nodes: 55, Feasible_dist: 0.0000, Entropy: 2.4108
[2026-09-04 04:54:03] utils.py(229) : Diversity Loss: 9.5249, Constructive RL loss: 622.9940, Slack loss: 0.5865 (adds 62.29)
[2026-09-04 04:54:05] utils.py(229) : Rank 0 >> Epoch 1: Train (15%)
[2026-09-04 04:54:05] utils.py(229) : [Construction] Score: 26.5511,  Loss: 620.7898,  Infeasible_rate: [100.0000%, 100.0000%], out: 79.1742, out_nodes: 25, Feasible_dist: 0.0000
[2026-09-04 04:54:05] utils.py(229) : [Improvement] Score: 146.2024 [BSF: 145.0389],  Loss: 10.0654,  Infeasible_rate: [100.0000%, 100.0000%], out: 154.3145, out_nodes: 55, Feasible_dist: 0.0000, Entropy: 2.4117
[2026-09-04 04:54:05] utils.py(229) : Diversity Loss: 9.5221, Constructive RL loss: 620.8850, Slack loss: 0.5868 (adds 62.08)
[2026-09-04 04:54:07] utils.py(229) : Rank 0 >> Epoch 1: Train (15%)
[2026-09-04 04:54:07] utils.py(229) : [Construction] Score: 26.5429,  Loss: 618.3349,  Infeasible_rate: [100.0000%, 100.0000%], out: 79.5118, out_nodes: 25, Feasible_dist: 0.0000
[2026-09-04 04:54:07] utils.py(229) : [Improvement] Score: 146.3529 [BSF: 145.2087],  Loss: 10.2572,  Infeasible_rate: [100.0000%, 100.0000%], out: 154.4845, out_nodes: 56, Feasible_dist: 0.0000, Entropy: 2.4128
[2026-09-04 04:54:07] utils.py(229) : Diversity Loss: 9.5197, Constructive RL loss: 618.4300, Slack loss: 0.5873 (adds 61.83)
[2026-09-04 04:54:09] utils.py(229) : Rank 0 >> Epoch 1: Train (15%)
[2026-09-04 04:54:09] utils.py(229) : [Construction] Score: 26.5638,  Loss: 618.1758,  Infeasible_rate: [100.0000%, 100.0000%], out: 79.5537, out_nodes: 25, Feasible_dist: 0.0000
[2026-09-04 04:54:09] utils.py(229) : [Improvement] Score: 146.8853 [BSF: 145.6505],  Loss: 10.2917,  Infeasible_rate: [100.0000%, 100.0000%], out: 154.7811, out_nodes: 56, Feasible_dist: 0.0000, Entropy: 2.4107
[2026-09-04 04:54:09] utils.py(229) : Diversity Loss: 9.5209, Constructive RL loss: 618.2710, Slack loss: 0.5874 (adds 61.82)
[2026-09-04 04:54:11] utils.py(229) : Rank 0 >> Epoch 1: Train (15%)
[2026-09-04 04:54:11] utils.py(229) : [Construction] Score: 26.5767,  Loss: 620.8395,  Infeasible_rate: [100.0000%, 100.0000%], out: 79.5872, out_nodes: 25, Feasible_dist: 0.0000
[2026-09-04 04:54:11] utils.py(229) : [Improvement] Score: 147.1281 [BSF: 145.9349],  Loss: 10.2918,  Infeasible_rate: [100.0000%, 100.0000%], out: 154.7183, out_nodes: 56, Feasible_dist: 0.0000, Entropy: 2.4128
[2026-09-04 04:54:11] utils.py(229) : Diversity Loss: 9.5238, Constructive RL loss: 620.9347, Slack loss: 0.5870 (adds 62.08)
[2026-09-04 04:54:13] utils.py(229) : Rank 0 >> Epoch 1: Train (15%)
[2026-09-04 04:54:13] utils.py(229) : [Construction] Score: 26.5684,  Loss: 621.9856,  Infeasible_rate: [100.0000%, 100.0000%], out: 79.6747, out_nodes: 25, Feasible_dist: 0.0000
[2026-09-04 04:54:13] utils.py(229) : [Improvement] Score: 147.4291 [BSF: 146.2202],  Loss: 10.2694,  Infeasible_rate: [100.0000%, 100.0000%], out: 154.9795, out_nodes: 56, Feasible_dist: 0.0000, Entropy: 2.4141
[2026-09-04 04:54:13] utils.py(229) : Diversity Loss: 9.5223, Constructive RL loss: 622.0808, Slack loss: 0.5875 (adds 62.20)
[2026-09-04 04:54:15] utils.py(229) : Rank 0 >> Epoch 1: Train (15%)
[2026-09-04 04:54:15] utils.py(229) : [Construction] Score: 26.6112,  Loss: 620.9794,  Infeasible_rate: [100.0000%, 100.0000%], out: 79.1512, out_nodes: 25, Feasible_dist: 0.0000
[2026-09-04 04:54:15] utils.py(229) : [Improvement] Score: 146.7983 [BSF: 145.6284],  Loss: 10.1527,  Infeasible_rate: [100.0000%, 100.0000%], out: 154.0651, out_nodes: 55, Feasible_dist: 0.0000, Entropy: 2.4141
[2026-09-04 04:54:15] utils.py(229) : Diversity Loss: 9.5262, Constructive RL loss: 621.0746, Slack loss: 0.5864 (adds 62.10)
[2026-09-04 04:54:18] utils.py(229) : Rank 0 >> Epoch 1: Train (15%)
[2026-09-04 04:54:18] utils.py(229) : [Construction] Score: 26.6007,  Loss: 619.1441,  Infeasible_rate: [100.0000%, 100.0000%], out: 79.1474, out_nodes: 25, Feasible_dist: 0.0000
[2026-09-04 04:54:18] utils.py(229) : [Improvement] Score: 146.7804 [BSF: 145.6240],  Loss: 10.1321,  Infeasible_rate: [100.0000%, 100.0000%], out: 153.5435, out_nodes: 55, Feasible_dist: 0.0000, Entropy: 2.4139
[2026-09-04 04:54:18] utils.py(229) : Diversity Loss: 9.5251, Constructive RL loss: 619.2393, Slack loss: 0.5857 (adds 61.91)
[2026-09-04 04:54:20] utils.py(229) : Rank 0 >> Epoch 1: Train (20%)
[2026-09-04 04:54:20] utils.py(229) : [Construction] Score: 26.5782,  Loss: 615.5820,  Infeasible_rate: [100.0000%, 100.0000%], out: 78.6587, out_nodes: 25, Feasible_dist: 0.0000
[2026-09-04 04:54:20] utils.py(229) : [Improvement] Score: 146.2644 [BSF: 145.1389],  Loss: 10.0411,  Infeasible_rate: [100.0000%, 100.0000%], out: 152.6650, out_nodes: 55, Feasible_dist: 0.0000, Entropy: 2.4150
[2026-09-04 04:54:20] utils.py(229) : Diversity Loss: 9.5293, Constructive RL loss: 615.6773, Slack loss: 0.5848 (adds 61.56)
[2026-09-04 04:54:22] utils.py(229) : Rank 0 >> Epoch 1: Train (20%)
[2026-09-04 04:54:22] utils.py(229) : [Construction] Score: 26.5945,  Loss: 616.6402,  Infeasible_rate: [100.0000%, 100.0000%], out: 78.5212, out_nodes: 25, Feasible_dist: 0.0000
[2026-09-04 04:54:22] utils.py(229) : [Improvement] Score: 146.1378 [BSF: 144.9852],  Loss: 10.0695,  Infeasible_rate: [100.0000%, 100.0000%], out: 152.6429, out_nodes: 55, Feasible_dist: 0.0000, Entropy: 2.4150
[2026-09-04 04:54:22] utils.py(229) : Diversity Loss: 9.5305, Constructive RL loss: 616.7355, Slack loss: 0.5847 (adds 61.66)
[2026-09-04 04:54:24] utils.py(229) : Rank 0 >> Epoch 1: Train (20%)
[2026-09-04 04:54:24] utils.py(229) : [Construction] Score: 26.6243,  Loss: 620.1888,  Infeasible_rate: [100.0000%, 100.0000%], out: 78.2041, out_nodes: 25, Feasible_dist: 0.0000
[2026-09-04 04:54:24] utils.py(229) : [Improvement] Score: 145.9974 [BSF: 144.8127],  Loss: 10.0321,  Infeasible_rate: [100.0000%, 100.0000%], out: 152.8489, out_nodes: 55, Feasible_dist: 0.0000, Entropy: 2.4165
[2026-09-04 04:54:24] utils.py(229) : Diversity Loss: 9.5282, Constructive RL loss: 620.2841, Slack loss: 0.5849 (adds 62.02)
[2026-09-04 04:54:26] utils.py(229) : Rank 0 >> Epoch 1: Train (20%)
[2026-09-04 04:54:26] utils.py(229) : [Construction] Score: 26.6295,  Loss: 619.7039,  Infeasible_rate: [100.0000%, 100.0000%], out: 78.2384, out_nodes: 25, Feasible_dist: 0.0000
[2026-09-04 04:54:26] utils.py(229) : [Improvement] Score: 145.9762 [BSF: 144.8244],  Loss: 10.0300,  Infeasible_rate: [100.0000%, 100.0000%], out: 152.9375, out_nodes: 55, Feasible_dist: 0.0000, Entropy: 2.4160
[2026-09-04 04:54:26] utils.py(229) : Diversity Loss: 9.5264, Constructive RL loss: 619.7991, Slack loss: 0.5853 (adds 61.97)
[2026-09-04 04:54:28] utils.py(229) : Rank 0 >> Epoch 1: Train (20%)
[2026-09-04 04:54:28] utils.py(229) : [Construction] Score: 26.6161,  Loss: 617.6252,  Infeasible_rate: [100.0000%, 100.0000%], out: 78.3559, out_nodes: 25, Feasible_dist: 0.0000
[2026-09-04 04:54:28] utils.py(229) : [Improvement] Score: 146.2270 [BSF: 145.0864],  Loss: 10.0214,  Infeasible_rate: [100.0000%, 100.0000%], out: 153.1608, out_nodes: 55, Feasible_dist: 0.0000, Entropy: 2.4169
[2026-09-04 04:54:28] utils.py(229) : Diversity Loss: 9.5257, Constructive RL loss: 617.7205, Slack loss: 0.5854 (adds 61.76)
[2026-09-04 04:54:30] utils.py(229) : Rank 0 >> Epoch 1: Train (20%)
[2026-09-04 04:54:30] utils.py(229) : [Construction] Score: 26.6159,  Loss: 618.3127,  Infeasible_rate: [100.0000%, 100.0000%], out: 78.3826, out_nodes: 25, Feasible_dist: 0.0000
[2026-09-04 04:54:30] utils.py(229) : [Improvement] Score: 146.1710 [BSF: 144.9745],  Loss: 10.0235,  Infeasible_rate: [100.0000%, 100.0000%], out: 153.1504, out_nodes: 55, Feasible_dist: 0.0000, Entropy: 2.4185
[2026-09-04 04:54:30] utils.py(229) : Diversity Loss: 9.5248, Constructive RL loss: 618.4080, Slack loss: 0.5852 (adds 61.83)
[2026-09-04 04:54:32] utils.py(229) : Rank 0 >> Epoch 1: Train (20%)
[2026-09-04 04:54:32] utils.py(229) : [Construction] Score: 26.6080,  Loss: 618.1091,  Infeasible_rate: [100.0000%, 100.0000%], out: 78.3678, out_nodes: 25, Feasible_dist: 0.0000
[2026-09-04 04:54:32] utils.py(229) : [Improvement] Score: 146.4932 [BSF: 145.2336],  Loss: 9.9574,  Infeasible_rate: [100.0000%, 100.0000%], out: 153.4131, out_nodes: 55, Feasible_dist: 0.0000, Entropy: 2.4192
[2026-09-04 04:54:32] utils.py(229) : Diversity Loss: 9.5221, Constructive RL loss: 618.2043, Slack loss: 0.5856 (adds 61.81)
[2026-09-04 04:54:35] utils.py(229) : Rank 0 >> Epoch 1: Train (20%)
[2026-09-04 04:54:35] utils.py(229) : [Construction] Score: 26.6068,  Loss: 616.9927,  Infeasible_rate: [100.0000%, 100.0000%], out: 78.4669, out_nodes: 25, Feasible_dist: 0.0000
[2026-09-04 04:54:35] utils.py(229) : [Improvement] Score: 146.4077 [BSF: 145.1796],  Loss: 9.8901,  Infeasible_rate: [100.0000%, 100.0000%], out: 153.6901, out_nodes: 55, Feasible_dist: 0.0000, Entropy: 2.4195
[2026-09-04 04:54:35] utils.py(229) : Diversity Loss: 9.5202, Constructive RL loss: 617.0879, Slack loss: 0.5856 (adds 61.70)
[2026-09-04 04:54:37] utils.py(229) : Rank 0 >> Epoch 1: Train (25%)
[2026-09-04 04:54:37] utils.py(229) : [Construction] Score: 26.6091,  Loss: 615.8678,  Infeasible_rate: [100.0000%, 100.0000%], out: 78.5802, out_nodes: 25, Feasible_dist: 0.0000
[2026-09-04 04:54:37] utils.py(229) : [Improvement] Score: 146.3920 [BSF: 145.1938],  Loss: 9.9370,  Infeasible_rate: [100.0000%, 100.0000%], out: 154.0624, out_nodes: 55, Feasible_dist: 0.0000, Entropy: 2.4202
[2026-09-04 04:54:37] utils.py(229) : Diversity Loss: 9.5196, Constructive RL loss: 615.9629, Slack loss: 0.5856 (adds 61.59)
[2026-09-04 04:54:39] utils.py(229) : Rank 0 >> Epoch 1: Train (25%)
[2026-09-04 04:54:39] utils.py(229) : [Construction] Score: 26.5951,  Loss: 618.4581,  Infeasible_rate: [100.0000%, 100.0000%], out: 78.6019, out_nodes: 25, Feasible_dist: 0.0000
[2026-09-04 04:54:39] utils.py(229) : [Improvement] Score: 146.4084 [BSF: 145.2388],  Loss: 9.9374,  Infeasible_rate: [100.0000%, 100.0000%], out: 154.0595, out_nodes: 55, Feasible_dist: 0.0000, Entropy: 2.4211
[2026-09-04 04:54:39] utils.py(229) : Diversity Loss: 9.5188, Constructive RL loss: 618.5533, Slack loss: 0.5856 (adds 61.85)
[2026-09-04 04:54:41] utils.py(229) : Rank 0 >> Epoch 1: Train (25%)
[2026-09-04 04:54:41] utils.py(229) : [Construction] Score: 26.5914,  Loss: 617.5141,  Infeasible_rate: [100.0000%, 100.0000%], out: 78.8497, out_nodes: 25, Feasible_dist: 0.0000
[2026-09-04 04:54:41] utils.py(229) : [Improvement] Score: 147.1207 [BSF: 145.9286],  Loss: 9.9064,  Infeasible_rate: [100.0000%, 100.0000%], out: 154.6095, out_nodes: 56, Feasible_dist: 0.0000, Entropy: 2.4201
[2026-09-04 04:54:41] utils.py(229) : Diversity Loss: 9.5174, Constructive RL loss: 617.6093, Slack loss: 0.5861 (adds 61.75)
[2026-09-04 04:54:43] utils.py(229) : Rank 0 >> Epoch 1: Train (25%)
[2026-09-04 04:54:43] utils.py(229) : [Construction] Score: 26.5975,  Loss: 617.7934,  Infeasible_rate: [100.0000%, 100.0000%], out: 79.1055, out_nodes: 25, Feasible_dist: 0.0000
[2026-09-04 04:54:43] utils.py(229) : [Improvement] Score: 147.4787 [BSF: 146.3136],  Loss: 9.9814,  Infeasible_rate: [100.0000%, 100.0000%], out: 154.8896, out_nodes: 56, Feasible_dist: 0.0000, Entropy: 2.4205
[2026-09-04 04:54:43] utils.py(229) : Diversity Loss: 9.5160, Constructive RL loss: 617.8885, Slack loss: 0.5863 (adds 61.78)
[2026-09-04 04:54:45] utils.py(229) : Rank 0 >> Epoch 1: Train (25%)
[2026-09-04 04:54:45] utils.py(229) : [Construction] Score: 26.6122,  Loss: 616.4894,  Infeasible_rate: [100.0000%, 100.0000%], out: 78.9237, out_nodes: 25, Feasible_dist: 0.0000
[2026-09-04 04:54:45] utils.py(229) : [Improvement] Score: 147.1726 [BSF: 146.0335],  Loss: 9.9699,  Infeasible_rate: [100.0000%, 100.0000%], out: 154.5170, out_nodes: 56, Feasible_dist: 0.0000, Entropy: 2.4208
[2026-09-04 04:54:45] utils.py(229) : Diversity Loss: 9.5160, Constructive RL loss: 616.5846, Slack loss: 0.5863 (adds 61.65)
[2026-09-04 04:54:47] utils.py(229) : Rank 0 >> Epoch 1: Train (25%)
[2026-09-04 04:54:47] utils.py(229) : [Construction] Score: 26.6250,  Loss: 615.4908,  Infeasible_rate: [100.0000%, 100.0000%], out: 78.9495, out_nodes: 25, Feasible_dist: 0.0000
[2026-09-04 04:54:47] utils.py(229) : [Improvement] Score: 147.1162 [BSF: 145.9600],  Loss: 9.9592,  Infeasible_rate: [100.0000%, 100.0000%], out: 154.3713, out_nodes: 56, Feasible_dist: 0.0000, Entropy: 2.4206
[2026-09-04 04:54:47] utils.py(229) : Diversity Loss: 9.5182, Constructive RL loss: 615.5860, Slack loss: 0.5862 (adds 61.55)
[2026-09-04 04:54:49] utils.py(229) : Rank 0 >> Epoch 1: Train (25%)
[2026-09-04 04:54:49] utils.py(229) : [Construction] Score: 26.6062,  Loss: 615.4617,  Infeasible_rate: [100.0000%, 100.0000%], out: 78.8759, out_nodes: 25, Feasible_dist: 0.0000
[2026-09-04 04:54:49] utils.py(229) : [Improvement] Score: 147.2423 [BSF: 146.0703],  Loss: 9.9496,  Infeasible_rate: [100.0000%, 100.0000%], out: 154.4192, out_nodes: 56, Feasible_dist: 0.0000, Entropy: 2.4205
[2026-09-04 04:54:49] utils.py(229) : Diversity Loss: 9.5178, Constructive RL loss: 615.5569, Slack loss: 0.5865 (adds 61.55)
[2026-09-04 04:54:51] utils.py(229) : Rank 0 >> Epoch 1: Train (25%)
[2026-09-04 04:54:51] utils.py(229) : [Construction] Score: 26.5974,  Loss: 616.4105,  Infeasible_rate: [100.0000%, 100.0000%], out: 78.7019, out_nodes: 25, Feasible_dist: 0.0000
[2026-09-04 04:54:51] utils.py(229) : [Improvement] Score: 146.9634 [BSF: 145.7643],  Loss: 9.9446,  Infeasible_rate: [100.0000%, 100.0000%], out: 153.8707, out_nodes: 55, Feasible_dist: 0.0000, Entropy: 2.4195
[2026-09-04 04:54:51] utils.py(229) : Diversity Loss: 9.5192, Constructive RL loss: 616.5057, Slack loss: 0.5864 (adds 61.64)
[2026-09-04 04:54:53] utils.py(229) : Rank 0 >> Epoch 1: Train (30%)
[2026-09-04 04:54:53] utils.py(229) : [Construction] Score: 26.5781,  Loss: 617.4892,  Infeasible_rate: [100.0000%, 100.0000%], out: 78.5886, out_nodes: 25, Feasible_dist: 0.0000
[2026-09-04 04:54:53] utils.py(229) : [Improvement] Score: 146.7486 [BSF: 145.5519],  Loss: 9.8765,  Infeasible_rate: [100.0000%, 100.0000%], out: 153.7916, out_nodes: 55, Feasible_dist: 0.0000, Entropy: 2.4196
[2026-09-04 04:54:53] utils.py(229) : Diversity Loss: 9.5197, Constructive RL loss: 617.5843, Slack loss: 0.5865 (adds 61.75)
[2026-09-04 04:54:55] utils.py(229) : Rank 0 >> Epoch 1: Train (30%)
[2026-09-04 04:54:55] utils.py(229) : [Construction] Score: 26.5778,  Loss: 616.2318,  Infeasible_rate: [100.0000%, 100.0000%], out: 78.5347, out_nodes: 25, Feasible_dist: 0.0000
[2026-09-04 04:54:55] utils.py(229) : [Improvement] Score: 146.6366 [BSF: 145.4422],  Loss: 9.8101,  Infeasible_rate: [100.0000%, 100.0000%], out: 153.4805, out_nodes: 55, Feasible_dist: 0.0000, Entropy: 2.4197
[2026-09-04 04:54:55] utils.py(229) : Diversity Loss: 9.5204, Constructive RL loss: 616.3270, Slack loss: 0.5862 (adds 61.62)
[2026-09-04 04:54:57] utils.py(229) : Rank 0 >> Epoch 1: Train (30%)
[2026-09-04 04:54:57] utils.py(229) : [Construction] Score: 26.5840,  Loss: 616.1160,  Infeasible_rate: [100.0000%, 100.0000%], out: 78.4945, out_nodes: 25, Feasible_dist: 0.0000
[2026-09-04 04:54:57] utils.py(229) : [Improvement] Score: 146.5189 [BSF: 145.3308],  Loss: 9.8639,  Infeasible_rate: [100.0000%, 100.0000%], out: 153.5289, out_nodes: 55, Feasible_dist: 0.0000, Entropy: 2.4217
[2026-09-04 04:54:57] utils.py(229) : Diversity Loss: 9.5209, Constructive RL loss: 616.2112, Slack loss: 0.5864 (adds 61.61)
[2026-09-04 04:55:00] utils.py(229) : Rank 0 >> Epoch 1: Train (30%)
[2026-09-04 04:55:00] utils.py(229) : [Construction] Score: 26.6020,  Loss: 617.8083,  Infeasible_rate: [100.0000%, 100.0000%], out: 78.2322, out_nodes: 25, Feasible_dist: 0.0000
[2026-09-04 04:55:00] utils.py(229) : [Improvement] Score: 146.4894 [BSF: 145.2820],  Loss: 9.8804,  Infeasible_rate: [100.0000%, 100.0000%], out: 153.3357, out_nodes: 55, Feasible_dist: 0.0000, Entropy: 2.4229
[2026-09-04 04:55:00] utils.py(229) : Diversity Loss: 9.5216, Constructive RL loss: 617.9034, Slack loss: 0.5864 (adds 61.78)
[2026-09-04 04:55:02] utils.py(229) : Rank 0 >> Epoch 1: Train (30%)
[2026-09-04 04:55:02] utils.py(229) : [Construction] Score: 26.6033,  Loss: 618.4298,  Infeasible_rate: [100.0000%, 100.0000%], out: 78.1339, out_nodes: 25, Feasible_dist: 0.0000
[2026-09-04 04:55:02] utils.py(229) : [Improvement] Score: 146.2470 [BSF: 145.0621],  Loss: 9.8269,  Infeasible_rate: [100.0000%, 100.0000%], out: 153.1792, out_nodes: 55, Feasible_dist: 0.0000, Entropy: 2.4216
[2026-09-04 04:55:02] utils.py(229) : Diversity Loss: 9.5230, Constructive RL loss: 618.5250, Slack loss: 0.5862 (adds 61.84)
[2026-09-04 04:55:04] utils.py(229) : Rank 0 >> Epoch 1: Train (30%)
[2026-09-04 04:55:04] utils.py(229) : [Construction] Score: 26.5822,  Loss: 617.3253,  Infeasible_rate: [100.0000%, 100.0000%], out: 77.7773, out_nodes: 25, Feasible_dist: 0.0000
[2026-09-04 04:55:04] utils.py(229) : [Improvement] Score: 145.8338 [BSF: 144.6707],  Loss: 9.7780,  Infeasible_rate: [100.0000%, 100.0000%], out: 152.7847, out_nodes: 55, Feasible_dist: 0.0000, Entropy: 2.4231
[2026-09-04 04:55:04] utils.py(229) : Diversity Loss: 9.5235, Constructive RL loss: 617.4205, Slack loss: 0.5860 (adds 61.73)
[2026-09-04 04:55:06] utils.py(229) : Rank 0 >> Epoch 1: Train (30%)
[2026-09-04 04:55:06] utils.py(229) : [Construction] Score: 26.5810,  Loss: 615.9022,  Infeasible_rate: [100.0000%, 100.0000%], out: 77.9531, out_nodes: 25, Feasible_dist: 0.0000
[2026-09-04 04:55:06] utils.py(229) : [Improvement] Score: 145.8825 [BSF: 144.7221],  Loss: 9.8290,  Infeasible_rate: [100.0000%, 100.0000%], out: 152.9583, out_nodes: 55, Feasible_dist: 0.0000, Entropy: 2.4226
[2026-09-04 04:55:06] utils.py(229) : Diversity Loss: 9.5228, Constructive RL loss: 615.9974, Slack loss: 0.5862 (adds 61.59)
[2026-09-04 04:55:08] utils.py(229) : Rank 0 >> Epoch 1: Train (30%)
[2026-09-04 04:55:08] utils.py(229) : [Construction] Score: 26.5874,  Loss: 613.6304,  Infeasible_rate: [100.0000%, 100.0000%], out: 78.0806, out_nodes: 25, Feasible_dist: 0.0000
[2026-09-04 04:55:08] utils.py(229) : [Improvement] Score: 145.9876 [BSF: 144.7801],  Loss: 9.8606,  Infeasible_rate: [100.0000%, 100.0000%], out: 152.8485, out_nodes: 55, Feasible_dist: 0.0000, Entropy: 2.4229
[2026-09-04 04:55:08] utils.py(229) : Diversity Loss: 9.5217, Constructive RL loss: 613.7256, Slack loss: 0.5864 (adds 61.36)
[2026-09-04 04:55:10] utils.py(229) : Rank 0 >> Epoch 1: Train (35%)
[2026-09-04 04:55:10] utils.py(229) : [Construction] Score: 26.5802,  Loss: 613.1553,  Infeasible_rate: [100.0000%, 100.0000%], out: 77.8789, out_nodes: 25, Feasible_dist: 0.0000
[2026-09-04 04:55:10] utils.py(229) : [Improvement] Score: 145.8155 [BSF: 144.5971],  Loss: 9.8875,  Infeasible_rate: [100.0000%, 100.0000%], out: 152.6704, out_nodes: 55, Feasible_dist: 0.0000, Entropy: 2.4238
[2026-09-04 04:55:10] utils.py(229) : Diversity Loss: 9.5222, Constructive RL loss: 613.2505, Slack loss: 0.5861 (adds 61.32)
[2026-09-04 04:55:12] utils.py(229) : Rank 0 >> Epoch 1: Train (35%)
[2026-09-04 04:55:12] utils.py(229) : [Construction] Score: 26.5704,  Loss: 614.1691,  Infeasible_rate: [100.0000%, 100.0000%], out: 77.7831, out_nodes: 24, Feasible_dist: 0.0000
[2026-09-04 04:55:12] utils.py(229) : [Improvement] Score: 145.6886 [BSF: 144.4664],  Loss: 9.9096,  Infeasible_rate: [100.0000%, 100.0000%], out: 152.5766, out_nodes: 55, Feasible_dist: 0.0000, Entropy: 2.4236
[2026-09-04 04:55:12] utils.py(229) : Diversity Loss: 9.5228, Constructive RL loss: 614.2643, Slack loss: 0.5861 (adds 61.42)
[2026-09-04 04:55:14] utils.py(229) : Rank 0 >> Epoch 1: Train (35%)
[2026-09-04 04:55:14] utils.py(229) : [Construction] Score: 26.5782,  Loss: 613.5418,  Infeasible_rate: [100.0000%, 100.0000%], out: 77.7237, out_nodes: 24, Feasible_dist: 0.0000
[2026-09-04 04:55:14] utils.py(229) : [Improvement] Score: 145.7076 [BSF: 144.4700],  Loss: 9.9108,  Infeasible_rate: [100.0000%, 100.0000%], out: 152.6779, out_nodes: 55, Feasible_dist: 0.0000, Entropy: 2.4238
[2026-09-04 04:55:14] utils.py(229) : Diversity Loss: 9.5243, Constructive RL loss: 613.6370, Slack loss: 0.5859 (adds 61.35)
[2026-09-04 04:55:16] utils.py(229) : Rank 0 >> Epoch 1: Train (35%)
[2026-09-04 04:55:16] utils.py(229) : [Construction] Score: 26.5649,  Loss: 614.8193,  Infeasible_rate: [100.0000%, 100.0000%], out: 77.4904, out_nodes: 24, Feasible_dist: 0.0000
[2026-09-04 04:55:16] utils.py(229) : [Improvement] Score: 145.5030 [BSF: 144.2421],  Loss: 9.8809,  Infeasible_rate: [100.0000%, 100.0000%], out: 152.4033, out_nodes: 55, Feasible_dist: 0.0000, Entropy: 2.4230
[2026-09-04 04:55:16] utils.py(229) : Diversity Loss: 9.5253, Constructive RL loss: 614.9145, Slack loss: 0.5859 (adds 61.48)
[2026-09-04 04:55:19] utils.py(229) : Rank 0 >> Epoch 1: Train (35%)
[2026-09-04 04:55:19] utils.py(229) : [Construction] Score: 26.5582,  Loss: 614.5252,  Infeasible_rate: [100.0000%, 100.0000%], out: 77.4462, out_nodes: 24, Feasible_dist: 0.0000
[2026-09-04 04:55:19] utils.py(229) : [Improvement] Score: 145.4293 [BSF: 144.1604],  Loss: 9.8455,  Infeasible_rate: [100.0000%, 100.0000%], out: 152.3939, out_nodes: 55, Feasible_dist: 0.0000, Entropy: 2.4235
[2026-09-04 04:55:19] utils.py(229) : Diversity Loss: 9.5244, Constructive RL loss: 614.6204, Slack loss: 0.5860 (adds 61.45)
[2026-09-04 04:55:21] utils.py(229) : Rank 0 >> Epoch 1: Train (35%)
[2026-09-04 04:55:21] utils.py(229) : [Construction] Score: 26.5417,  Loss: 618.0371,  Infeasible_rate: [100.0000%, 100.0000%], out: 77.4537, out_nodes: 24, Feasible_dist: 0.0000
[2026-09-04 04:55:21] utils.py(229) : [Improvement] Score: 145.4204 [BSF: 144.1719],  Loss: 9.8369,  Infeasible_rate: [100.0000%, 100.0000%], out: 152.3917, out_nodes: 55, Feasible_dist: 0.0000, Entropy: 2.4233
[2026-09-04 04:55:21] utils.py(229) : Diversity Loss: 9.5239, Constructive RL loss: 618.1323, Slack loss: 0.5861 (adds 61.80)
[2026-09-04 04:55:23] utils.py(229) : Rank 0 >> Epoch 1: Train (35%)
[2026-09-04 04:55:23] utils.py(229) : [Construction] Score: 26.5483,  Loss: 615.4590,  Infeasible_rate: [100.0000%, 100.0000%], out: 77.2432, out_nodes: 24, Feasible_dist: 0.0000
[2026-09-04 04:55:23] utils.py(229) : [Improvement] Score: 145.2687 [BSF: 144.0124],  Loss: 9.8703,  Infeasible_rate: [100.0000%, 100.0000%], out: 152.2294, out_nodes: 55, Feasible_dist: 0.0000, Entropy: 2.4229
[2026-09-04 04:55:23] utils.py(229) : Diversity Loss: 9.5241, Constructive RL loss: 615.5542, Slack loss: 0.5860 (adds 61.55)
[2026-09-04 04:55:25] utils.py(229) : Rank 0 >> Epoch 1: Train (35%)
[2026-09-04 04:55:25] utils.py(229) : [Construction] Score: 26.5415,  Loss: 615.3405,  Infeasible_rate: [100.0000%, 100.0000%], out: 77.1011, out_nodes: 24, Feasible_dist: 0.0000
[2026-09-04 04:55:25] utils.py(229) : [Improvement] Score: 145.4019 [BSF: 144.1015],  Loss: 9.8368,  Infeasible_rate: [100.0000%, 100.0000%], out: 152.3612, out_nodes: 55, Feasible_dist: 0.0000, Entropy: 2.4225
[2026-09-04 04:55:25] utils.py(229) : Diversity Loss: 9.5242, Constructive RL loss: 615.4357, Slack loss: 0.5860 (adds 61.53)
[2026-09-04 04:55:27] utils.py(229) : Rank 0 >> Epoch 1: Train (40%)
[2026-09-04 04:55:27] utils.py(229) : [Construction] Score: 26.5486,  Loss: 613.9260,  Infeasible_rate: [100.0000%, 100.0000%], out: 77.2130, out_nodes: 25, Feasible_dist: 0.0000
[2026-09-04 04:55:27] utils.py(229) : [Improvement] Score: 145.5515 [BSF: 144.2321],  Loss: 9.8792,  Infeasible_rate: [100.0000%, 100.0000%], out: 152.7489, out_nodes: 55, Feasible_dist: 0.0000, Entropy: 2.4223
[2026-09-04 04:55:27] utils.py(229) : Diversity Loss: 9.5233, Constructive RL loss: 614.0212, Slack loss: 0.5862 (adds 61.39)
[2026-09-04 04:55:29] utils.py(229) : Rank 0 >> Epoch 1: Train (40%)
[2026-09-04 04:55:29] utils.py(229) : [Construction] Score: 26.5436,  Loss: 615.4087,  Infeasible_rate: [100.0000%, 100.0000%], out: 77.3301, out_nodes: 25, Feasible_dist: 0.0000
[2026-09-04 04:55:29] utils.py(229) : [Improvement] Score: 145.7575 [BSF: 144.4532],  Loss: 9.8999,  Infeasible_rate: [100.0000%, 100.0000%], out: 152.9520, out_nodes: 55, Feasible_dist: 0.0000, Entropy: 2.4224
[2026-09-04 04:55:29] utils.py(229) : Diversity Loss: 9.5228, Constructive RL loss: 615.5039, Slack loss: 0.5864 (adds 61.54)
[2026-09-04 04:55:31] utils.py(229) : Rank 0 >> Epoch 1: Train (40%)
[2026-09-04 04:55:31] utils.py(229) : [Construction] Score: 26.5447,  Loss: 616.8549,  Infeasible_rate: [100.0000%, 100.0000%], out: 77.1860, out_nodes: 24, Feasible_dist: 0.0000
[2026-09-04 04:55:31] utils.py(229) : [Improvement] Score: 145.4924 [BSF: 144.2068],  Loss: 9.9019,  Infeasible_rate: [100.0000%, 100.0000%], out: 152.8146, out_nodes: 55, Feasible_dist: 0.0000, Entropy: 2.4222
[2026-09-04 04:55:31] utils.py(229) : Diversity Loss: 9.5242, Constructive RL loss: 616.9501, Slack loss: 0.5863 (adds 61.69)
[2026-09-04 04:55:33] utils.py(229) : Rank 0 >> Epoch 1: Train (40%)
[2026-09-04 04:55:33] utils.py(229) : [Construction] Score: 26.5517,  Loss: 613.7175,  Infeasible_rate: [100.0000%, 100.0000%], out: 77.0352, out_nodes: 24, Feasible_dist: 0.0000
[2026-09-04 04:55:33] utils.py(229) : [Improvement] Score: 145.5003 [BSF: 144.1609],  Loss: 9.9048,  Infeasible_rate: [100.0000%, 100.0000%], out: 152.6545, out_nodes: 55, Feasible_dist: 0.0000, Entropy: 2.4215
[2026-09-04 04:55:33] utils.py(229) : Diversity Loss: 9.5255, Constructive RL loss: 613.8127, Slack loss: 0.5860 (adds 61.37)
[2026-09-04 04:55:35] utils.py(229) : Rank 0 >> Epoch 1: Train (40%)
[2026-09-04 04:55:35] utils.py(229) : [Construction] Score: 26.5489,  Loss: 616.4882,  Infeasible_rate: [100.0000%, 100.0000%], out: 77.0395, out_nodes: 24, Feasible_dist: 0.0000
[2026-09-04 04:55:35] utils.py(229) : [Improvement] Score: 145.5121 [BSF: 144.1811],  Loss: 9.9740,  Infeasible_rate: [100.0000%, 100.0000%], out: 152.8441, out_nodes: 55, Feasible_dist: 0.0000, Entropy: 2.4218
[2026-09-04 04:55:35] utils.py(229) : Diversity Loss: 9.5248, Constructive RL loss: 616.5834, Slack loss: 0.5861 (adds 61.65)
[2026-09-04 04:55:38] utils.py(229) : Rank 0 >> Epoch 1: Train (40%)
[2026-09-04 04:55:38] utils.py(229) : [Construction] Score: 26.5588,  Loss: 615.0901,  Infeasible_rate: [100.0000%, 100.0000%], out: 76.9306, out_nodes: 24, Feasible_dist: 0.0000
[2026-09-04 04:55:38] utils.py(229) : [Improvement] Score: 145.4619 [BSF: 144.1395],  Loss: 9.9464,  Infeasible_rate: [100.0000%, 100.0000%], out: 152.6553, out_nodes: 55, Feasible_dist: 0.0000, Entropy: 2.4221
[2026-09-04 04:55:38] utils.py(229) : Diversity Loss: 9.5243, Constructive RL loss: 615.1853, Slack loss: 0.5859 (adds 61.51)
[2026-09-04 04:55:40] utils.py(229) : Rank 0 >> Epoch 1: Train (40%)
[2026-09-04 04:55:40] utils.py(229) : [Construction] Score: 26.5373,  Loss: 615.4489,  Infeasible_rate: [100.0000%, 100.0000%], out: 76.9962, out_nodes: 24, Feasible_dist: 0.0000
[2026-09-04 04:55:40] utils.py(229) : [Improvement] Score: 145.5077 [BSF: 144.2040],  Loss: 9.9294,  Infeasible_rate: [100.0000%, 100.0000%], out: 152.6152, out_nodes: 55, Feasible_dist: 0.0000, Entropy: 2.4219
[2026-09-04 04:55:40] utils.py(229) : Diversity Loss: 9.5253, Constructive RL loss: 615.5441, Slack loss: 0.5859 (adds 61.54)
[2026-09-04 04:55:42] utils.py(229) : Rank 0 >> Epoch 1: Train (40%)
[2026-09-04 04:55:42] utils.py(229) : [Construction] Score: 26.5541,  Loss: 614.9262,  Infeasible_rate: [100.0000%, 100.0000%], out: 77.0537, out_nodes: 24, Feasible_dist: 0.0000
[2026-09-04 04:55:42] utils.py(229) : [Improvement] Score: 145.6434 [BSF: 144.3441],  Loss: 9.8928,  Infeasible_rate: [100.0000%, 100.0000%], out: 152.7074, out_nodes: 55, Feasible_dist: 0.0000, Entropy: 2.4214
[2026-09-04 04:55:42] utils.py(229) : Diversity Loss: 9.5252, Constructive RL loss: 615.0214, Slack loss: 0.5857 (adds 61.49)
[2026-09-04 04:55:44] utils.py(229) : Rank 0 >> Epoch 1: Train (45%)
[2026-09-04 04:55:44] utils.py(229) : [Construction] Score: 26.5722,  Loss: 607.7410,  Infeasible_rate: [100.0000%, 100.0000%], out: 76.3999, out_nodes: 24, Feasible_dist: 0.0000
[2026-09-04 04:55:44] utils.py(229) : [Improvement] Score: 144.7245 [BSF: 143.4356],  Loss: 9.7763,  Infeasible_rate: [100.0000%, 100.0000%], out: 151.1223, out_nodes: 55, Feasible_dist: 0.0000, Entropy: 2.4245
[2026-09-04 04:55:44] utils.py(229) : Diversity Loss: 9.5357, Constructive RL loss: 607.8363, Slack loss: 0.5831 (adds 60.77)
[2026-09-04 04:55:46] utils.py(229) : Rank 0 >> Epoch 1: Train (45%)
[2026-09-04 04:55:46] utils.py(229) : [Construction] Score: 26.6121,  Loss: 602.1989,  Infeasible_rate: [100.0000%, 100.0000%], out: 75.7748, out_nodes: 24, Feasible_dist: 0.0000
[2026-09-04 04:55:46] utils.py(229) : [Improvement] Score: 143.9265 [BSF: 142.6527],  Loss: 9.6756,  Infeasible_rate: [100.0000%, 100.0000%], out: 149.6334, out_nodes: 55, Feasible_dist: 0.0000, Entropy: 2.4281
[2026-09-04 04:55:46] utils.py(229) : Diversity Loss: 9.5466, Constructive RL loss: 602.2943, Slack loss: 0.5807 (adds 60.22)
[2026-09-04 04:55:49] utils.py(229) : Rank 0 >> Epoch 1: Train (45%)
[2026-09-04 04:55:49] utils.py(229) : [Construction] Score: 26.6405,  Loss: 595.6274,  Infeasible_rate: [100.0000%, 100.0000%], out: 75.1127, out_nodes: 24, Feasible_dist: 0.0000
[2026-09-04 04:55:49] utils.py(229) : [Improvement] Score: 143.0939 [BSF: 141.8371],  Loss: 9.5754,  Infeasible_rate: [100.0000%, 100.0000%], out: 148.1250, out_nodes: 54, Feasible_dist: 0.0000, Entropy: 2.4324
[2026-09-04 04:55:49] utils.py(229) : Diversity Loss: 9.5572, Constructive RL loss: 595.7229, Slack loss: 0.5783 (adds 59.56)
[2026-09-04 04:55:51] utils.py(229) : Rank 0 >> Epoch 1: Train (45%)
[2026-09-04 04:55:51] utils.py(229) : [Construction] Score: 26.6723,  Loss: 589.8677,  Infeasible_rate: [100.0000%, 100.0000%], out: 74.5659, out_nodes: 24, Feasible_dist: 0.0000
[2026-09-04 04:55:51] utils.py(229) : [Improvement] Score: 142.3139 [BSF: 141.0706],  Loss: 9.4715,  Infeasible_rate: [100.0000%, 100.0000%], out: 146.7385, out_nodes: 54, Feasible_dist: 0.0000, Entropy: 2.4359
[2026-09-04 04:55:51] utils.py(229) : Diversity Loss: 9.5668, Constructive RL loss: 589.9633, Slack loss: 0.5760 (adds 58.99)
[2026-09-04 04:55:53] utils.py(229) : Rank 0 >> Epoch 1: Train (45%)
[2026-09-04 04:55:53] utils.py(229) : [Construction] Score: 26.7050,  Loss: 583.5066,  Infeasible_rate: [100.0000%, 100.0000%], out: 73.9622, out_nodes: 24, Feasible_dist: 0.0000
[2026-09-04 04:55:53] utils.py(229) : [Improvement] Score: 141.5099 [BSF: 140.2827],  Loss: 9.3608,  Infeasible_rate: [100.0000%, 100.0000%], out: 145.3794, out_nodes: 54, Feasible_dist: 0.0000, Entropy: 2.4394
[2026-09-04 04:55:53] utils.py(229) : Diversity Loss: 9.5760, Constructive RL loss: 583.6024, Slack loss: 0.5738 (adds 58.35)
[2026-09-04 04:55:56] utils.py(229) : Rank 0 >> Epoch 1: Train (45%)
[2026-09-04 04:55:56] utils.py(229) : [Construction] Score: 26.7358,  Loss: 577.6030,  Infeasible_rate: [100.0000%, 100.0000%], out: 73.4194, out_nodes: 24, Feasible_dist: 0.0000
[2026-09-04 04:55:56] utils.py(229) : [Improvement] Score: 140.7587 [BSF: 139.5450],  Loss: 9.2474,  Infeasible_rate: [100.0000%, 100.0000%], out: 144.0767, out_nodes: 53, Feasible_dist: 0.0000, Entropy: 2.4425
[2026-09-04 04:55:56] utils.py(229) : Diversity Loss: 9.5851, Constructive RL loss: 577.6989, Slack loss: 0.5717 (adds 57.76)
[2026-09-04 04:55:58] utils.py(229) : Rank 0 >> Epoch 1: Train (45%)
[2026-09-04 04:55:58] utils.py(229) : [Construction] Score: 26.7634,  Loss: 572.6283,  Infeasible_rate: [100.0000%, 100.0000%], out: 72.7949, out_nodes: 24, Feasible_dist: 0.0000
[2026-09-04 04:55:58] utils.py(229) : [Improvement] Score: 139.9159 [BSF: 138.6895],  Loss: 9.1350,  Infeasible_rate: [100.0000%, 100.0000%], out: 142.6935, out_nodes: 53, Feasible_dist: 0.0000, Entropy: 2.4455
[2026-09-04 04:55:58] utils.py(229) : Diversity Loss: 9.5969, Constructive RL loss: 572.7242, Slack loss: 0.5695 (adds 57.26)
[2026-09-04 04:56:00] utils.py(229) : Rank 0 >> Epoch 1: Train (45%)
[2026-09-04 04:56:00] utils.py(229) : [Construction] Score: 26.8016,  Loss: 567.0419,  Infeasible_rate: [100.0000%, 100.0000%], out: 72.1876, out_nodes: 24, Feasible_dist: 0.0000
[2026-09-04 04:56:00] utils.py(229) : [Improvement] Score: 139.1383 [BSF: 137.9232],  Loss: 9.0306,  Infeasible_rate: [100.0000%, 100.0000%], out: 141.3838, out_nodes: 53, Feasible_dist: 0.0000, Entropy: 2.4487
[2026-09-04 04:56:00] utils.py(229) : Diversity Loss: 9.6067, Constructive RL loss: 567.1379, Slack loss: 0.5673 (adds 56.70)
[2026-09-04 04:56:03] utils.py(229) : Rank 0 >> Epoch 1: Train (50%)
[2026-09-04 04:56:03] utils.py(229) : [Construction] Score: 26.8619,  Loss: 559.3508,  Infeasible_rate: [100.0000%, 100.0000%], out: 71.4135, out_nodes: 23, Feasible_dist: 0.0000
[2026-09-04 04:56:03] utils.py(229) : [Improvement] Score: 138.1975 [BSF: 136.9961],  Loss: 8.9173,  Infeasible_rate: [100.0000%, 100.0000%], out: 139.8164, out_nodes: 52, Feasible_dist: 0.0000, Entropy: 2.4533
[2026-09-04 04:56:03] utils.py(229) : Diversity Loss: 9.6261, Constructive RL loss: 559.4470, Slack loss: 0.5638 (adds 56.07)
[2026-09-04 04:56:05] utils.py(229) : Rank 0 >> Epoch 1: Train (50%)
[2026-09-04 04:56:05] utils.py(229) : [Construction] Score: 26.9266,  Loss: 552.4261,  Infeasible_rate: [100.0000%, 100.0000%], out: 70.6740, out_nodes: 23, Feasible_dist: 0.0000
[2026-09-04 04:56:05] utils.py(229) : [Improvement] Score: 137.2843 [BSF: 136.0976],  Loss: 8.8099,  Infeasible_rate: [100.0000%, 100.0000%], out: 138.3187, out_nodes: 52, Feasible_dist: 0.0000, Entropy: 2.4577
[2026-09-04 04:56:05] utils.py(229) : Diversity Loss: 9.6444, Constructive RL loss: 552.5225, Slack loss: 0.5602 (adds 55.40)
[2026-09-04 04:56:08] utils.py(229) : Rank 0 >> Epoch 1: Train (50%)
[2026-09-04 04:56:08] utils.py(229) : [Construction] Score: 27.0011,  Loss: 545.4669,  Infeasible_rate: [100.0000%, 100.0000%], out: 69.9077, out_nodes: 23, Feasible_dist: 0.0000
[2026-09-04 04:56:08] utils.py(229) : [Improvement] Score: 136.3910 [BSF: 135.2160],  Loss: 8.7037,  Infeasible_rate: [100.0000%, 100.0000%], out: 136.7957, out_nodes: 52, Feasible_dist: 0.0000, Entropy: 2.4623
[2026-09-04 04:56:08] utils.py(229) : Diversity Loss: 9.6639, Constructive RL loss: 545.5636, Slack loss: 0.5567 (adds 54.76)
[2026-09-04 04:56:10] utils.py(229) : Rank 0 >> Epoch 1: Train (50%)
[2026-09-04 04:56:10] utils.py(229) : [Construction] Score: 27.0673,  Loss: 538.4144,  Infeasible_rate: [100.0000%, 100.0000%], out: 69.2080, out_nodes: 23, Feasible_dist: 0.0000
[2026-09-04 04:56:10] utils.py(229) : [Improvement] Score: 135.5508 [BSF: 134.3891],  Loss: 8.5993,  Infeasible_rate: [100.0000%, 100.0000%], out: 135.3622, out_nodes: 51, Feasible_dist: 0.0000, Entropy: 2.4660
[2026-09-04 04:56:10] utils.py(229) : Diversity Loss: 9.6802, Constructive RL loss: 538.5112, Slack loss: 0.5535 (adds 54.17)
[2026-09-04 04:56:13] utils.py(229) : Rank 0 >> Epoch 1: Train (50%)
[2026-09-04 04:56:13] utils.py(229) : [Construction] Score: 27.1227,  Loss: 531.8232,  Infeasible_rate: [100.0000%, 100.0000%], out: 68.4851, out_nodes: 23, Feasible_dist: 0.0000
[2026-09-04 04:56:13] utils.py(229) : [Improvement] Score: 134.6663 [BSF: 133.5099],  Loss: 8.5029,  Infeasible_rate: [100.0000%, 100.0000%], out: 133.9229, out_nodes: 51, Feasible_dist: 0.0000, Entropy: 2.4690
[2026-09-04 04:56:13] utils.py(229) : Diversity Loss: 9.6971, Constructive RL loss: 531.9201, Slack loss: 0.5504 (adds 53.55)
[2026-09-04 04:56:15] utils.py(229) : Rank 0 >> Epoch 1: Train (50%)
[2026-09-04 04:56:15] utils.py(229) : [Construction] Score: 27.1834,  Loss: 525.6039,  Infeasible_rate: [100.0000%, 100.0000%], out: 67.7841, out_nodes: 23, Feasible_dist: 0.0000
[2026-09-04 04:56:15] utils.py(229) : [Improvement] Score: 133.8446 [BSF: 132.6928],  Loss: 8.4046,  Infeasible_rate: [100.0000%, 100.0000%], out: 132.5191, out_nodes: 51, Feasible_dist: 0.0000, Entropy: 2.4728
[2026-09-04 04:56:15] utils.py(229) : Diversity Loss: 9.7149, Constructive RL loss: 525.7010, Slack loss: 0.5472 (adds 52.94)
[2026-09-04 04:56:18] utils.py(229) : Rank 0 >> Epoch 1: Train (50%)
[2026-09-04 04:56:18] utils.py(229) : [Construction] Score: 27.2500,  Loss: 519.2082,  Infeasible_rate: [100.0000%, 100.0000%], out: 67.1260, out_nodes: 22, Feasible_dist: 0.0000
[2026-09-04 04:56:18] utils.py(229) : [Improvement] Score: 133.0568 [BSF: 131.9166],  Loss: 8.3056,  Infeasible_rate: [100.0000%, 100.0000%], out: 131.1699, out_nodes: 50, Feasible_dist: 0.0000, Entropy: 2.4763
[2026-09-04 04:56:18] utils.py(229) : Diversity Loss: 9.7313, Constructive RL loss: 519.3055, Slack loss: 0.5442 (adds 52.36)
[2026-09-04 04:56:20] utils.py(229) : Rank 0 >> Epoch 1: Train (50%)
[2026-09-04 04:56:20] utils.py(229) : [Construction] Score: 27.3063,  Loss: 512.9992,  Infeasible_rate: [100.0000%, 100.0000%], out: 66.4586, out_nodes: 22, Feasible_dist: 0.0000
[2026-09-04 04:56:20] utils.py(229) : [Improvement] Score: 132.2428 [BSF: 131.1122],  Loss: 8.2135,  Infeasible_rate: [100.0000%, 100.0000%], out: 129.8224, out_nodes: 50, Feasible_dist: 0.0000, Entropy: 2.4807
[2026-09-04 04:56:20] utils.py(229) : Diversity Loss: 9.7465, Constructive RL loss: 513.0967, Slack loss: 0.5412 (adds 51.80)
[2026-09-04 04:56:23] utils.py(229) : Rank 0 >> Epoch 1: Train (55%)
[2026-09-04 04:56:23] utils.py(229) : [Construction] Score: 27.3997,  Loss: 507.0643,  Infeasible_rate: [100.0000%, 100.0000%], out: 65.7563, out_nodes: 22, Feasible_dist: 0.0000
[2026-09-04 04:56:23] utils.py(229) : [Improvement] Score: 131.4091 [BSF: 130.2877],  Loss: 8.1196,  Infeasible_rate: [100.0000%, 100.0000%], out: 128.4387, out_nodes: 50, Feasible_dist: 0.0000, Entropy: 2.4845
[2026-09-04 04:56:23] utils.py(229) : Diversity Loss: 9.7651, Constructive RL loss: 507.1619, Slack loss: 0.5377 (adds 51.23)
[2026-09-04 04:56:26] utils.py(229) : Rank 0 >> Epoch 1: Train (55%)
[2026-09-04 04:56:26] utils.py(229) : [Construction] Score: 27.5112,  Loss: 501.1935,  Infeasible_rate: [100.0000%, 100.0000%], out: 65.0592, out_nodes: 22, Feasible_dist: 0.0000
[2026-09-04 04:56:26] utils.py(229) : [Improvement] Score: 130.6106 [BSF: 129.4991],  Loss: 8.0303,  Infeasible_rate: [100.0000%, 100.0000%], out: 127.0824, out_nodes: 49, Feasible_dist: 0.0000, Entropy: 2.4883
[2026-09-04 04:56:26] utils.py(229) : Diversity Loss: 9.7838, Constructive RL loss: 501.2914, Slack loss: 0.5342 (adds 50.69)
[2026-09-04 04:56:28] utils.py(229) : Rank 0 >> Epoch 1: Train (55%)
[2026-09-04 04:56:28] utils.py(229) : [Construction] Score: 27.6023,  Loss: 495.3575,  Infeasible_rate: [100.0000%, 100.0000%], out: 64.3870, out_nodes: 22, Feasible_dist: 0.0000
[2026-09-04 04:56:28] utils.py(229) : [Improvement] Score: 129.8337 [BSF: 128.7306],  Loss: 7.9434,  Infeasible_rate: [100.0000%, 100.0000%], out: 125.7656, out_nodes: 49, Feasible_dist: 0.0000, Entropy: 2.4915
[2026-09-04 04:56:28] utils.py(229) : Diversity Loss: 9.8025, Constructive RL loss: 495.4555, Slack loss: 0.5309 (adds 50.16)
[2026-09-04 04:56:31] utils.py(229) : Rank 0 >> Epoch 1: Train (55%)
[2026-09-04 04:56:31] utils.py(229) : [Construction] Score: 27.6859,  Loss: 489.5223,  Infeasible_rate: [100.0000%, 100.0000%], out: 63.7279, out_nodes: 21, Feasible_dist: 0.0000
[2026-09-04 04:56:31] utils.py(229) : [Improvement] Score: 129.0519 [BSF: 127.9579],  Loss: 7.8574,  Infeasible_rate: [100.0000%, 100.0000%], out: 124.4856, out_nodes: 48, Feasible_dist: 0.0000, Entropy: 2.4942
[2026-09-04 04:56:31] utils.py(229) : Diversity Loss: 9.8213, Constructive RL loss: 489.6205, Slack loss: 0.5275 (adds 49.66)
[2026-09-04 04:56:33] utils.py(229) : Rank 0 >> Epoch 1: Train (55%)
[2026-09-04 04:56:33] utils.py(229) : [Construction] Score: 27.7523,  Loss: 483.9239,  Infeasible_rate: [100.0000%, 100.0000%], out: 63.0783, out_nodes: 21, Feasible_dist: 0.0000
[2026-09-04 04:56:33] utils.py(229) : [Improvement] Score: 128.2670 [BSF: 127.1847],  Loss: 7.7738,  Infeasible_rate: [100.0000%, 100.0000%], out: 123.2205, out_nodes: 48, Feasible_dist: 0.0000, Entropy: 2.4973
[2026-09-04 04:56:33] utils.py(229) : Diversity Loss: 9.8391, Constructive RL loss: 484.0223, Slack loss: 0.5242 (adds 49.16)
[2026-09-04 04:56:36] utils.py(229) : Rank 0 >> Epoch 1: Train (55%)
[2026-09-04 04:56:36] utils.py(229) : [Construction] Score: 27.8443,  Loss: 478.4009,  Infeasible_rate: [100.0000%, 100.0000%], out: 62.4458, out_nodes: 21, Feasible_dist: 0.0000
[2026-09-04 04:56:36] utils.py(229) : [Improvement] Score: 127.5388 [BSF: 126.4662],  Loss: 7.6933,  Infeasible_rate: [100.0000%, 100.0000%], out: 121.9879, out_nodes: 48, Feasible_dist: 0.0000, Entropy: 2.5011
[2026-09-04 04:56:36] utils.py(229) : Diversity Loss: 9.8582, Constructive RL loss: 478.4994, Slack loss: 0.5211 (adds 48.68)
[2026-09-04 04:56:39] utils.py(229) : Rank 0 >> Epoch 1: Train (55%)
[2026-09-04 04:56:39] utils.py(229) : [Construction] Score: 27.9338,  Loss: 473.0472,  Infeasible_rate: [100.0000%, 100.0000%], out: 61.8152, out_nodes: 21, Feasible_dist: 0.0000
[2026-09-04 04:56:39] utils.py(229) : [Improvement] Score: 126.8293 [BSF: 125.7623],  Loss: 7.6119,  Infeasible_rate: [100.0000%, 100.0000%], out: 120.7745, out_nodes: 47, Feasible_dist: 0.0000, Entropy: 2.5045
[2026-09-04 04:56:39] utils.py(229) : Diversity Loss: 9.8763, Constructive RL loss: 473.1460, Slack loss: 0.5180 (adds 48.20)
[2026-09-04 04:56:42] utils.py(229) : Rank 0 >> Epoch 1: Train (55%)
[2026-09-04 04:56:42] utils.py(229) : [Construction] Score: 28.0181,  Loss: 467.7062,  Infeasible_rate: [100.0000%, 100.0000%], out: 61.2205, out_nodes: 21, Feasible_dist: 0.0000
[2026-09-04 04:56:42] utils.py(229) : [Improvement] Score: 126.1406 [BSF: 125.0810],  Loss: 7.5311,  Infeasible_rate: [100.0000%, 100.0000%], out: 119.5956, out_nodes: 47, Feasible_dist: 0.0000, Entropy: 2.5073
[2026-09-04 04:56:42] utils.py(229) : Diversity Loss: 9.8926, Constructive RL loss: 467.8051, Slack loss: 0.5149 (adds 47.74)
[2026-09-04 04:56:44] utils.py(229) : Rank 0 >> Epoch 1: Train (60%)
[2026-09-04 04:56:44] utils.py(229) : [Construction] Score: 28.1085,  Loss: 462.6751,  Infeasible_rate: [100.0000%, 100.0000%], out: 60.6097, out_nodes: 21, Feasible_dist: 0.0000
[2026-09-04 04:56:44] utils.py(229) : [Improvement] Score: 125.4201 [BSF: 124.3712],  Loss: 7.4526,  Infeasible_rate: [100.0000%, 100.0000%], out: 118.4132, out_nodes: 47, Feasible_dist: 0.0000, Entropy: 2.5102
[2026-09-04 04:56:44] utils.py(229) : Diversity Loss: 9.9107, Constructive RL loss: 462.7742, Slack loss: 0.5116 (adds 47.27)
[2026-09-04 04:56:47] utils.py(229) : Rank 0 >> Epoch 1: Train (60%)
[2026-09-04 04:56:47] utils.py(229) : [Construction] Score: 28.1983,  Loss: 457.7125,  Infeasible_rate: [100.0000%, 100.0000%], out: 60.0094, out_nodes: 20, Feasible_dist: 0.0000
[2026-09-04 04:56:47] utils.py(229) : [Improvement] Score: 124.7026 [BSF: 123.6597],  Loss: 7.3762,  Infeasible_rate: [100.0000%, 100.0000%], out: 117.2472, out_nodes: 46, Feasible_dist: 0.0000, Entropy: 2.5133
[2026-09-04 04:56:47] utils.py(229) : Diversity Loss: 9.9283, Constructive RL loss: 457.8118, Slack loss: 0.5085 (adds 46.81)
[2026-09-04 04:56:50] utils.py(229) : Rank 0 >> Epoch 1: Train (60%)
[2026-09-04 04:56:50] utils.py(229) : [Construction] Score: 28.3165,  Loss: 452.9486,  Infeasible_rate: [100.0000%, 100.0000%], out: 59.4241, out_nodes: 20, Feasible_dist: 0.0000
[2026-09-04 04:56:50] utils.py(229) : [Improvement] Score: 124.0359 [BSF: 123.0011],  Loss: 7.3014,  Infeasible_rate: [100.0000%, 100.0000%], out: 116.1082, out_nodes: 46, Feasible_dist: 0.0000, Entropy: 2.5167
[2026-09-04 04:56:50] utils.py(229) : Diversity Loss: 9.9435, Constructive RL loss: 453.0480, Slack loss: 0.5054 (adds 46.35)
[2026-09-04 04:56:52] utils.py(229) : Rank 0 >> Epoch 1: Train (60%)
[2026-09-04 04:56:52] utils.py(229) : [Construction] Score: 28.4205,  Loss: 448.2562,  Infeasible_rate: [100.0000%, 100.0000%], out: 58.8427, out_nodes: 20, Feasible_dist: 0.0000
[2026-09-04 04:56:52] utils.py(229) : [Improvement] Score: 123.3663 [BSF: 122.3357],  Loss: 7.2294,  Infeasible_rate: [100.0000%, 100.0000%], out: 114.9874, out_nodes: 46, Feasible_dist: 0.0000, Entropy: 2.5200
[2026-09-04 04:56:52] utils.py(229) : Diversity Loss: 9.9592, Constructive RL loss: 448.3558, Slack loss: 0.5023 (adds 45.90)
[2026-09-04 04:56:55] utils.py(229) : Rank 0 >> Epoch 1: Train (60%)
[2026-09-04 04:56:55] utils.py(229) : [Construction] Score: 28.5087,  Loss: 443.6248,  Infeasible_rate: [100.0000%, 100.0000%], out: 58.2773, out_nodes: 20, Feasible_dist: 0.0000
[2026-09-04 04:56:55] utils.py(229) : [Improvement] Score: 122.7049 [BSF: 121.6785],  Loss: 7.1573,  Infeasible_rate: [100.0000%, 100.0000%], out: 113.8938, out_nodes: 45, Feasible_dist: 0.0000, Entropy: 2.5235
[2026-09-04 04:56:55] utils.py(229) : Diversity Loss: 9.9752, Constructive RL loss: 443.7245, Slack loss: 0.4993 (adds 45.47)
[2026-09-04 04:56:58] utils.py(229) : Rank 0 >> Epoch 1: Train (60%)
[2026-09-04 04:56:58] utils.py(229) : [Construction] Score: 28.5802,  Loss: 438.9818,  Infeasible_rate: [100.0000%, 100.0000%], out: 57.7236, out_nodes: 20, Feasible_dist: 0.0000
[2026-09-04 04:56:58] utils.py(229) : [Improvement] Score: 122.0328 [BSF: 121.0111],  Loss: 7.0862,  Infeasible_rate: [100.0000%, 100.0000%], out: 112.8222, out_nodes: 45, Feasible_dist: 0.0000, Entropy: 2.5268
[2026-09-04 04:56:58] utils.py(229) : Diversity Loss: 9.9929, Constructive RL loss: 439.0817, Slack loss: 0.4964 (adds 45.05)
[2026-09-04 04:57:00] utils.py(229) : Rank 0 >> Epoch 1: Train (60%)
[2026-09-04 04:57:00] utils.py(229) : [Construction] Score: 28.6833,  Loss: 434.5760,  Infeasible_rate: [100.0000%, 100.0000%], out: 57.1804, out_nodes: 20, Feasible_dist: 0.0000
[2026-09-04 04:57:00] utils.py(229) : [Improvement] Score: 121.4148 [BSF: 120.3998],  Loss: 7.0167,  Infeasible_rate: [100.0000%, 100.0000%], out: 111.7695, out_nodes: 45, Feasible_dist: 0.0000, Entropy: 2.5296
[2026-09-04 04:57:00] utils.py(229) : Diversity Loss: 10.0078, Constructive RL loss: 434.6761, Slack loss: 0.4935 (adds 44.63)
[2026-09-04 04:57:03] utils.py(229) : Rank 0 >> Epoch 1: Train (60%)
[2026-09-04 04:57:03] utils.py(229) : [Construction] Score: 28.7644,  Loss: 430.2200,  Infeasible_rate: [100.0000%, 100.0000%], out: 56.6494, out_nodes: 19, Feasible_dist: 0.0000
[2026-09-04 04:57:03] utils.py(229) : [Improvement] Score: 120.7801 [BSF: 119.7716],  Loss: 6.9499,  Infeasible_rate: [100.0000%, 100.0000%], out: 110.7387, out_nodes: 44, Feasible_dist: 0.0000, Entropy: 2.5325
[2026-09-04 04:57:03] utils.py(229) : Diversity Loss: 10.0211, Constructive RL loss: 430.3202, Slack loss: 0.4907 (adds 44.22)
[2026-09-04 04:57:06] utils.py(229) : Rank 0 >> Epoch 1: Train (65%)
[2026-09-04 04:57:06] utils.py(229) : [Construction] Score: 28.8533,  Loss: 425.9908,  Infeasible_rate: [100.0000%, 100.0000%], out: 56.1186, out_nodes: 19, Feasible_dist: 0.0000
[2026-09-04 04:57:06] utils.py(229) : [Improvement] Score: 120.1429 [BSF: 119.1440],  Loss: 6.8830,  Infeasible_rate: [100.0000%, 100.0000%], out: 109.7164, out_nodes: 44, Feasible_dist: 0.0000, Entropy: 2.5354
[2026-09-04 04:57:06] utils.py(229) : Diversity Loss: 10.0361, Constructive RL loss: 426.0911, Slack loss: 0.4878 (adds 43.81)
[2026-09-04 04:57:09] utils.py(229) : Rank 0 >> Epoch 1: Train (65%)
[2026-09-04 04:57:09] utils.py(229) : [Construction] Score: 28.9506,  Loss: 421.8863,  Infeasible_rate: [100.0000%, 100.0000%], out: 55.5969, out_nodes: 19, Feasible_dist: 0.0000
[2026-09-04 04:57:09] utils.py(229) : [Improvement] Score: 119.5307 [BSF: 118.5409],  Loss: 6.8186,  Infeasible_rate: [100.0000%, 100.0000%], out: 108.7132, out_nodes: 44, Feasible_dist: 0.0000, Entropy: 2.5386
[2026-09-04 04:57:09] utils.py(229) : Diversity Loss: 10.0512, Constructive RL loss: 421.9868, Slack loss: 0.4849 (adds 43.40)
[2026-09-04 04:57:11] utils.py(229) : Rank 0 >> Epoch 1: Train (65%)
[2026-09-04 04:57:11] utils.py(229) : [Construction] Score: 29.0552,  Loss: 417.8168,  Infeasible_rate: [100.0000%, 100.0000%], out: 55.0881, out_nodes: 19, Feasible_dist: 0.0000
[2026-09-04 04:57:11] utils.py(229) : [Improvement] Score: 118.9440 [BSF: 117.9620],  Loss: 6.7556,  Infeasible_rate: [100.0000%, 100.0000%], out: 107.7295, out_nodes: 44, Feasible_dist: 0.0000, Entropy: 2.5414
[2026-09-04 04:57:11] utils.py(229) : Diversity Loss: 10.0659, Constructive RL loss: 417.9175, Slack loss: 0.4820 (adds 43.01)
[2026-09-04 04:57:14] utils.py(229) : Rank 0 >> Epoch 1: Train (65%)
[2026-09-04 04:57:14] utils.py(229) : [Construction] Score: 29.1590,  Loss: 413.8198,  Infeasible_rate: [100.0000%, 100.0000%], out: 54.5842, out_nodes: 19, Feasible_dist: 0.0000
[2026-09-04 04:57:14] utils.py(229) : [Improvement] Score: 118.3638 [BSF: 117.3839],  Loss: 6.6932,  Infeasible_rate: [100.0000%, 100.0000%], out: 106.7633, out_nodes: 43, Feasible_dist: 0.0000, Entropy: 2.5440
[2026-09-04 04:57:14] utils.py(229) : Diversity Loss: 10.0812, Constructive RL loss: 413.9206, Slack loss: 0.4793 (adds 42.62)
[2026-09-04 04:57:17] utils.py(229) : Rank 0 >> Epoch 1: Train (65%)
[2026-09-04 04:57:17] utils.py(229) : [Construction] Score: 29.2234,  Loss: 409.9252,  Infeasible_rate: [100.0000%, 100.0000%], out: 54.0905, out_nodes: 19, Feasible_dist: 0.0000
[2026-09-04 04:57:17] utils.py(229) : [Improvement] Score: 117.7563 [BSF: 116.7803],  Loss: 6.6319,  Infeasible_rate: [100.0000%, 100.0000%], out: 105.8151, out_nodes: 43, Feasible_dist: 0.0000, Entropy: 2.5472
[2026-09-04 04:57:17] utils.py(229) : Diversity Loss: 10.0979, Constructive RL loss: 410.0262, Slack loss: 0.4766 (adds 42.24)
[2026-09-04 04:57:20] utils.py(229) : Rank 0 >> Epoch 1: Train (65%)
[2026-09-04 04:57:20] utils.py(229) : [Construction] Score: 29.2990,  Loss: 406.1056,  Infeasible_rate: [100.0000%, 100.0000%], out: 53.6066, out_nodes: 18, Feasible_dist: 0.0000
[2026-09-04 04:57:20] utils.py(229) : [Improvement] Score: 117.1730 [BSF: 116.1997],  Loss: 6.5724,  Infeasible_rate: [100.0000%, 100.0000%], out: 104.8841, out_nodes: 43, Feasible_dist: 0.0000, Entropy: 2.5499
[2026-09-04 04:57:20] utils.py(229) : Diversity Loss: 10.1141, Constructive RL loss: 406.2067, Slack loss: 0.4738 (adds 41.87)
[2026-09-04 04:57:23] utils.py(229) : Rank 0 >> Epoch 1: Train (65%)
[2026-09-04 04:57:23] utils.py(229) : [Construction] Score: 29.4086,  Loss: 402.3435,  Infeasible_rate: [100.0000%, 100.0000%], out: 53.1294, out_nodes: 18, Feasible_dist: 0.0000
[2026-09-04 04:57:23] utils.py(229) : [Improvement] Score: 116.6396 [BSF: 115.6718],  Loss: 6.5124,  Infeasible_rate: [100.0000%, 100.0000%], out: 103.9688, out_nodes: 42, Feasible_dist: 0.0000, Entropy: 2.5531
[2026-09-04 04:57:23] utils.py(229) : Diversity Loss: 10.1258, Constructive RL loss: 402.4447, Slack loss: 0.4712 (adds 41.50)
[2026-09-04 04:57:25] utils.py(229) : Rank 0 >> Epoch 1: Train (65%)
[2026-09-04 04:57:25] utils.py(229) : [Construction] Score: 29.5002,  Loss: 398.6476,  Infeasible_rate: [100.0000%, 100.0000%], out: 52.6617, out_nodes: 18, Feasible_dist: 0.0000
[2026-09-04 04:57:25] utils.py(229) : [Improvement] Score: 116.1067 [BSF: 115.1467],  Loss: 6.4540,  Infeasible_rate: [100.0000%, 100.0000%], out: 103.0687, out_nodes: 42, Feasible_dist: 0.0000, Entropy: 2.5563
[2026-09-04 04:57:25] utils.py(229) : Diversity Loss: 10.1383, Constructive RL loss: 398.7490, Slack loss: 0.4686 (adds 41.14)
[2026-09-04 04:57:28] utils.py(229) : Rank 0 >> Epoch 1: Train (70%)
[2026-09-04 04:57:28] utils.py(229) : [Construction] Score: 29.6028,  Loss: 395.0446,  Infeasible_rate: [100.0000%, 100.0000%], out: 52.1984, out_nodes: 18, Feasible_dist: 0.0000
[2026-09-04 04:57:28] utils.py(229) : [Improvement] Score: 115.5675 [BSF: 114.6136],  Loss: 6.3964,  Infeasible_rate: [100.0000%, 100.0000%], out: 102.1811, out_nodes: 42, Feasible_dist: 0.0000, Entropy: 2.5595
[2026-09-04 04:57:28] utils.py(229) : Diversity Loss: 10.1505, Constructive RL loss: 395.1461, Slack loss: 0.4660 (adds 40.78)
[2026-09-04 04:57:31] utils.py(229) : Rank 0 >> Epoch 1: Train (70%)
[2026-09-04 04:57:31] utils.py(229) : [Construction] Score: 29.6911,  Loss: 391.5279,  Infeasible_rate: [100.0000%, 100.0000%], out: 51.7443, out_nodes: 18, Feasible_dist: 0.0000
[2026-09-04 04:57:31] utils.py(229) : [Improvement] Score: 115.0348 [BSF: 114.0852],  Loss: 6.3401,  Infeasible_rate: [100.0000%, 100.0000%], out: 101.3131, out_nodes: 42, Feasible_dist: 0.0000, Entropy: 2.5620
[2026-09-04 04:57:31] utils.py(229) : Diversity Loss: 10.1612, Constructive RL loss: 391.6295, Slack loss: 0.4634 (adds 40.43)
[2026-09-04 04:57:34] utils.py(229) : Rank 0 >> Epoch 1: Train (70%)
[2026-09-04 04:57:34] utils.py(229) : [Construction] Score: 29.7874,  Loss: 388.0577,  Infeasible_rate: [100.0000%, 100.0000%], out: 51.2988, out_nodes: 18, Feasible_dist: 0.0000
[2026-09-04 04:57:34] utils.py(229) : [Improvement] Score: 114.5188 [BSF: 113.5746],  Loss: 6.2847,  Infeasible_rate: [100.0000%, 100.0000%], out: 100.4572, out_nodes: 41, Feasible_dist: 0.0000, Entropy: 2.5650
[2026-09-04 04:57:34] utils.py(229) : Diversity Loss: 10.1729, Constructive RL loss: 388.1594, Slack loss: 0.4608 (adds 40.09)
[2026-09-04 04:57:36] utils.py(229) : Rank 0 >> Epoch 1: Train (70%)
[2026-09-04 04:57:36] utils.py(229) : [Construction] Score: 29.8739,  Loss: 384.5980,  Infeasible_rate: [100.0000%, 100.0000%], out: 50.8603, out_nodes: 18, Feasible_dist: 0.0000
[2026-09-04 04:57:36] utils.py(229) : [Improvement] Score: 114.0043 [BSF: 113.0662],  Loss: 6.2310,  Infeasible_rate: [100.0000%, 100.0000%], out: 99.6165, out_nodes: 41, Feasible_dist: 0.0000, Entropy: 2.5675
[2026-09-04 04:57:36] utils.py(229) : Diversity Loss: 10.1868, Constructive RL loss: 384.6999, Slack loss: 0.4582 (adds 39.75)
[2026-09-04 04:57:39] utils.py(229) : Rank 0 >> Epoch 1: Train (70%)
[2026-09-04 04:57:39] utils.py(229) : [Construction] Score: 29.9671,  Loss: 381.1697,  Infeasible_rate: [100.0000%, 100.0000%], out: 50.4296, out_nodes: 17, Feasible_dist: 0.0000
[2026-09-04 04:57:39] utils.py(229) : [Improvement] Score: 113.5028 [BSF: 112.5709],  Loss: 6.1781,  Infeasible_rate: [100.0000%, 100.0000%], out: 98.7901, out_nodes: 41, Feasible_dist: 0.0000, Entropy: 2.5699
[2026-09-04 04:57:39] utils.py(229) : Diversity Loss: 10.2021, Constructive RL loss: 381.2718, Slack loss: 0.4557 (adds 39.43)
[2026-09-04 04:57:42] utils.py(229) : Rank 0 >> Epoch 1: Train (70%)
[2026-09-04 04:57:42] utils.py(229) : [Construction] Score: 30.0854,  Loss: 377.8559,  Infeasible_rate: [100.0000%, 100.0000%], out: 50.0057, out_nodes: 17, Feasible_dist: 0.0000
[2026-09-04 04:57:42] utils.py(229) : [Improvement] Score: 113.0544 [BSF: 112.1271],  Loss: 6.1254,  Infeasible_rate: [100.0000%, 100.0000%], out: 97.9764, out_nodes: 41, Feasible_dist: 0.0000, Entropy: 2.5724
[2026-09-04 04:57:42] utils.py(229) : Diversity Loss: 10.2128, Constructive RL loss: 377.9580, Slack loss: 0.4533 (adds 39.10)
[2026-09-04 04:57:46] utils.py(229) : Rank 0 >> Epoch 1: Train (70%)
[2026-09-04 04:57:46] utils.py(229) : [Construction] Score: 30.1775,  Loss: 374.6375,  Infeasible_rate: [100.0000%, 100.0000%], out: 49.5907, out_nodes: 17, Feasible_dist: 0.0000
[2026-09-04 04:57:46] utils.py(229) : [Improvement] Score: 112.5743 [BSF: 111.6522],  Loss: 6.0740,  Infeasible_rate: [100.0000%, 100.0000%], out: 97.1781, out_nodes: 40, Feasible_dist: 0.0000, Entropy: 2.5753
[2026-09-04 04:57:46] utils.py(229) : Diversity Loss: 10.2246, Constructive RL loss: 374.7397, Slack loss: 0.4509 (adds 38.78)
[2026-09-04 04:57:49] utils.py(229) : Rank 0 >> Epoch 1: Train (70%)
[2026-09-04 04:57:49] utils.py(229) : [Construction] Score: 30.2884,  Loss: 371.4595,  Infeasible_rate: [100.0000%, 100.0000%], out: 49.1816, out_nodes: 17, Feasible_dist: 0.0000
[2026-09-04 04:57:49] utils.py(229) : [Improvement] Score: 112.1366 [BSF: 111.2200],  Loss: 6.0230,  Infeasible_rate: [100.0000%, 100.0000%], out: 96.3920, out_nodes: 40, Feasible_dist: 0.0000, Entropy: 2.5781
[2026-09-04 04:57:49] utils.py(229) : Diversity Loss: 10.2346, Constructive RL loss: 371.5619, Slack loss: 0.4485 (adds 38.46)
[2026-09-04 04:57:52] utils.py(229) : Rank 0 >> Epoch 1: Train (75%)
[2026-09-04 04:57:52] utils.py(229) : [Construction] Score: 30.3812,  Loss: 368.3313,  Infeasible_rate: [100.0000%, 100.0000%], out: 48.7769, out_nodes: 17, Feasible_dist: 0.0000
[2026-09-04 04:57:52] utils.py(229) : [Improvement] Score: 111.6697 [BSF: 110.7549],  Loss: 5.9736,  Infeasible_rate: [100.0000%, 100.0000%], out: 95.6159, out_nodes: 40, Feasible_dist: 0.0000, Entropy: 2.5799
[2026-09-04 04:57:52] utils.py(229) : Diversity Loss: 10.2460, Constructive RL loss: 368.4338, Slack loss: 0.4461 (adds 38.15)
[2026-09-04 04:57:55] utils.py(229) : Rank 0 >> Epoch 1: Train (75%)
[2026-09-04 04:57:55] utils.py(229) : [Construction] Score: 30.4817,  Loss: 365.2591,  Infeasible_rate: [100.0000%, 100.0000%], out: 48.3791, out_nodes: 17, Feasible_dist: 0.0000
[2026-09-04 04:57:55] utils.py(229) : [Improvement] Score: 111.2190 [BSF: 110.3077],  Loss: 5.9245,  Infeasible_rate: [100.0000%, 100.0000%], out: 94.8528, out_nodes: 40, Feasible_dist: 0.0000, Entropy: 2.5826
[2026-09-04 04:57:55] utils.py(229) : Diversity Loss: 10.2573, Constructive RL loss: 365.3617, Slack loss: 0.4437 (adds 37.84)
[2026-09-04 04:57:57] utils.py(229) : Rank 0 >> Epoch 1: Train (75%)
[2026-09-04 04:57:57] utils.py(229) : [Construction] Score: 30.5584,  Loss: 362.2275,  Infeasible_rate: [100.0000%, 100.0000%], out: 47.9883, out_nodes: 17, Feasible_dist: 0.0000
[2026-09-04 04:57:57] utils.py(229) : [Improvement] Score: 110.7460 [BSF: 109.8408],  Loss: 5.8754,  Infeasible_rate: [100.0000%, 100.0000%], out: 94.1010, out_nodes: 39, Feasible_dist: 0.0000, Entropy: 2.5851
[2026-09-04 04:57:57] utils.py(229) : Diversity Loss: 10.2688, Constructive RL loss: 362.3302, Slack loss: 0.4414 (adds 37.54)
[2026-09-04 04:58:00] utils.py(229) : Rank 0 >> Epoch 1: Train (75%)
[2026-09-04 04:58:00] utils.py(229) : [Construction] Score: 30.6720,  Loss: 359.2293,  Infeasible_rate: [100.0000%, 100.0000%], out: 47.6036, out_nodes: 16, Feasible_dist: 0.0000
[2026-09-04 04:58:00] utils.py(229) : [Improvement] Score: 110.3286 [BSF: 109.4275],  Loss: 5.8285,  Infeasible_rate: [100.0000%, 100.0000%], out: 93.3629, out_nodes: 39, Feasible_dist: 0.0000, Entropy: 2.5868
[2026-09-04 04:58:00] utils.py(229) : Diversity Loss: 10.2806, Constructive RL loss: 359.3321, Slack loss: 0.4391 (adds 37.24)
[2026-09-04 04:58:03] utils.py(229) : Rank 0 >> Epoch 1: Train (75%)
[2026-09-04 04:58:03] utils.py(229) : [Construction] Score: 30.7805,  Loss: 356.2915,  Infeasible_rate: [100.0000%, 100.0000%], out: 47.2247, out_nodes: 16, Feasible_dist: 0.0000
[2026-09-04 04:58:03] utils.py(229) : [Improvement] Score: 109.9102 [BSF: 109.0143],  Loss: 5.7816,  Infeasible_rate: [100.0000%, 100.0000%], out: 92.6362, out_nodes: 39, Feasible_dist: 0.0000, Entropy: 2.5888
[2026-09-04 04:58:03] utils.py(229) : Diversity Loss: 10.2933, Constructive RL loss: 356.3944, Slack loss: 0.4368 (adds 36.95)
[2026-09-04 04:58:06] utils.py(229) : Rank 0 >> Epoch 1: Train (75%)
[2026-09-04 04:58:06] utils.py(229) : [Construction] Score: 30.8760,  Loss: 353.4063,  Infeasible_rate: [100.0000%, 100.0000%], out: 46.8511, out_nodes: 16, Feasible_dist: 0.0000
[2026-09-04 04:58:06] utils.py(229) : [Improvement] Score: 109.4974 [BSF: 108.6052],  Loss: 5.7351,  Infeasible_rate: [100.0000%, 100.0000%], out: 91.9205, out_nodes: 39, Feasible_dist: 0.0000, Entropy: 2.5907
[2026-09-04 04:58:06] utils.py(229) : Diversity Loss: 10.3027, Constructive RL loss: 353.5093, Slack loss: 0.4346 (adds 36.66)
[2026-09-04 04:58:09] utils.py(229) : Rank 0 >> Epoch 1: Train (75%)
[2026-09-04 04:58:09] utils.py(229) : [Construction] Score: 30.9580,  Loss: 350.5538,  Infeasible_rate: [100.0000%, 100.0000%], out: 46.4839, out_nodes: 16, Feasible_dist: 0.0000
[2026-09-04 04:58:09] utils.py(229) : [Improvement] Score: 109.0714 [BSF: 108.1845],  Loss: 5.6898,  Infeasible_rate: [100.0000%, 100.0000%], out: 91.2173, out_nodes: 39, Feasible_dist: 0.0000, Entropy: 2.5931
[2026-09-04 04:58:09] utils.py(229) : Diversity Loss: 10.3124, Constructive RL loss: 350.6569, Slack loss: 0.4325 (adds 36.38)
[2026-09-04 04:58:12] utils.py(229) : Rank 0 >> Epoch 1: Train (75%)
[2026-09-04 04:58:12] utils.py(229) : [Construction] Score: 31.0441,  Loss: 347.7619,  Infeasible_rate: [100.0000%, 100.0000%], out: 46.1219, out_nodes: 16, Feasible_dist: 0.0000
[2026-09-04 04:58:12] utils.py(229) : [Improvement] Score: 108.6569 [BSF: 107.7740],  Loss: 5.6457,  Infeasible_rate: [100.0000%, 100.0000%], out: 90.5229, out_nodes: 38, Feasible_dist: 0.0000, Entropy: 2.5953
[2026-09-04 04:58:12] utils.py(229) : Diversity Loss: 10.3221, Constructive RL loss: 347.8651, Slack loss: 0.4304 (adds 36.10)
[2026-09-04 04:58:15] utils.py(229) : Rank 0 >> Epoch 1: Train (80%)
[2026-09-04 04:58:15] utils.py(229) : [Construction] Score: 31.1387,  Loss: 345.0349,  Infeasible_rate: [100.0000%, 100.0000%], out: 45.7652, out_nodes: 16, Feasible_dist: 0.0000
[2026-09-04 04:58:15] utils.py(229) : [Improvement] Score: 108.2520 [BSF: 107.3718],  Loss: 5.6013,  Infeasible_rate: [100.0000%, 100.0000%], out: 89.8385, out_nodes: 38, Feasible_dist: 0.0000, Entropy: 2.5977
[2026-09-04 04:58:15] utils.py(229) : Diversity Loss: 10.3316, Constructive RL loss: 345.1382, Slack loss: 0.4283 (adds 35.83)
[2026-09-04 04:58:18] utils.py(229) : Rank 0 >> Epoch 1: Train (80%)
[2026-09-04 04:58:18] utils.py(229) : [Construction] Score: 31.2265,  Loss: 342.3415,  Infeasible_rate: [100.0000%, 100.0000%], out: 45.4138, out_nodes: 16, Feasible_dist: 0.0000
[2026-09-04 04:58:18] utils.py(229) : [Improvement] Score: 107.8455 [BSF: 106.9683],  Loss: 5.5581,  Infeasible_rate: [100.0000%, 100.0000%], out: 89.1641, out_nodes: 38, Feasible_dist: 0.0000, Entropy: 2.5998
[2026-09-04 04:58:18] utils.py(229) : Diversity Loss: 10.3406, Constructive RL loss: 342.4449, Slack loss: 0.4262 (adds 35.56)
[2026-09-04 04:58:21] utils.py(229) : Rank 0 >> Epoch 1: Train (80%)
[2026-09-04 04:58:21] utils.py(229) : [Construction] Score: 31.3137,  Loss: 339.6606,  Infeasible_rate: [100.0000%, 100.0000%], out: 45.0677, out_nodes: 16, Feasible_dist: 0.0000
[2026-09-04 04:58:21] utils.py(229) : [Improvement] Score: 107.4478 [BSF: 106.5741],  Loss: 5.5157,  Infeasible_rate: [100.0000%, 100.0000%], out: 88.5011, out_nodes: 38, Feasible_dist: 0.0000, Entropy: 2.6016
[2026-09-04 04:58:21] utils.py(229) : Diversity Loss: 10.3509, Constructive RL loss: 339.7641, Slack loss: 0.4240 (adds 35.29)
[2026-09-04 04:58:24] utils.py(229) : Rank 0 >> Epoch 1: Train (80%)
[2026-09-04 04:58:24] utils.py(229) : [Construction] Score: 31.4080,  Loss: 337.0483,  Infeasible_rate: [100.0000%, 100.0000%], out: 44.7279, out_nodes: 16, Feasible_dist: 0.0000
[2026-09-04 04:58:24] utils.py(229) : [Improvement] Score: 107.0660 [BSF: 106.1969],  Loss: 5.4741,  Infeasible_rate: [100.0000%, 100.0000%], out: 87.8470, out_nodes: 38, Feasible_dist: 0.0000, Entropy: 2.6039
[2026-09-04 04:58:24] utils.py(229) : Diversity Loss: 10.3604, Constructive RL loss: 337.1519, Slack loss: 0.4220 (adds 35.03)
[2026-09-04 04:58:27] utils.py(229) : Rank 0 >> Epoch 1: Train (80%)
[2026-09-04 04:58:27] utils.py(229) : [Construction] Score: 31.4912,  Loss: 334.4712,  Infeasible_rate: [100.0000%, 100.0000%], out: 44.3922, out_nodes: 15, Feasible_dist: 0.0000
[2026-09-04 04:58:27] utils.py(229) : [Improvement] Score: 106.6836 [BSF: 105.8163],  Loss: 5.4335,  Infeasible_rate: [100.0000%, 100.0000%], out: 87.2027, out_nodes: 37, Feasible_dist: 0.0000, Entropy: 2.6057
[2026-09-04 04:58:27] utils.py(229) : Diversity Loss: 10.3695, Constructive RL loss: 334.5748, Slack loss: 0.4200 (adds 34.77)
[2026-09-04 04:58:30] utils.py(229) : Rank 0 >> Epoch 1: Train (80%)
[2026-09-04 04:58:30] utils.py(229) : [Construction] Score: 31.5806,  Loss: 331.9290,  Infeasible_rate: [100.0000%, 100.0000%], out: 44.0623, out_nodes: 15, Feasible_dist: 0.0000
[2026-09-04 04:58:30] utils.py(229) : [Improvement] Score: 106.3106 [BSF: 105.4477],  Loss: 5.3933,  Infeasible_rate: [100.0000%, 100.0000%], out: 86.5677, out_nodes: 37, Feasible_dist: 0.0000, Entropy: 2.6078
[2026-09-04 04:58:30] utils.py(229) : Diversity Loss: 10.3772, Constructive RL loss: 332.0328, Slack loss: 0.4181 (adds 34.51)
[2026-09-04 04:58:33] utils.py(229) : Rank 0 >> Epoch 1: Train (80%)
[2026-09-04 04:58:33] utils.py(229) : [Construction] Score: 31.6534,  Loss: 329.4065,  Infeasible_rate: [100.0000%, 100.0000%], out: 43.7364, out_nodes: 15, Feasible_dist: 0.0000
[2026-09-04 04:58:33] utils.py(229) : [Improvement] Score: 105.9281 [BSF: 105.0705],  Loss: 5.3531,  Infeasible_rate: [100.0000%, 100.0000%], out: 85.9433, out_nodes: 37, Feasible_dist: 0.0000, Entropy: 2.6100
[2026-09-04 04:58:33] utils.py(229) : Diversity Loss: 10.3864, Constructive RL loss: 329.5104, Slack loss: 0.4161 (adds 34.26)
[2026-09-04 04:58:36] utils.py(229) : Rank 0 >> Epoch 1: Train (80%)
[2026-09-04 04:58:36] utils.py(229) : [Construction] Score: 31.7286,  Loss: 326.9475,  Infeasible_rate: [100.0000%, 100.0000%], out: 43.4152, out_nodes: 15, Feasible_dist: 0.0000
[2026-09-04 04:58:36] utils.py(229) : [Improvement] Score: 105.5528 [BSF: 104.7003],  Loss: 5.3142,  Infeasible_rate: [100.0000%, 100.0000%], out: 85.3258, out_nodes: 37, Feasible_dist: 0.0000, Entropy: 2.6119
[2026-09-04 04:58:36] utils.py(229) : Diversity Loss: 10.3951, Constructive RL loss: 327.0514, Slack loss: 0.4142 (adds 34.02)
[2026-09-04 04:58:39] utils.py(229) : Rank 0 >> Epoch 1: Train (85%)
[2026-09-04 04:58:39] utils.py(229) : [Construction] Score: 31.8187,  Loss: 324.5468,  Infeasible_rate: [100.0000%, 100.0000%], out: 43.0988, out_nodes: 15, Feasible_dist: 0.0000
[2026-09-04 04:58:39] utils.py(229) : [Improvement] Score: 105.1962 [BSF: 104.3449],  Loss: 5.2757,  Infeasible_rate: [100.0000%, 100.0000%], out: 84.7182, out_nodes: 37, Feasible_dist: 0.0000, Entropy: 2.6135
[2026-09-04 04:58:39] utils.py(229) : Diversity Loss: 10.4034, Constructive RL loss: 324.6508, Slack loss: 0.4123 (adds 33.77)
[2026-09-04 04:58:42] utils.py(229) : Rank 0 >> Epoch 1: Train (85%)
[2026-09-04 04:58:42] utils.py(229) : [Construction] Score: 31.9244,  Loss: 322.1621,  Infeasible_rate: [100.0000%, 100.0000%], out: 42.7871, out_nodes: 15, Feasible_dist: 0.0000
[2026-09-04 04:58:42] utils.py(229) : [Improvement] Score: 104.8642 [BSF: 104.0163],  Loss: 5.2376,  Infeasible_rate: [100.0000%, 100.0000%], out: 84.1193, out_nodes: 36, Feasible_dist: 0.0000, Entropy: 2.6150
[2026-09-04 04:58:42] utils.py(229) : Diversity Loss: 10.4116, Constructive RL loss: 322.2662, Slack loss: 0.4105 (adds 33.53)
[2026-09-04 04:58:45] utils.py(229) : Rank 0 >> Epoch 1: Train (85%)
[2026-09-04 04:58:45] utils.py(229) : [Construction] Score: 32.0136,  Loss: 319.8284,  Infeasible_rate: [100.0000%, 100.0000%], out: 42.4796, out_nodes: 15, Feasible_dist: 0.0000
[2026-09-04 04:58:45] utils.py(229) : [Improvement] Score: 104.5190 [BSF: 103.6754],  Loss: 5.2000,  Infeasible_rate: [100.0000%, 100.0000%], out: 83.5293, out_nodes: 36, Feasible_dist: 0.0000, Entropy: 2.6171
[2026-09-04 04:58:45] utils.py(229) : Diversity Loss: 10.4183, Constructive RL loss: 319.9325, Slack loss: 0.4086 (adds 33.29)
[2026-09-04 04:58:48] utils.py(229) : Rank 0 >> Epoch 1: Train (85%)
[2026-09-04 04:58:48] utils.py(229) : [Construction] Score: 32.1011,  Loss: 317.5144,  Infeasible_rate: [100.0000%, 100.0000%], out: 42.1770, out_nodes: 15, Feasible_dist: 0.0000
[2026-09-04 04:58:48] utils.py(229) : [Improvement] Score: 104.1816 [BSF: 103.3392],  Loss: 5.1628,  Infeasible_rate: [100.0000%, 100.0000%], out: 82.9482, out_nodes: 36, Feasible_dist: 0.0000, Entropy: 2.6186
[2026-09-04 04:58:48] utils.py(229) : Diversity Loss: 10.4263, Constructive RL loss: 317.6187, Slack loss: 0.4068 (adds 33.05)
[2026-09-04 04:58:51] utils.py(229) : Rank 0 >> Epoch 1: Train (85%)
[2026-09-04 04:58:51] utils.py(229) : [Construction] Score: 32.1702,  Loss: 315.2383,  Infeasible_rate: [100.0000%, 100.0000%], out: 41.8782, out_nodes: 15, Feasible_dist: 0.0000
[2026-09-04 04:58:51] utils.py(229) : [Improvement] Score: 103.8321 [BSF: 102.9926],  Loss: 5.1258,  Infeasible_rate: [100.0000%, 100.0000%], out: 82.3736, out_nodes: 36, Feasible_dist: 0.0000, Entropy: 2.6203
[2026-09-04 04:58:51] utils.py(229) : Diversity Loss: 10.4339, Constructive RL loss: 315.3426, Slack loss: 0.4050 (adds 32.82)
[2026-09-04 04:58:54] utils.py(229) : Rank 0 >> Epoch 1: Train (85%)
[2026-09-04 04:58:54] utils.py(229) : [Construction] Score: 32.2584,  Loss: 312.9935,  Infeasible_rate: [100.0000%, 100.0000%], out: 41.5841, out_nodes: 14, Feasible_dist: 0.0000
[2026-09-04 04:58:54] utils.py(229) : [Improvement] Score: 103.5086 [BSF: 102.6724],  Loss: 5.0901,  Infeasible_rate: [100.0000%, 100.0000%], out: 81.8093, out_nodes: 36, Feasible_dist: 0.0000, Entropy: 2.6226
[2026-09-04 04:58:54] utils.py(229) : Diversity Loss: 10.4423, Constructive RL loss: 313.0979, Slack loss: 0.4032 (adds 32.59)
[2026-09-04 04:58:57] utils.py(229) : Rank 0 >> Epoch 1: Train (85%)
[2026-09-04 04:58:57] utils.py(229) : [Construction] Score: 32.3441,  Loss: 310.7626,  Infeasible_rate: [100.0000%, 100.0000%], out: 41.2936, out_nodes: 14, Feasible_dist: 0.0000
[2026-09-04 04:58:57] utils.py(229) : [Improvement] Score: 103.1874 [BSF: 102.3532],  Loss: 5.0546,  Infeasible_rate: [100.0000%, 100.0000%], out: 81.2517, out_nodes: 35, Feasible_dist: 0.0000, Entropy: 2.6247
[2026-09-04 04:58:57] utils.py(229) : Diversity Loss: 10.4509, Constructive RL loss: 310.8671, Slack loss: 0.4015 (adds 32.37)
[2026-09-04 04:59:00] utils.py(229) : Rank 0 >> Epoch 1: Train (85%)
[2026-09-04 04:59:00] utils.py(229) : [Construction] Score: 32.4241,  Loss: 308.5735,  Infeasible_rate: [100.0000%, 100.0000%], out: 41.0070, out_nodes: 14, Feasible_dist: 0.0000
[2026-09-04 04:59:00] utils.py(229) : [Improvement] Score: 102.8706 [BSF: 102.0377],  Loss: 5.0197,  Infeasible_rate: [100.0000%, 100.0000%], out: 80.7020, out_nodes: 35, Feasible_dist: 0.0000, Entropy: 2.6263
[2026-09-04 04:59:00] utils.py(229) : Diversity Loss: 10.4580, Constructive RL loss: 308.6780, Slack loss: 0.3998 (adds 32.15)
[2026-09-04 04:59:03] utils.py(229) : Rank 0 >> Epoch 1: Train (90%)
[2026-09-04 04:59:03] utils.py(229) : [Construction] Score: 32.5262,  Loss: 306.4148,  Infeasible_rate: [100.0000%, 100.0000%], out: 40.7243, out_nodes: 14, Feasible_dist: 0.0000
[2026-09-04 04:59:03] utils.py(229) : [Improvement] Score: 102.5768 [BSF: 101.7452],  Loss: 4.9848,  Infeasible_rate: [100.0000%, 100.0000%], out: 80.1593, out_nodes: 35, Feasible_dist: 0.0000, Entropy: 2.6277
[2026-09-04 04:59:03] utils.py(229) : Diversity Loss: 10.4650, Constructive RL loss: 306.5195, Slack loss: 0.3981 (adds 31.93)
[2026-09-04 04:59:07] utils.py(229) : Rank 0 >> Epoch 1: Train (90%)
[2026-09-04 04:59:07] utils.py(229) : [Construction] Score: 32.6017,  Loss: 304.2936,  Infeasible_rate: [100.0000%, 100.0000%], out: 40.4454, out_nodes: 14, Feasible_dist: 0.0000
[2026-09-04 04:59:07] utils.py(229) : [Improvement] Score: 102.2589 [BSF: 101.4285],  Loss: 4.9503,  Infeasible_rate: [100.0000%, 100.0000%], out: 79.6241, out_nodes: 35, Feasible_dist: 0.0000, Entropy: 2.6295
[2026-09-04 04:59:07] utils.py(229) : Diversity Loss: 10.4736, Constructive RL loss: 304.3983, Slack loss: 0.3963 (adds 31.71)
[2026-09-04 04:59:10] utils.py(229) : Rank 0 >> Epoch 1: Train (90%)
[2026-09-04 04:59:10] utils.py(229) : [Construction] Score: 32.6783,  Loss: 302.2016,  Infeasible_rate: [100.0000%, 100.0000%], out: 40.1703, out_nodes: 14, Feasible_dist: 0.0000
[2026-09-04 04:59:10] utils.py(229) : [Improvement] Score: 101.9467 [BSF: 101.1183],  Loss: 4.9170,  Infeasible_rate: [100.0000%, 100.0000%], out: 79.0968, out_nodes: 35, Feasible_dist: 0.0000, Entropy: 2.6311
[2026-09-04 04:59:10] utils.py(229) : Diversity Loss: 10.4817, Constructive RL loss: 302.3065, Slack loss: 0.3947 (adds 31.50)
[2026-09-04 04:59:12] utils.py(229) : Rank 0 >> Epoch 1: Train (90%)
[2026-09-04 04:59:12] utils.py(229) : [Construction] Score: 32.7492,  Loss: 300.1497,  Infeasible_rate: [100.0000%, 100.0000%], out: 39.8990, out_nodes: 14, Feasible_dist: 0.0000
[2026-09-04 04:59:12] utils.py(229) : [Improvement] Score: 101.6386 [BSF: 100.8140],  Loss: 4.8840,  Infeasible_rate: [100.0000%, 100.0000%], out: 78.5757, out_nodes: 35, Feasible_dist: 0.0000, Entropy: 2.6330
[2026-09-04 04:59:12] utils.py(229) : Diversity Loss: 10.4883, Constructive RL loss: 300.2545, Slack loss: 0.3930 (adds 31.29)
[2026-09-04 04:59:15] utils.py(229) : Rank 0 >> Epoch 1: Train (90%)
[2026-09-04 04:59:15] utils.py(229) : [Construction] Score: 32.8237,  Loss: 298.1215,  Infeasible_rate: [100.0000%, 100.0000%], out: 39.6313, out_nodes: 14, Feasible_dist: 0.0000
[2026-09-04 04:59:15] utils.py(229) : [Improvement] Score: 101.3290 [BSF: 100.5078],  Loss: 4.8512,  Infeasible_rate: [100.0000%, 100.0000%], out: 78.0607, out_nodes: 34, Feasible_dist: 0.0000, Entropy: 2.6348
[2026-09-04 04:59:15] utils.py(229) : Diversity Loss: 10.4946, Constructive RL loss: 298.2265, Slack loss: 0.3914 (adds 31.08)
[2026-09-04 04:59:19] utils.py(229) : Rank 0 >> Epoch 1: Train (90%)
[2026-09-04 04:59:19] utils.py(229) : [Construction] Score: 32.9223,  Loss: 296.1164,  Infeasible_rate: [100.0000%, 100.0000%], out: 39.3673, out_nodes: 14, Feasible_dist: 0.0000
[2026-09-04 04:59:19] utils.py(229) : [Improvement] Score: 101.0595 [BSF: 100.2405],  Loss: 4.8191,  Infeasible_rate: [100.0000%, 100.0000%], out: 77.5540, out_nodes: 34, Feasible_dist: 0.0000, Entropy: 2.6360
[2026-09-04 04:59:19] utils.py(229) : Diversity Loss: 10.5029, Constructive RL loss: 296.2214, Slack loss: 0.3898 (adds 30.87)
[2026-09-04 04:59:22] utils.py(229) : Rank 0 >> Epoch 1: Train (90%)
[2026-09-04 04:59:22] utils.py(229) : [Construction] Score: 32.9968,  Loss: 294.1444,  Infeasible_rate: [100.0000%, 100.0000%], out: 39.1067, out_nodes: 14, Feasible_dist: 0.0000
[2026-09-04 04:59:22] utils.py(229) : [Improvement] Score: 100.7653 [BSF: 99.9508],  Loss: 4.7872,  Infeasible_rate: [100.0000%, 100.0000%], out: 77.0522, out_nodes: 34, Feasible_dist: 0.0000, Entropy: 2.6376
[2026-09-04 04:59:22] utils.py(229) : Diversity Loss: 10.5099, Constructive RL loss: 294.2495, Slack loss: 0.3882 (adds 30.67)
[2026-09-04 04:59:25] utils.py(229) : Rank 0 >> Epoch 1: Train (90%)
[2026-09-04 04:59:25] utils.py(229) : [Construction] Score: 33.0702,  Loss: 292.1892,  Infeasible_rate: [100.0000%, 100.0000%], out: 38.8499, out_nodes: 14, Feasible_dist: 0.0000
[2026-09-04 04:59:25] utils.py(229) : [Improvement] Score: 100.4740 [BSF: 99.6637],  Loss: 4.7554,  Infeasible_rate: [100.0000%, 100.0000%], out: 76.5584, out_nodes: 34, Feasible_dist: 0.0000, Entropy: 2.6389
[2026-09-04 04:59:25] utils.py(229) : Diversity Loss: 10.5185, Constructive RL loss: 292.2944, Slack loss: 0.3865 (adds 30.47)
[2026-09-04 04:59:28] utils.py(229) : Rank 0 >> Epoch 1: Train (95%)
[2026-09-04 04:59:28] utils.py(229) : [Construction] Score: 33.1397,  Loss: 290.2611,  Infeasible_rate: [100.0000%, 100.0000%], out: 38.5960, out_nodes: 13, Feasible_dist: 0.0000
[2026-09-04 04:59:28] utils.py(229) : [Improvement] Score: 100.1829 [BSF: 99.3747],  Loss: 4.7244,  Infeasible_rate: [100.0000%, 100.0000%], out: 76.0703, out_nodes: 34, Feasible_dist: 0.0000, Entropy: 2.6408
[2026-09-04 04:59:28] utils.py(229) : Diversity Loss: 10.5251, Constructive RL loss: 290.3664, Slack loss: 0.3849 (adds 30.27)
[2026-09-04 04:59:31] utils.py(229) : Rank 0 >> Epoch 1: Train (95%)
[2026-09-04 04:59:31] utils.py(229) : [Construction] Score: 33.2022,  Loss: 288.3528,  Infeasible_rate: [100.0000%, 100.0000%], out: 38.3456, out_nodes: 13, Feasible_dist: 0.0000
[2026-09-04 04:59:31] utils.py(229) : [Improvement] Score: 99.8918 [BSF: 99.0871],  Loss: 4.6942,  Infeasible_rate: [100.0000%, 100.0000%], out: 75.5893, out_nodes: 34, Feasible_dist: 0.0000, Entropy: 2.6424
[2026-09-04 04:59:31] utils.py(229) : Diversity Loss: 10.5331, Constructive RL loss: 288.4582, Slack loss: 0.3834 (adds 30.08)
[2026-09-04 04:59:34] utils.py(229) : Rank 0 >> Epoch 1: Train (95%)
[2026-09-04 04:59:34] utils.py(229) : [Construction] Score: 33.2795,  Loss: 286.4728,  Infeasible_rate: [100.0000%, 100.0000%], out: 38.0982, out_nodes: 13, Feasible_dist: 0.0000
[2026-09-04 04:59:34] utils.py(229) : [Improvement] Score: 99.6140 [BSF: 98.8126],  Loss: 4.6640,  Infeasible_rate: [100.0000%, 100.0000%], out: 75.1132, out_nodes: 34, Feasible_dist: 0.0000, Entropy: 2.6440
[2026-09-04 04:59:34] utils.py(229) : Diversity Loss: 10.5389, Constructive RL loss: 286.5781, Slack loss: 0.3819 (adds 29.89)
[2026-09-04 04:59:37] utils.py(229) : Rank 0 >> Epoch 1: Train (95%)
[2026-09-04 04:59:37] utils.py(229) : [Construction] Score: 33.3453,  Loss: 284.6142,  Infeasible_rate: [100.0000%, 100.0000%], out: 37.8541, out_nodes: 13, Feasible_dist: 0.0000
[2026-09-04 04:59:37] utils.py(229) : [Improvement] Score: 99.3326 [BSF: 98.5344],  Loss: 4.6340,  Infeasible_rate: [100.0000%, 100.0000%], out: 74.6441, out_nodes: 33, Feasible_dist: 0.0000, Entropy: 2.6453
[2026-09-04 04:59:37] utils.py(229) : Diversity Loss: 10.5466, Constructive RL loss: 284.7196, Slack loss: 0.3804 (adds 29.70)
[2026-09-04 04:59:40] utils.py(229) : Rank 0 >> Epoch 1: Train (95%)
[2026-09-04 04:59:40] utils.py(229) : [Construction] Score: 33.4075,  Loss: 282.7774,  Infeasible_rate: [100.0000%, 100.0000%], out: 37.6131, out_nodes: 13, Feasible_dist: 0.0000
[2026-09-04 04:59:40] utils.py(229) : [Improvement] Score: 99.0497 [BSF: 98.2550],  Loss: 4.6043,  Infeasible_rate: [100.0000%, 100.0000%], out: 74.1813, out_nodes: 33, Feasible_dist: 0.0000, Entropy: 2.6466
[2026-09-04 04:59:40] utils.py(229) : Diversity Loss: 10.5524, Constructive RL loss: 282.8829, Slack loss: 0.3788 (adds 29.51)
[2026-09-04 04:59:43] utils.py(229) : Rank 0 >> Epoch 1: Train (95%)
[2026-09-04 04:59:43] utils.py(229) : [Construction] Score: 33.4930,  Loss: 280.9724,  Infeasible_rate: [100.0000%, 100.0000%], out: 37.3751, out_nodes: 13, Feasible_dist: 0.0000
[2026-09-04 04:59:43] utils.py(229) : [Improvement] Score: 98.7932 [BSF: 98.0023],  Loss: 4.5756,  Infeasible_rate: [100.0000%, 100.0000%], out: 73.7236, out_nodes: 33, Feasible_dist: 0.0000, Entropy: 2.6475
[2026-09-04 04:59:43] utils.py(229) : Diversity Loss: 10.5609, Constructive RL loss: 281.0780, Slack loss: 0.3773 (adds 29.32)
[2026-09-04 04:59:46] utils.py(229) : Rank 0 >> Epoch 1: Train (95%)
[2026-09-04 04:59:46] utils.py(229) : [Construction] Score: 33.5656,  Loss: 279.1885,  Infeasible_rate: [100.0000%, 100.0000%], out: 37.1402, out_nodes: 13, Feasible_dist: 0.0000
[2026-09-04 04:59:46] utils.py(229) : [Improvement] Score: 98.5281 [BSF: 97.7410],  Loss: 4.5474,  Infeasible_rate: [100.0000%, 100.0000%], out: 73.2721, out_nodes: 33, Feasible_dist: 0.0000, Entropy: 2.6485
[2026-09-04 04:59:46] utils.py(229) : Diversity Loss: 10.5691, Constructive RL loss: 279.2942, Slack loss: 0.3758 (adds 29.14)
[2026-09-04 04:59:49] utils.py(229) : Rank 0 >> Epoch 1: Train (95%)
[2026-09-04 04:59:49] utils.py(229) : [Construction] Score: 33.6297,  Loss: 277.4255,  Infeasible_rate: [100.0000%, 100.0000%], out: 36.9081, out_nodes: 13, Feasible_dist: 0.0000
[2026-09-04 04:59:49] utils.py(229) : [Improvement] Score: 98.2595 [BSF: 97.4756],  Loss: 4.5185,  Infeasible_rate: [100.0000%, 100.0000%], out: 72.8262, out_nodes: 33, Feasible_dist: 0.0000, Entropy: 2.6500
[2026-09-04 04:59:49] utils.py(229) : Diversity Loss: 10.5771, Constructive RL loss: 277.5313, Slack loss: 0.3743 (adds 28.96)
[2026-09-04 04:59:50] utils.py(229) : Rank 0 >> Epoch 1: Train (95%)
[2026-09-04 04:59:50] utils.py(229) : [Construction] Score: 33.6297,  Loss: 277.4255,  Infeasible_rate: [100.0000%, 100.0000%], out: 36.9081, out_nodes: 13, Feasible_dist: 0.0000
[2026-09-04 04:59:50] utils.py(229) : [Improvement] Score: 98.2595 [BSF: 97.4756],  Loss: 4.5185,  Infeasible_rate: [100.0000%, 100.0000%], out: 72.8262, out_nodes: 33, Feasible_dist: 0.0000, Entropy: 2.6500
[2026-09-04 04:59:50] utils.py(229) : Diversity Loss: 10.5771, Constructive RL loss: 277.5313, Slack loss: 0.3743 (adds 28.96)
[2026-09-04 04:59:50] utils.py(229) : dummy_size: 34.90625
[2026-09-04 04:59:50] utils.py(229) : Rank 0 >> Epoch 1/10: Time Est.: Elapsed[6.65m], Remain[59.89m]
[2026-09-04 04:59:50] utils.py(229) : >> Val 64 instances.
[2026-09-04 04:59:50] utils.py(229) : >> validation eval type:
[2026-09-04 04:59:50] utils.py(229) : argmax
[2026-09-04 04:59:51] utils.py(229) : Rank 0 >> val construction time:
[2026-09-04 04:59:51] utils.py(229) : 0.4245429039001465
[2026-09-04 04:59:51] utils.py(229) : ! solution size:
[2026-09-04 04:59:51] utils.py(229) : torch.Size([256, 1, 100])
[2026-09-04 04:59:54] utils.py(229) : Rank 0 >> val improvement time:
[2026-09-04 04:59:54] utils.py(229) : 2.8020176887512207
[2026-09-04 04:59:54] utils.py(229) : Rank 0 >> val reconstruction time [w. mask]:
[2026-09-04 04:59:54] utils.py(229) : 0.36754846572875977
[2026-09-04 04:59:54] utils.py(229) : Rank 0 >> val construction time:
[2026-09-04 04:59:54] utils.py(229) : 0.33603858947753906
[2026-09-04 04:59:54] utils.py(229) : ! solution size:
[2026-09-04 04:59:54] utils.py(229) : torch.Size([256, 1, 100])
[2026-09-04 04:59:57] utils.py(229) : Rank 0 >> val improvement time:
[2026-09-04 04:59:57] utils.py(229) : 2.596514940261841
[2026-09-04 04:59:57] utils.py(229) : Rank 0 >> val reconstruction time [w. mask]:
[2026-09-04 04:59:57] utils.py(229) : 0.3494224548339844
[2026-09-04 04:59:57] utils.py(229) : >> Only feasible solutions are under consideration!
[2026-09-04 04:59:57] utils.py(229) : >> Only feasible solutions are under consideration!
[2026-09-04 04:59:57] utils.py(229) : >> Load optimal solution from: ./data/VRPBLTW/or_tools_200s_vrpbltw50_uniform.pkl
[2026-09-04 04:59:57] utils.py(229) : Rank 0 >> Val Score on vrpbltw50_uniform.pkl: [Construction] NO_AUG_Score: nan, NO_AUG_Gap: nan% --> AUG_Score: nan, AUG_Gap: nan%; Infeasible rate: 100.0% (solution-level), 100.0% (instance-level)
[2026-09-04 04:59:57] utils.py(229) : Rank 0 >> Val Score on vrpbltw50_uniform.pkl: [Improvement] NO_AUG_Score: nan, NO_AUG_Gap: nan% --> AUG_Score: nan, AUG_Gap: nan%; Infeasible rate: 100.0% (solution-level), 100.0% (instance-level)
[2026-09-04 04:59:57] utils.py(229) : Rank 0 >> Val Score on vrpbltw50_uniform.pkl: [w. mask] NO_AUG_Score: 47.4918, NO_AUG_Gap: 239.2837% --> AUG_Score: 45.9523, AUG_Gap: 228.231%; Infeasible rate: 0.0% (solution-level), 0.0% (instance-level)
[2026-09-04 04:59:57] utils.py(229) : ================================================================================
[2026-09-04 05:07:55] utils.py(229) : Rank 0 >> Epoch 2: Train (95%)
[2026-09-04 05:07:55] utils.py(229) : [Construction] Score: 45.7251,  Loss: -1.3301,  Infeasible_rate: [100.0000%, 100.0000%], out: 0.0012, out_nodes: 0, Feasible_dist: 0.0000
[2026-09-04 05:07:55] utils.py(229) : [Improvement] Score: 56.8153 [BSF: 56.4217],  Loss: 0.0150,  Infeasible_rate: [100.0000%, 100.0000%], out: 1.6252, out_nodes: 10, Feasible_dist: 0.0000, Entropy: 2.8461
[2026-09-04 05:07:55] utils.py(229) : Diversity Loss: 11.9127, Constructive RL loss: -1.2110, Slack loss: 0.1200 (adds 0.14)
[2026-09-04 05:07:55] utils.py(229) : dummy_size: 48.68125
[2026-09-04 05:07:55] utils.py(229) : Rank 0 >> Epoch 2/10: Time Est.: Elapsed[14.74m], Remain[58.96m]
[2026-09-04 05:07:55] utils.py(229) : Rank 0 >> Best model of improvement saved!
[2026-09-04 05:07:55] utils.py(229) : >> Val 64 instances.
[2026-09-04 05:07:55] utils.py(229) : >> validation eval type:
[2026-09-04 05:07:55] utils.py(229) : argmax
[2026-09-04 05:07:56] utils.py(229) : Rank 0 >> val construction time:
[2026-09-04 05:07:56] utils.py(229) : 0.3760402202606201
[2026-09-04 05:07:56] utils.py(229) : ! solution size:
[2026-09-04 05:07:56] utils.py(229) : torch.Size([256, 1, 99])
[2026-09-04 05:07:58] utils.py(229) : Rank 0 >> val improvement time:
[2026-09-04 05:07:58] utils.py(229) : 2.5989158153533936
[2026-09-04 05:07:59] utils.py(229) : Rank 0 >> val reconstruction time [w. mask]:
[2026-09-04 05:07:59] utils.py(229) : 0.34166502952575684
[2026-09-04 05:07:59] utils.py(229) : Rank 0 >> val construction time:
[2026-09-04 05:07:59] utils.py(229) : 0.33851194381713867
[2026-09-04 05:07:59] utils.py(229) : ! solution size:
[2026-09-04 05:07:59] utils.py(229) : torch.Size([256, 1, 100])
[2026-09-04 05:08:02] utils.py(229) : Rank 0 >> val improvement time:
[2026-09-04 05:08:02] utils.py(229) : 2.6315407752990723
[2026-09-04 05:08:02] utils.py(229) : Rank 0 >> val reconstruction time [w. mask]:
[2026-09-04 05:08:02] utils.py(229) : 0.3514218330383301
[2026-09-04 05:08:02] utils.py(229) : >> Only feasible solutions are under consideration!
[2026-09-04 05:08:02] utils.py(229) : >> Only feasible solutions are under consideration!
[2026-09-04 05:08:02] utils.py(229) : >> Load optimal solution from: ./data/VRPBLTW/or_tools_200s_vrpbltw50_uniform.pkl
[2026-09-04 05:08:02] utils.py(229) : Rank 0 >> Val Score on vrpbltw50_uniform.pkl: [Construction] NO_AUG_Score: nan, NO_AUG_Gap: nan% --> AUG_Score: nan, AUG_Gap: nan%; Infeasible rate: 100.0% (solution-level), 100.0% (instance-level)
[2026-09-04 05:08:02] utils.py(229) : Rank 0 >> Val Score on vrpbltw50_uniform.pkl: [Improvement] NO_AUG_Score: nan, NO_AUG_Gap: nan% --> AUG_Score: nan, AUG_Gap: nan%; Infeasible rate: 100.0% (solution-level), 100.0% (instance-level)
[2026-09-04 05:08:02] utils.py(229) : Rank 0 >> Val Score on vrpbltw50_uniform.pkl: [w. mask] NO_AUG_Score: 48.1829, NO_AUG_Gap: 244.0652% --> AUG_Score: 46.7614, AUG_Gap: 234.0579%; Infeasible rate: 0.0% (solution-level), 0.0% (instance-level)
[2026-09-04 05:08:02] utils.py(229) : ================================================================================
[2026-09-04 05:15:51] utils.py(229) : Rank 0 >> Epoch 3: Train (95%)
[2026-09-04 05:15:51] utils.py(229) : [Construction] Score: 45.0126,  Loss: -0.5754,  Infeasible_rate: [100.0000%, 100.0000%], out: 0.0000, out_nodes: 0, Feasible_dist: 0.0000
[2026-09-04 05:15:51] utils.py(229) : [Improvement] Score: 55.7766 [BSF: 55.2317],  Loss: 0.0147,  Infeasible_rate: [100.0000%, 100.0000%], out: 1.8013, out_nodes: 10, Feasible_dist: 0.0000, Entropy: 2.8213
[2026-09-04 05:15:51] utils.py(229) : Diversity Loss: 12.4031, Constructive RL loss: -0.4514, Slack loss: 0.1002 (adds 0.08)
[2026-09-04 05:15:51] utils.py(229) : dummy_size: 47.49375
[2026-09-04 05:15:51] utils.py(229) : Rank 0 >> Epoch 3/10: Time Est.: Elapsed[22.66m], Remain[52.88m]
[2026-09-04 05:15:51] utils.py(229) : Rank 0 >> Best model of improvement saved!
[2026-09-04 05:15:51] utils.py(229) : ================================================================================
[2026-09-04 05:23:19] utils.py(229) : Rank 0 >> Epoch 4: Train (95%)
[2026-09-04 05:23:19] utils.py(229) : [Construction] Score: 43.3803,  Loss: -1.4103,  Infeasible_rate: [100.0000%, 100.0000%], out: 0.0007, out_nodes: 0, Feasible_dist: 0.0000
[2026-09-04 05:23:19] utils.py(229) : [Improvement] Score: 54.6453 [BSF: 53.6302],  Loss: -0.0016,  Infeasible_rate: [100.0000%, 100.0000%], out: 2.4088, out_nodes: 11, Feasible_dist: 0.0000, Entropy: 2.8530
[2026-09-04 05:23:19] utils.py(229) : Diversity Loss: 12.4817, Constructive RL loss: -1.2855, Slack loss: 0.0889 (adds 0.14)
[2026-09-04 05:23:19] utils.py(229) : dummy_size: 44.825
[2026-09-04 05:23:19] utils.py(229) : Rank 0 >> Epoch 4/10: Time Est.: Elapsed[30.14m], Remain[45.21m]
[2026-09-04 05:23:19] utils.py(229) : Rank 0 >> Best model of improvement saved!
[2026-09-04 05:23:19] utils.py(229) : >> Val 64 instances.
[2026-09-04 05:23:19] utils.py(229) : >> validation eval type:
[2026-09-04 05:23:19] utils.py(229) : argmax
[2026-09-04 05:23:20] utils.py(229) : Rank 0 >> val construction time:
[2026-09-04 05:23:20] utils.py(229) : 0.35387611389160156
[2026-09-04 05:23:20] utils.py(229) : ! solution size:
[2026-09-04 05:23:20] utils.py(229) : torch.Size([256, 1, 96])
[2026-09-04 05:23:22] utils.py(229) : Rank 0 >> val improvement time:
[2026-09-04 05:23:22] utils.py(229) : 2.7604548931121826
[2026-09-04 05:23:23] utils.py(229) : Rank 0 >> val reconstruction time [w. mask]:
[2026-09-04 05:23:23] utils.py(229) : 0.33173513412475586
[2026-09-04 05:23:23] utils.py(229) : Rank 0 >> val construction time:
[2026-09-04 05:23:23] utils.py(229) : 0.3248872756958008
[2026-09-04 05:23:23] utils.py(229) : ! solution size:
[2026-09-04 05:23:23] utils.py(229) : torch.Size([256, 1, 96])
[2026-09-04 05:23:26] utils.py(229) : Rank 0 >> val improvement time:
[2026-09-04 05:23:26] utils.py(229) : 2.4565796852111816
[2026-09-04 05:23:26] utils.py(229) : Rank 0 >> val reconstruction time [w. mask]:
[2026-09-04 05:23:26] utils.py(229) : 0.3443613052368164
[2026-09-04 05:23:26] utils.py(229) : >> Only feasible solutions are under consideration!
[2026-09-04 05:23:26] utils.py(229) : >> Only feasible solutions are under consideration!
[2026-09-04 05:23:26] utils.py(229) : >> Load optimal solution from: ./data/VRPBLTW/or_tools_200s_vrpbltw50_uniform.pkl
[2026-09-04 05:23:26] utils.py(229) : Rank 0 >> Val Score on vrpbltw50_uniform.pkl: [Construction] NO_AUG_Score: nan, NO_AUG_Gap: nan% --> AUG_Score: nan, AUG_Gap: nan%; Infeasible rate: 100.0% (solution-level), 100.0% (instance-level)
[2026-09-04 05:23:26] utils.py(229) : Rank 0 >> Val Score on vrpbltw50_uniform.pkl: [Improvement] NO_AUG_Score: nan, NO_AUG_Gap: nan% --> AUG_Score: nan, AUG_Gap: nan%; Infeasible rate: 100.0% (solution-level), 100.0% (instance-level)
[2026-09-04 05:23:26] utils.py(229) : Rank 0 >> Val Score on vrpbltw50_uniform.pkl: [w. mask] NO_AUG_Score: 45.5232, NO_AUG_Gap: 225.4235% --> AUG_Score: 43.9902, AUG_Gap: 214.6811%; Infeasible rate: 0.0% (solution-level), 0.0% (instance-level)
[2026-09-04 05:23:26] utils.py(229) : ================================================================================
[2026-09-04 05:30:29] utils.py(229) : Rank 0 >> Epoch 5: Train (95%)
[2026-09-04 05:30:29] utils.py(229) : [Construction] Score: 40.7762,  Loss: -3.1330,  Infeasible_rate: [100.0000%, 100.0000%], out: 0.0019, out_nodes: 0, Feasible_dist: 0.0000
[2026-09-04 05:30:29] utils.py(229) : [Improvement] Score: 52.4638 [BSF: 50.9414],  Loss: -0.0076,  Infeasible_rate: [100.0000%, 100.0000%], out: 3.1789, out_nodes: 12, Feasible_dist: 0.0000, Entropy: 2.8472
[2026-09-04 05:30:29] utils.py(229) : Diversity Loss: 12.3912, Constructive RL loss: -3.0091, Slack loss: 0.0777 (adds 0.31)
[2026-09-04 05:30:29] utils.py(229) : dummy_size: 41.3875
[2026-09-04 05:30:29] utils.py(229) : Rank 0 >> Epoch 5/10: Time Est.: Elapsed[37.29m], Remain[37.29m]
[2026-09-04 05:30:29] utils.py(229) : Rank 0 >> Best model of improvement saved!
[2026-09-04 05:30:29] utils.py(229) : Rank 0 >> Saving trained_model
[2026-09-04 05:30:29] utils.py(229) : ================================================================================
[2026-09-04 05:37:08] utils.py(229) : Rank 0 >> Epoch 6: Train (95%)
[2026-09-04 05:37:08] utils.py(229) : [Construction] Score: 38.4160,  Loss: -4.8881,  Infeasible_rate: [99.9941%, 99.7656%], out: 0.0047, out_nodes: 0, Feasible_dist: 38.4724
[2026-09-04 05:37:08] utils.py(229) : [Improvement] Score: 50.5014 [BSF: 48.3756],  Loss: -0.0111,  Infeasible_rate: [100.0000%, 100.0000%], out: 3.9289, out_nodes: 12, Feasible_dist: 0.0000, Entropy: 2.8164
[2026-09-04 05:37:08] utils.py(229) : Diversity Loss: 12.3089, Constructive RL loss: -4.7651, Slack loss: 0.0658 (adds 0.49)
[2026-09-04 05:37:08] utils.py(229) : dummy_size: 37.74375
[2026-09-04 05:37:08] utils.py(229) : Rank 0 >> Epoch 6/10: Time Est.: Elapsed[43.95m], Remain[29.30m]
[2026-09-04 05:37:08] utils.py(229) : Rank 0 >> Best model of improvement saved!
[2026-09-04 05:37:08] utils.py(229) : >> Val 64 instances.
[2026-09-04 05:37:08] utils.py(229) : >> validation eval type:
[2026-09-04 05:37:08] utils.py(229) : argmax
[2026-09-04 05:37:09] utils.py(229) : Rank 0 >> val construction time:
[2026-09-04 05:37:09] utils.py(229) : 0.3180122375488281
[2026-09-04 05:37:09] utils.py(229) : ! solution size:
[2026-09-04 05:37:09] utils.py(229) : torch.Size([256, 1, 88])
[2026-09-04 05:37:11] utils.py(229) : Rank 0 >> val improvement time:
[2026-09-04 05:37:11] utils.py(229) : 2.2275023460388184
[2026-09-04 05:37:11] utils.py(229) : Rank 0 >> val reconstruction time [w. mask]:
[2026-09-04 05:37:11] utils.py(229) : 0.31151866912841797
[2026-09-04 05:37:11] utils.py(229) : Rank 0 >> val construction time:
[2026-09-04 05:37:11] utils.py(229) : 0.2917766571044922
[2026-09-04 05:37:11] utils.py(229) : ! solution size:
[2026-09-04 05:37:11] utils.py(229) : torch.Size([256, 1, 88])
[2026-09-04 05:37:14] utils.py(229) : Rank 0 >> val improvement time:
[2026-09-04 05:37:14] utils.py(229) : 2.2320446968078613
[2026-09-04 05:37:14] utils.py(229) : Rank 0 >> val reconstruction time [w. mask]:
[2026-09-04 05:37:14] utils.py(229) : 0.3185231685638428
[2026-09-04 05:37:14] utils.py(229) : >> Only feasible solutions are under consideration!
[2026-09-04 05:37:14] utils.py(229) : >> Only feasible solutions are under consideration!
[2026-09-04 05:37:14] utils.py(229) : >> Load optimal solution from: ./data/VRPBLTW/or_tools_200s_vrpbltw50_uniform.pkl
[2026-09-04 05:37:14] utils.py(229) : Rank 0 >> Val Score on vrpbltw50_uniform.pkl: [Construction] NO_AUG_Score: 38.3685, NO_AUG_Gap: 184.9652% --> AUG_Score: 39.1392, AUG_Gap: 180.2859%; Infeasible rate: 99.609% (solution-level), 96.875% (instance-level)
[2026-09-04 05:37:14] utils.py(229) : Rank 0 >> Val Score on vrpbltw50_uniform.pkl: [Improvement] NO_AUG_Score: 38.3685, NO_AUG_Gap: 184.9653% --> AUG_Score: 39.1392, AUG_Gap: 180.2859%; Infeasible rate: 99.609% (solution-level), 96.875% (instance-level)
[2026-09-04 05:37:14] utils.py(229) : Rank 0 >> Val Score on vrpbltw50_uniform.pkl: [w. mask] NO_AUG_Score: 40.2823, NO_AUG_Gap: 188.6896% --> AUG_Score: 37.7135, AUG_Gap: 169.9253%; Infeasible rate: 0.0% (solution-level), 0.0% (instance-level)
[2026-09-04 05:37:14] utils.py(229) : ================================================================================
[2026-09-04 05:43:31] utils.py(229) : Rank 0 >> Epoch 7: Train (95%)
[2026-09-04 05:43:31] utils.py(229) : [Construction] Score: 35.2483,  Loss: -6.3491,  Infeasible_rate: [99.9795%, 99.2578%], out: 0.0105, out_nodes: 0, Feasible_dist: 36.3113
[2026-09-04 05:43:31] utils.py(229) : [Improvement] Score: 47.9166 [BSF: 45.2286],  Loss: -0.0108,  Infeasible_rate: [100.0000%, 100.0000%], out: 4.8173, out_nodes: 13, Feasible_dist: 0.0000, Entropy: 2.7427
[2026-09-04 05:43:31] utils.py(229) : Diversity Loss: 12.2967, Constructive RL loss: -6.2262, Slack loss: 0.0545 (adds 0.63)
[2026-09-04 05:43:31] utils.py(229) : dummy_size: 33.8625
[2026-09-04 05:43:31] utils.py(229) : Rank 0 >> Epoch 7/10: Time Est.: Elapsed[50.34m], Remain[21.57m]
[2026-09-04 05:43:31] utils.py(229) : Rank 0 >> Best model of improvement saved!
[2026-09-04 05:43:31] utils.py(229) : ================================================================================
[2026-09-04 05:49:43] utils.py(229) : Rank 0 >> Epoch 8: Train (95%)
[2026-09-04 05:49:43] utils.py(229) : [Construction] Score: 33.4054,  Loss: -6.4744,  Infeasible_rate: [99.8291%, 94.8047%], out: 0.0091, out_nodes: 0, Feasible_dist: 35.6751
[2026-09-04 05:49:43] utils.py(229) : [Improvement] Score: 45.4648 [BSF: 42.7248],  Loss: -0.0086,  Infeasible_rate: [100.0000%, 100.0000%], out: 4.6991, out_nodes: 13, Feasible_dist: 0.0000, Entropy: 2.6856
[2026-09-04 05:49:43] utils.py(229) : Diversity Loss: 12.5069, Constructive RL loss: -6.3493, Slack loss: 0.0460 (adds 0.65)
[2026-09-04 05:49:43] utils.py(229) : dummy_size: 32.2875
[2026-09-04 05:49:43] utils.py(229) : Rank 0 >> Epoch 8/10: Time Est.: Elapsed[56.54m], Remain[14.13m]
[2026-09-04 05:49:43] utils.py(229) : Rank 0 >> Best model of construction saved!
[2026-09-04 05:49:43] utils.py(229) : Rank 0 >> Best model of improvement saved!
[2026-09-04 05:49:43] utils.py(229) : >> Val 64 instances.
[2026-09-04 05:49:43] utils.py(229) : >> validation eval type:
[2026-09-04 05:49:43] utils.py(229) : argmax
[2026-09-04 05:49:44] utils.py(229) : Rank 0 >> val construction time:
[2026-09-04 05:49:44] utils.py(229) : 0.290393590927124
[2026-09-04 05:49:44] utils.py(229) : ! solution size:
[2026-09-04 05:49:44] utils.py(229) : torch.Size([256, 1, 82])
[2026-09-04 05:49:46] utils.py(229) : Rank 0 >> val improvement time:
[2026-09-04 05:49:46] utils.py(229) : 2.0887105464935303
[2026-09-04 05:49:46] utils.py(229) : Rank 0 >> val reconstruction time [w. mask]:
[2026-09-04 05:49:46] utils.py(229) : 0.2898128032684326
[2026-09-04 05:49:46] utils.py(229) : Rank 0 >> val construction time:
[2026-09-04 05:49:46] utils.py(229) : 0.28977251052856445
[2026-09-04 05:49:46] utils.py(229) : ! solution size:
[2026-09-04 05:49:46] utils.py(229) : torch.Size([256, 1, 83])
[2026-09-04 05:49:48] utils.py(229) : Rank 0 >> val improvement time:
[2026-09-04 05:49:48] utils.py(229) : 2.150529146194458
[2026-09-04 05:49:49] utils.py(229) : Rank 0 >> val reconstruction time [w. mask]:
[2026-09-04 05:49:49] utils.py(229) : 0.28905582427978516
[2026-09-04 05:49:49] utils.py(229) : >> Only feasible solutions are under consideration!
[2026-09-04 05:49:49] utils.py(229) : >> Only feasible solutions are under consideration!
[2026-09-04 05:49:49] utils.py(229) : >> Load optimal solution from: ./data/VRPBLTW/or_tools_200s_vrpbltw50_uniform.pkl
[2026-09-04 05:49:49] utils.py(229) : Rank 0 >> Val Score on vrpbltw50_uniform.pkl: [Construction] NO_AUG_Score: 38.738, NO_AUG_Gap: 124.0429% --> AUG_Score: 33.6174, AUG_Gap: 148.1445%; Infeasible rate: 97.852% (solution-level), 84.375% (instance-level)
[2026-09-04 05:49:49] utils.py(229) : Rank 0 >> Val Score on vrpbltw50_uniform.pkl: [Improvement] NO_AUG_Score: 38.738, NO_AUG_Gap: 124.0429% --> AUG_Score: 33.6174, AUG_Gap: 148.1445%; Infeasible rate: 97.852% (solution-level), 84.375% (instance-level)
[2026-09-04 05:49:49] utils.py(229) : Rank 0 >> Val Score on vrpbltw50_uniform.pkl: [w. mask] NO_AUG_Score: 35.515, NO_AUG_Gap: 154.3915% --> AUG_Score: 32.8417, AUG_Gap: 135.339%; Infeasible rate: 0.0% (solution-level), 0.0% (instance-level)
[2026-09-04 05:49:49] utils.py(229) : ================================================================================
[2026-09-04 05:55:56] utils.py(229) : Rank 0 >> Epoch 9: Train (95%)
[2026-09-04 05:55:56] utils.py(229) : [Construction] Score: 31.5559,  Loss: -7.1499,  Infeasible_rate: [99.4942%, 86.1328%], out: 0.0115, out_nodes: 0, Feasible_dist: 33.3723
[2026-09-04 05:55:56] utils.py(229) : [Improvement] Score: 43.1451 [BSF: 40.5979],  Loss: -0.0070,  Infeasible_rate: [100.0000%, 100.0000%], out: 4.4605, out_nodes: 12, Feasible_dist: 0.0000, Entropy: 2.6298
[2026-09-04 05:55:56] utils.py(229) : Diversity Loss: 12.8496, Constructive RL loss: -7.0214, Slack loss: 0.0419 (adds 0.71)
[2026-09-04 05:55:56] utils.py(229) : dummy_size: 30.6875
[2026-09-04 05:55:56] utils.py(229) : Rank 0 >> Epoch 9/10: Time Est.: Elapsed[1.05h], Remain[6.97m]
[2026-09-04 05:55:56] utils.py(229) : Rank 0 >> Best model of construction saved!
[2026-09-04 05:55:56] utils.py(229) : Rank 0 >> Best model of improvement saved!
[2026-09-04 05:55:56] utils.py(229) : ================================================================================
[2026-09-04 06:01:54] utils.py(229) : Rank 0 >> Epoch 10: Train (95%)
[2026-09-04 06:01:54] utils.py(229) : [Construction] Score: 29.5690,  Loss: -7.0746,  Infeasible_rate: [98.8896%, 75.1172%], out: 0.0091, out_nodes: 0, Feasible_dist: 31.6514
[2026-09-04 06:01:54] utils.py(229) : [Improvement] Score: 40.6304 [BSF: 38.2685],  Loss: -0.0071,  Infeasible_rate: [100.0000%, 100.0000%], out: 4.1774, out_nodes: 12, Feasible_dist: 0.0000, Entropy: 2.5733
[2026-09-04 06:01:54] utils.py(229) : Diversity Loss: 13.1971, Constructive RL loss: -6.9427, Slack loss: 0.0389 (adds 0.71)
[2026-09-04 06:01:54] utils.py(229) : dummy_size: 29.3875
[2026-09-04 06:01:54] utils.py(229) : Rank 0 >> Epoch 10/10: Time Est.: Elapsed[1.15h], Remain[0.00m]
[2026-09-04 06:01:54] utils.py(229) : Rank 0 >> Best model of construction saved!
[2026-09-04 06:01:54] utils.py(229) : Rank 0 >> Best model of improvement saved!
[2026-09-04 06:01:54] utils.py(229) : Rank 0 >> Saving trained_model
[2026-09-04 06:01:54] utils.py(229) : >> Val 64 instances.
[2026-09-04 06:01:54] utils.py(229) : >> validation eval type:
[2026-09-04 06:01:54] utils.py(229) : argmax
[2026-09-04 06:01:55] utils.py(229) : Rank 0 >> val construction time:
[2026-09-04 06:01:55] utils.py(229) : 0.26797056198120117
[2026-09-04 06:01:55] utils.py(229) : ! solution size:
[2026-09-04 06:01:55] utils.py(229) : torch.Size([256, 1, 78])
[2026-09-04 06:01:57] utils.py(229) : Rank 0 >> val improvement time:
[2026-09-04 06:01:57] utils.py(229) : 1.9502241611480713
[2026-09-04 06:01:57] utils.py(229) : Rank 0 >> val reconstruction time [w. mask]:
[2026-09-04 06:01:57] utils.py(229) : 0.2801792621612549
[2026-09-04 06:01:57] utils.py(229) : Rank 0 >> val construction time:
[2026-09-04 06:01:57] utils.py(229) : 0.268679141998291
[2026-09-04 06:01:57] utils.py(229) : ! solution size:
[2026-09-04 06:01:57] utils.py(229) : torch.Size([256, 1, 80])
[2026-09-04 06:01:59] utils.py(229) : Rank 0 >> val improvement time:
[2026-09-04 06:01:59] utils.py(229) : 2.013077735900879
[2026-09-04 06:01:59] utils.py(229) : Rank 0 >> val reconstruction time [w. mask]:
[2026-09-04 06:01:59] utils.py(229) : 0.28829002380371094
[2026-09-04 06:01:59] utils.py(229) : >> Only feasible solutions are under consideration!
[2026-09-04 06:01:59] utils.py(229) : >> Only feasible solutions are under consideration!
[2026-09-04 06:01:59] utils.py(229) : >> Load optimal solution from: ./data/VRPBLTW/or_tools_200s_vrpbltw50_uniform.pkl
[2026-09-04 06:01:59] utils.py(229) : Rank 0 >> Val Score on vrpbltw50_uniform.pkl: [Construction] NO_AUG_Score: 30.4552, NO_AUG_Gap: 126.6152% --> AUG_Score: 29.646, AUG_Gap: 123.8433%; Infeasible rate: 92.773% (solution-level), 62.5% (instance-level)
[2026-09-04 06:01:59] utils.py(229) : Rank 0 >> Val Score on vrpbltw50_uniform.pkl: [Improvement] NO_AUG_Score: 30.4552, NO_AUG_Gap: 126.6152% --> AUG_Score: 29.646, AUG_Gap: 123.8433%; Infeasible rate: 92.773% (solution-level), 62.5% (instance-level)
[2026-09-04 06:01:59] utils.py(229) : Rank 0 >> Val Score on vrpbltw50_uniform.pkl: [w. mask] NO_AUG_Score: 31.4457, NO_AUG_Gap: 125.2452% --> AUG_Score: 29.4247, AUG_Gap: 110.936%; Infeasible rate: 0.0% (solution-level), 0.0% (instance-level)
[2026-09-04 06:01:59] utils.py(229) : >> Finish VRPBLTW Training using SINGLE Model ...
[1;34mwandb[0m: 
[1;34mwandb[0m: 🚀 View run [33m20260904_055305train_interface[0m at: [34mhttps://wandb.ai/shoraaa-vnu/unified_solver/runs/ew6ir2zy[0m
[1;34mwandb[0m: Find logs at: [1;35mwandb/run-20260904_045309-ew6ir2zy/logs[0m
[W904 06:02:03.226018189 AllocatorConfig.cpp:28] Warning: PYTORCH_CUDA_ALLOC_CONF is deprecated, use PYTORCH_ALLOC_CONF instead (function operator())
=== car_soft_interface_slack0.1_fixed complete ===
=== car_soft_interface_fixed (attempt 1) ===
=== host: car  mask: soft  arm: interface  slack: 0.0 ===
wandb: [wandb.login()] Loaded credentials for https://api.wandb.ai from /home/shora/.netrc.
wandb: Currently logged in as: shoraaa (shoraaa-vnu) to https://api.wandb.ai. Use `wandb login --relogin` to force relogin
wandb: setting up run aj7q23pz
wandb: Tracking run with wandb version 0.28.1
wandb: Run data is saved locally in /home/shora/Research/PRISM/baselines/CaR-constraint/wandb/run-20260904_060213-aj7q23pz
wandb: Run `wandb offline` to turn off syncing.
wandb: Syncing run 20260904_070207train_interface
wandb:  View project at https://wandb.ai/shoraaa-vnu/unified_solver
wandb:  View run at https://wandb.ai/shoraaa-vnu/unified_solver/runs/aj7q23pz
{'POMO_checkpoint': '../PIP-constraint/POMO+PIP/pretrained/TSPTW/tsptw50_hard/POMO_star/epoch-10000.pt',
 'accumulation_steps': 8,
 'active_constraints': ['backhaul', 'route_limit', 'time_window'],
 'amp_training': True,
 'aspect_num': 2,
 'aux_mask': True,
 'backhaul_mask': 'soft',
 'baseline': 'group',
 'best_solution_path': None,
 'bonus_for_construction': False,
 'boundary': 0.5,
 'checkpoint': None,
 'clean_cache': False,
 'coefficient': 100,
 'consequence_hidden_dim': 16,
 'consequence_norm': 'layer',
 'constraint_number': 4,
 'constraint_repr': 'interface',
 'couple_rows': True,
 'decoder_layer_num': 1,
 'diversity': 'kendall_tau_distance',
 'diversity_loss': True,
 'diversity_reward': False,
 'diversity_weight': 0.01,
 'dual_decoder': False,
 'dummy_improve_selected': 'random',
 'dummy_improve_steps': 0,
 'dynamic_coefficient': False,
 'embedding_dim': 128,
 'empty_cache_per_batch': True,
 'enable_eas': False,
 'encoder_layer_num': 6,
 'epochs': 10,
 'epsilon': 3.67,
 'epsilon_base': 5.0,
 'epsilon_decay_beta': 0.001,
 'eval_only': False,
 'eval_type': 'argmax',
 'extra_bonus': False,
 'extra_weight': 0.1,
 'ff_hidden_dim': 512,
 'fsb_dist_only': True,
 'fsb_reward_only': True,
 'fsb_reward_plus': False,
 'fsb_start_delay': 10000,
 'gamma': 0.1,
 'generate_PI_mask': False,
 'gpu_id': '0',
 'gumbel': False,
 'hardness': 'hard',
 'head_num': 8,
 'imitation_learning': True,
 'imitation_loss_weight': 1.0,
 'impr_encoder_start_idx': 0,
 'improve_start_when_dummy_ok': False,
 'improve_steps': 5,
 'improvement_method': 'kopt',
 'improvement_only': False,
 'infsb_dist_penalty': False,
 'init_sol_strategy': 'POMO',
 'insert_before': True,
 'is_lib': False,
 'iterations': 200,
 'iterations_impr': 20,
 'k_max': 4,
 'k_unconfident': 10,
 'lazy_pip_model': False,
 'load_optimizer': True,
 'load_which_pip': 'train_fsb_bsf',
 'log_dir': 'results/composition/train_car_soft_interface_fixed',
 'logit_clipping': 10,
 'lr': 0.0001,
 'max_dummy_size': 18,
 'milestones': [4501],
 'model_save_interval': 5,
 'model_type': 'SINGLE',
 'multi_processing': False,
 'multiple_gpu': False,
 'n2s_decoder': False,
 'neighborhood_search': False,
 'no_cuda': False,
 'node_repr': 'named',
 'node_repr_dim': 4,
 'non_linear': None,
 'non_linear_cons': False,
 'norm': 'instance',
 'norm_loc': 'norm_last',
 'occ_gpu': 0.0,
 'out_node_reward': True,
 'out_reward': True,
 'pairwise_merge': 'feature,attention',
 'penalty_factor': 1.0,
 'penalty_normalize': False,
 'pip_checkpoint': None,
 'pip_decoder': False,
 'pip_last_growup': 50,
 'pip_step': 1,
 'pip_update_epoch': 20,
 'pip_update_interval': 1000,
 'pomo_feasible_start': False,
 'pomo_size': 50,
 'pomo_start': False,
 'problem': 'VRPBLTW',
 'problem_size': 50,
 'probs_return': False,
 'qkv_dim': 16,
 'random_delta_t': 0,
 'reconstruct': False,
 'reconstruct_bonus_weight': 1.0,
 'reconstruct_improve_bonus': False,
 'refinement_history_path': None,
 'repeats': 1,
 'reward_gating': False,
 'rm_num': 1,
 'sample_size': 1,
 'seed': 1234,
 'select_strategy': 'quality',
 'select_top_k': 10,
 'select_top_k_val': 1,
 'seperate_obj_penalty': False,
 'simulation_stop_epoch': 100,
 'slack_normalize': True,
 'slack_stride': 5,
 'slack_weight': 0.0,
 'soft_constrained': True,
 'sop_variant': 1,
 'sqrt_embedding_dim': 11.313708498984761,
 'stochastic_probability': 0.5,
 'subgradient': False,
 'subgradient_lr': 0.1,
 'succ_attention_bias': 1.0,
 'supplement_feature_dim': 17,
 'tb_logger': False,
 'test_batch_size': 10000,
 'test_dataset': None,
 'test_episodes': 10000,
 'test_opt_path': None,
 'test_pomo_size': 1,
 'total_history': 3,
 'train_batch_size': 16,
 'train_episodes': 2560,
 'tw_normalize': True,
 'uncertainty_weight': False,
 'unified_decoder': False,
 'unified_encoder': True,
 'use_fast_attention': True,
 'use_real_PI_mask': False,
 'v_range': 6.0,
 'val_dataset': ['vrpbltw50_uniform.pkl'],
 'val_episodes': 64,
 'val_init_sol_strategy': 'POMO',
 'val_opt_path': None,
 'val_pomo_size': 1,
 'val_reconstruct_times': 1,
 'validation_batch_size': 32,
 'validation_improve_steps': 20,
 'validation_interval': 2,
 'wandb_logger': True,
 'weight_decay': 1e-06,
 'which_feature': 'both',
 'with_RNN': True,
 'with_bonus': False,
 'with_explore_stat_feature': True,
 'with_infsb_feature': True,
 'with_regular': False,
 'wo_node_penalty': False,
 'wo_tour_penalty': False,
 'world_size': 1}
>> Log Path: results/composition/train_car_soft_interface_fixed/20260904_070207train_interface
>> No occupation needed
>> USE_CUDA: True, CUDA_DEVICE_NUM: 0
>> Start VRPBLTW Training using SINGLE Model ...
[2026-09-04 06:02:15] utils.py(229) : >> Use unified encoder for Improvement and Construction!
[2026-09-04 06:02:15] utils.py(229) : >> Use kopt decoder for Improvement!
[2026-09-04 06:02:15] utils.py(229) : lambda_:
[2026-09-04 06:02:15] utils.py(229) : 1.0
[2026-09-04 06:02:16] utils.py(229) : Number of Parameters: 1644277
[2026-09-04 06:02:16] utils.py(229) : [copy_all_src] Warning: /home/shora/Research/PRISM/baselines/CaR-constraint/_ops.py not found. Skipping.
[2026-09-04 06:02:16] utils.py(229) : [copy_all_src] Warning: /home/shora/Research/PRISM/baselines/CaR-constraint/_classes.py not found. Skipping.
[2026-09-04 06:02:16] utils.py(229) : ================================================================================
[2026-09-04 06:02:18] utils.py(229) : Rank 0 >> Epoch 1: Train (0%)
[2026-09-04 06:02:18] utils.py(229) : [Construction] Score: 26.1529,  Loss: 614.2623,  Infeasible_rate: [100.0000%, 100.0000%], out: 81.9073, out_nodes: 25, Feasible_dist: 0.0000
[2026-09-04 06:02:18] utils.py(229) : [Improvement] Score: 155.1828 [BSF: 152.5677],  Loss: 8.9657,  Infeasible_rate: [100.0000%, 100.0000%], out: 167.6470, out_nodes: 57, Feasible_dist: 0.0000, Entropy: 2.4514
[2026-09-04 06:02:18] utils.py(229) : Diversity Loss: 9.4380, Constructive RL loss: 614.3567
[2026-09-04 06:02:20] utils.py(229) : Rank 0 >> Epoch 1: Train (0%)
[2026-09-04 06:02:20] utils.py(229) : [Construction] Score: 26.4564,  Loss: 639.5583,  Infeasible_rate: [100.0000%, 100.0000%], out: 72.5049, out_nodes: 24, Feasible_dist: 0.0000
[2026-09-04 06:02:20] utils.py(229) : [Improvement] Score: 141.6362 [BSF: 139.1619],  Loss: 9.0714,  Infeasible_rate: [100.0000%, 100.0000%], out: 155.9843, out_nodes: 56, Feasible_dist: 0.0000, Entropy: 2.4232
[2026-09-04 06:02:20] utils.py(229) : Diversity Loss: 9.4880, Constructive RL loss: 639.6533
[2026-09-04 06:02:22] utils.py(229) : Rank 0 >> Epoch 1: Train (0%)
[2026-09-04 06:02:22] utils.py(229) : [Construction] Score: 26.4887,  Loss: 659.2462,  Infeasible_rate: [100.0000%, 100.0000%], out: 76.2732, out_nodes: 24, Feasible_dist: 0.0000
[2026-09-04 06:02:22] utils.py(229) : [Improvement] Score: 143.9599 [BSF: 142.1845],  Loss: 10.2783,  Infeasible_rate: [100.0000%, 100.0000%], out: 157.2054, out_nodes: 56, Feasible_dist: 0.0000, Entropy: 2.3997
[2026-09-04 06:02:22] utils.py(229) : Diversity Loss: 9.4743, Constructive RL loss: 659.3411
[2026-09-04 06:02:24] utils.py(229) : Rank 0 >> Epoch 1: Train (0%)
[2026-09-04 06:02:24] utils.py(229) : [Construction] Score: 26.7335,  Loss: 621.9274,  Infeasible_rate: [100.0000%, 100.0000%], out: 76.0029, out_nodes: 24, Feasible_dist: 0.0000
[2026-09-04 06:02:24] utils.py(229) : [Improvement] Score: 142.9080 [BSF: 141.5073],  Loss: 9.6173,  Infeasible_rate: [100.0000%, 100.0000%], out: 152.8704, out_nodes: 55, Feasible_dist: 0.0000, Entropy: 2.4028
[2026-09-04 06:02:24] utils.py(229) : Diversity Loss: 9.4734, Constructive RL loss: 622.0222
[2026-09-04 06:02:27] utils.py(229) : Rank 0 >> Epoch 1: Train (0%)
[2026-09-04 06:02:27] utils.py(229) : [Construction] Score: 26.6853,  Loss: 621.0839,  Infeasible_rate: [100.0000%, 100.0000%], out: 76.3637, out_nodes: 24, Feasible_dist: 0.0000
[2026-09-04 06:02:27] utils.py(229) : [Improvement] Score: 142.1683 [BSF: 140.6980],  Loss: 9.4625,  Infeasible_rate: [100.0000%, 100.0000%], out: 153.8644, out_nodes: 55, Feasible_dist: 0.0000, Entropy: 2.4081
[2026-09-04 06:02:27] utils.py(229) : Diversity Loss: 9.4798, Constructive RL loss: 621.1788
[2026-09-04 06:02:29] utils.py(229) : Rank 0 >> Epoch 1: Train (0%)
[2026-09-04 06:02:29] utils.py(229) : [Construction] Score: 26.6386,  Loss: 604.4985,  Infeasible_rate: [100.0000%, 100.0000%], out: 74.6872, out_nodes: 24, Feasible_dist: 0.0000
[2026-09-04 06:02:29] utils.py(229) : [Improvement] Score: 140.8820 [BSF: 139.4462],  Loss: 9.2676,  Infeasible_rate: [100.0000%, 100.0000%], out: 152.7450, out_nodes: 55, Feasible_dist: 0.0000, Entropy: 2.4085
[2026-09-04 06:02:29] utils.py(229) : Diversity Loss: 9.4950, Constructive RL loss: 604.5935
[2026-09-04 06:02:31] utils.py(229) : Rank 0 >> Epoch 1: Train (0%)
[2026-09-04 06:02:31] utils.py(229) : [Construction] Score: 26.6214,  Loss: 605.2288,  Infeasible_rate: [100.0000%, 100.0000%], out: 73.3760, out_nodes: 24, Feasible_dist: 0.0000
[2026-09-04 06:02:31] utils.py(229) : [Improvement] Score: 138.7802 [BSF: 137.3158],  Loss: 8.8393,  Infeasible_rate: [100.0000%, 100.0000%], out: 149.5441, out_nodes: 55, Feasible_dist: 0.0000, Entropy: 2.4037
[2026-09-04 06:02:31] utils.py(229) : Diversity Loss: 9.5151, Constructive RL loss: 605.3240
[2026-09-04 06:02:33] utils.py(229) : Rank 0 >> Epoch 1: Train (0%)
[2026-09-04 06:02:33] utils.py(229) : [Construction] Score: 26.6015,  Loss: 646.3784,  Infeasible_rate: [100.0000%, 100.0000%], out: 74.1614, out_nodes: 24, Feasible_dist: 0.0000
[2026-09-04 06:02:33] utils.py(229) : [Improvement] Score: 140.1835 [BSF: 138.7563],  Loss: 9.2145,  Infeasible_rate: [100.0000%, 100.0000%], out: 151.3653, out_nodes: 55, Feasible_dist: 0.0000, Entropy: 2.4125
[2026-09-04 06:02:33] utils.py(229) : Diversity Loss: 9.5264, Constructive RL loss: 646.4737
[2026-09-04 06:02:35] utils.py(229) : Rank 0 >> Epoch 1: Train (5%)
[2026-09-04 06:02:35] utils.py(229) : [Construction] Score: 26.6376,  Loss: 639.1689,  Infeasible_rate: [100.0000%, 100.0000%], out: 74.5846, out_nodes: 24, Feasible_dist: 0.0000
[2026-09-04 06:02:35] utils.py(229) : [Improvement] Score: 139.5520 [BSF: 138.2736],  Loss: 9.3321,  Infeasible_rate: [100.0000%, 100.0000%], out: 150.1810, out_nodes: 55, Feasible_dist: 0.0000, Entropy: 2.4209
[2026-09-04 06:02:35] utils.py(229) : Diversity Loss: 9.5277, Constructive RL loss: 639.2643
[2026-09-04 06:02:37] utils.py(229) : Rank 0 >> Epoch 1: Train (5%)
[2026-09-04 06:02:37] utils.py(229) : [Construction] Score: 26.6625,  Loss: 631.2215,  Infeasible_rate: [100.0000%, 100.0000%], out: 75.4867, out_nodes: 24, Feasible_dist: 0.0000
[2026-09-04 06:02:37] utils.py(229) : [Improvement] Score: 140.9864 [BSF: 139.8346],  Loss: 9.7968,  Infeasible_rate: [100.0000%, 100.0000%], out: 152.3143, out_nodes: 55, Feasible_dist: 0.0000, Entropy: 2.4142
[2026-09-04 06:02:37] utils.py(229) : Diversity Loss: 9.5112, Constructive RL loss: 631.3167
[2026-09-04 06:02:39] utils.py(229) : Rank 0 >> Epoch 1: Train (5%)
[2026-09-04 06:02:39] utils.py(229) : [Construction] Score: 26.5563,  Loss: 637.1693,  Infeasible_rate: [100.0000%, 100.0000%], out: 75.3830, out_nodes: 24, Feasible_dist: 0.0000
[2026-09-04 06:02:39] utils.py(229) : [Improvement] Score: 141.2792 [BSF: 139.9768],  Loss: 9.8531,  Infeasible_rate: [100.0000%, 100.0000%], out: 153.0844, out_nodes: 55, Feasible_dist: 0.0000, Entropy: 2.4142
[2026-09-04 06:02:39] utils.py(229) : Diversity Loss: 9.5088, Constructive RL loss: 637.2644
[2026-09-04 06:02:41] utils.py(229) : Rank 0 >> Epoch 1: Train (5%)
[2026-09-04 06:02:41] utils.py(229) : [Construction] Score: 26.5721,  Loss: 631.5405,  Infeasible_rate: [100.0000%, 100.0000%], out: 74.9077, out_nodes: 24, Feasible_dist: 0.0000
[2026-09-04 06:02:41] utils.py(229) : [Improvement] Score: 140.8866 [BSF: 139.6722],  Loss: 9.8496,  Infeasible_rate: [100.0000%, 100.0000%], out: 152.5919, out_nodes: 55, Feasible_dist: 0.0000, Entropy: 2.4153
[2026-09-04 06:02:41] utils.py(229) : Diversity Loss: 9.5073, Constructive RL loss: 631.6356
[2026-09-04 06:02:43] utils.py(229) : Rank 0 >> Epoch 1: Train (5%)
[2026-09-04 06:02:43] utils.py(229) : [Construction] Score: 26.5566,  Loss: 627.0217,  Infeasible_rate: [100.0000%, 100.0000%], out: 75.1404, out_nodes: 24, Feasible_dist: 0.0000
[2026-09-04 06:02:43] utils.py(229) : [Improvement] Score: 141.7287 [BSF: 140.4563],  Loss: 9.6721,  Infeasible_rate: [100.0000%, 100.0000%], out: 154.0703, out_nodes: 55, Feasible_dist: 0.0000, Entropy: 2.4163
[2026-09-04 06:02:43] utils.py(229) : Diversity Loss: 9.5098, Constructive RL loss: 627.1169
[2026-09-04 06:02:45] utils.py(229) : Rank 0 >> Epoch 1: Train (5%)
[2026-09-04 06:02:45] utils.py(229) : [Construction] Score: 26.5353,  Loss: 633.6315,  Infeasible_rate: [100.0000%, 100.0000%], out: 75.3391, out_nodes: 24, Feasible_dist: 0.0000
[2026-09-04 06:02:45] utils.py(229) : [Improvement] Score: 141.6855 [BSF: 140.4131],  Loss: 9.5632,  Infeasible_rate: [100.0000%, 100.0000%], out: 154.2429, out_nodes: 55, Feasible_dist: 0.0000, Entropy: 2.4162
[2026-09-04 06:02:45] utils.py(229) : Diversity Loss: 9.5107, Constructive RL loss: 633.7267
[2026-09-04 06:02:47] utils.py(229) : Rank 0 >> Epoch 1: Train (5%)
[2026-09-04 06:02:47] utils.py(229) : [Construction] Score: 26.6165,  Loss: 628.0879,  Infeasible_rate: [100.0000%, 100.0000%], out: 75.2957, out_nodes: 24, Feasible_dist: 0.0000
[2026-09-04 06:02:47] utils.py(229) : [Improvement] Score: 142.5442 [BSF: 141.1307],  Loss: 9.6039,  Infeasible_rate: [100.0000%, 100.0000%], out: 153.9116, out_nodes: 55, Feasible_dist: 0.0000, Entropy: 2.4143
[2026-09-04 06:02:47] utils.py(229) : Diversity Loss: 9.5111, Constructive RL loss: 628.1831
[2026-09-04 06:02:49] utils.py(229) : Rank 0 >> Epoch 1: Train (5%)
[2026-09-04 06:02:49] utils.py(229) : [Construction] Score: 26.5833,  Loss: 623.5484,  Infeasible_rate: [100.0000%, 100.0000%], out: 75.8092, out_nodes: 24, Feasible_dist: 0.0000
[2026-09-04 06:02:49] utils.py(229) : [Improvement] Score: 142.5031 [BSF: 141.1779],  Loss: 9.7365,  Infeasible_rate: [100.0000%, 100.0000%], out: 153.9687, out_nodes: 55, Feasible_dist: 0.0000, Entropy: 2.4124
[2026-09-04 06:02:49] utils.py(229) : Diversity Loss: 9.5106, Constructive RL loss: 623.6436
[2026-09-04 06:02:51] utils.py(229) : Rank 0 >> Epoch 1: Train (10%)
[2026-09-04 06:02:51] utils.py(229) : [Construction] Score: 26.5357,  Loss: 631.2269,  Infeasible_rate: [100.0000%, 100.0000%], out: 76.3039, out_nodes: 24, Feasible_dist: 0.0000
[2026-09-04 06:02:51] utils.py(229) : [Improvement] Score: 143.4225 [BSF: 142.1136],  Loss: 9.4980,  Infeasible_rate: [100.0000%, 100.0000%], out: 155.1005, out_nodes: 55, Feasible_dist: 0.0000, Entropy: 2.4168
[2026-09-04 06:02:51] utils.py(229) : Diversity Loss: 9.5126, Constructive RL loss: 631.3221
[2026-09-04 06:02:53] utils.py(229) : Rank 0 >> Epoch 1: Train (10%)
[2026-09-04 06:02:53] utils.py(229) : [Construction] Score: 26.5215,  Loss: 629.5858,  Infeasible_rate: [100.0000%, 100.0000%], out: 76.5511, out_nodes: 24, Feasible_dist: 0.0000
[2026-09-04 06:02:53] utils.py(229) : [Improvement] Score: 144.0039 [BSF: 142.7677],  Loss: 9.7146,  Infeasible_rate: [100.0000%, 100.0000%], out: 155.6192, out_nodes: 55, Feasible_dist: 0.0000, Entropy: 2.4139
[2026-09-04 06:02:53] utils.py(229) : Diversity Loss: 9.5114, Constructive RL loss: 629.6810
[2026-09-04 06:02:55] utils.py(229) : Rank 0 >> Epoch 1: Train (10%)
[2026-09-04 06:02:55] utils.py(229) : [Construction] Score: 26.5404,  Loss: 626.3692,  Infeasible_rate: [100.0000%, 100.0000%], out: 77.3173, out_nodes: 24, Feasible_dist: 0.0000
[2026-09-04 06:02:55] utils.py(229) : [Improvement] Score: 144.2708 [BSF: 143.0997],  Loss: 9.6912,  Infeasible_rate: [100.0000%, 100.0000%], out: 155.6491, out_nodes: 55, Feasible_dist: 0.0000, Entropy: 2.4172
[2026-09-04 06:02:55] utils.py(229) : Diversity Loss: 9.5105, Constructive RL loss: 626.4643
[2026-09-04 06:02:57] utils.py(229) : Rank 0 >> Epoch 1: Train (10%)
[2026-09-04 06:02:57] utils.py(229) : [Construction] Score: 26.5644,  Loss: 621.8447,  Infeasible_rate: [100.0000%, 100.0000%], out: 76.9863, out_nodes: 24, Feasible_dist: 0.0000
[2026-09-04 06:02:57] utils.py(229) : [Improvement] Score: 143.9883 [BSF: 142.8323],  Loss: 9.5053,  Infeasible_rate: [100.0000%, 100.0000%], out: 154.6598, out_nodes: 55, Feasible_dist: 0.0000, Entropy: 2.4167
[2026-09-04 06:02:57] utils.py(229) : Diversity Loss: 9.5168, Constructive RL loss: 621.9399
[2026-09-04 06:02:59] utils.py(229) : Rank 0 >> Epoch 1: Train (10%)
[2026-09-04 06:02:59] utils.py(229) : [Construction] Score: 26.5579,  Loss: 618.1056,  Infeasible_rate: [100.0000%, 100.0000%], out: 77.2921, out_nodes: 24, Feasible_dist: 0.0000
[2026-09-04 06:02:59] utils.py(229) : [Improvement] Score: 143.8753 [BSF: 142.7744],  Loss: 9.6610,  Infeasible_rate: [100.0000%, 100.0000%], out: 154.2910, out_nodes: 55, Feasible_dist: 0.0000, Entropy: 2.4160
[2026-09-04 06:02:59] utils.py(229) : Diversity Loss: 9.5178, Constructive RL loss: 618.2008
[2026-09-04 06:03:01] utils.py(229) : Rank 0 >> Epoch 1: Train (10%)
[2026-09-04 06:03:01] utils.py(229) : [Construction] Score: 26.5652,  Loss: 617.7072,  Infeasible_rate: [100.0000%, 100.0000%], out: 76.9164, out_nodes: 24, Feasible_dist: 0.0000
[2026-09-04 06:03:01] utils.py(229) : [Improvement] Score: 143.5804 [BSF: 142.4659],  Loss: 9.4924,  Infeasible_rate: [100.0000%, 100.0000%], out: 153.9007, out_nodes: 55, Feasible_dist: 0.0000, Entropy: 2.4148
[2026-09-04 06:03:01] utils.py(229) : Diversity Loss: 9.5221, Constructive RL loss: 617.8025
[2026-09-04 06:03:03] utils.py(229) : Rank 0 >> Epoch 1: Train (10%)
[2026-09-04 06:03:03] utils.py(229) : [Construction] Score: 26.5354,  Loss: 616.1965,  Infeasible_rate: [100.0000%, 100.0000%], out: 77.0162, out_nodes: 24, Feasible_dist: 0.0000
[2026-09-04 06:03:03] utils.py(229) : [Improvement] Score: 143.9468 [BSF: 142.8807],  Loss: 9.5279,  Infeasible_rate: [100.0000%, 100.0000%], out: 154.4689, out_nodes: 55, Feasible_dist: 0.0000, Entropy: 2.4145
[2026-09-04 06:03:03] utils.py(229) : Diversity Loss: 9.5195, Constructive RL loss: 616.2918
[2026-09-04 06:03:05] utils.py(229) : Rank 0 >> Epoch 1: Train (10%)
[2026-09-04 06:03:05] utils.py(229) : [Construction] Score: 26.5538,  Loss: 619.0366,  Infeasible_rate: [100.0000%, 100.0000%], out: 77.2053, out_nodes: 24, Feasible_dist: 0.0000
[2026-09-04 06:03:05] utils.py(229) : [Improvement] Score: 144.1302 [BSF: 143.0996],  Loss: 9.5886,  Infeasible_rate: [100.0000%, 100.0000%], out: 154.8228, out_nodes: 55, Feasible_dist: 0.0000, Entropy: 2.4101
[2026-09-04 06:03:05] utils.py(229) : Diversity Loss: 9.5205, Constructive RL loss: 619.1318
[2026-09-04 06:03:07] utils.py(229) : Rank 0 >> Epoch 1: Train (15%)
[2026-09-04 06:03:07] utils.py(229) : [Construction] Score: 26.5344,  Loss: 621.1639,  Infeasible_rate: [100.0000%, 100.0000%], out: 76.9105, out_nodes: 24, Feasible_dist: 0.0000
[2026-09-04 06:03:07] utils.py(229) : [Improvement] Score: 144.2396 [BSF: 143.1629],  Loss: 9.7381,  Infeasible_rate: [100.0000%, 100.0000%], out: 154.6941, out_nodes: 55, Feasible_dist: 0.0000, Entropy: 2.4105
[2026-09-04 06:03:07] utils.py(229) : Diversity Loss: 9.5229, Constructive RL loss: 621.2592
[2026-09-04 06:03:09] utils.py(229) : Rank 0 >> Epoch 1: Train (15%)
[2026-09-04 06:03:09] utils.py(229) : [Construction] Score: 26.5352,  Loss: 619.1217,  Infeasible_rate: [100.0000%, 100.0000%], out: 77.1370, out_nodes: 24, Feasible_dist: 0.0000
[2026-09-04 06:03:09] utils.py(229) : [Improvement] Score: 144.3043 [BSF: 143.2322],  Loss: 9.8094,  Infeasible_rate: [100.0000%, 100.0000%], out: 154.9290, out_nodes: 55, Feasible_dist: 0.0000, Entropy: 2.4114
[2026-09-04 06:03:09] utils.py(229) : Diversity Loss: 9.5201, Constructive RL loss: 619.2169
[2026-09-04 06:03:11] utils.py(229) : Rank 0 >> Epoch 1: Train (15%)
[2026-09-04 06:03:11] utils.py(229) : [Construction] Score: 26.5276,  Loss: 616.7285,  Infeasible_rate: [100.0000%, 100.0000%], out: 77.5500, out_nodes: 24, Feasible_dist: 0.0000
[2026-09-04 06:03:11] utils.py(229) : [Improvement] Score: 144.5252 [BSF: 143.4689],  Loss: 10.0106,  Infeasible_rate: [100.0000%, 100.0000%], out: 155.0761, out_nodes: 55, Feasible_dist: 0.0000, Entropy: 2.4126
[2026-09-04 06:03:11] utils.py(229) : Diversity Loss: 9.5178, Constructive RL loss: 616.8237
[2026-09-04 06:03:13] utils.py(229) : Rank 0 >> Epoch 1: Train (15%)
[2026-09-04 06:03:13] utils.py(229) : [Construction] Score: 26.5490,  Loss: 616.6268,  Infeasible_rate: [100.0000%, 100.0000%], out: 77.6620, out_nodes: 24, Feasible_dist: 0.0000
[2026-09-04 06:03:13] utils.py(229) : [Improvement] Score: 145.1228 [BSF: 143.9728],  Loss: 10.0540,  Infeasible_rate: [100.0000%, 100.0000%], out: 155.3516, out_nodes: 55, Feasible_dist: 0.0000, Entropy: 2.4104
[2026-09-04 06:03:13] utils.py(229) : Diversity Loss: 9.5190, Constructive RL loss: 616.7221
[2026-09-04 06:03:15] utils.py(229) : Rank 0 >> Epoch 1: Train (15%)
[2026-09-04 06:03:15] utils.py(229) : [Construction] Score: 26.5624,  Loss: 619.3439,  Infeasible_rate: [100.0000%, 100.0000%], out: 77.7607, out_nodes: 24, Feasible_dist: 0.0000
[2026-09-04 06:03:15] utils.py(229) : [Improvement] Score: 145.4263 [BSF: 144.3151],  Loss: 10.0623,  Infeasible_rate: [100.0000%, 100.0000%], out: 155.2692, out_nodes: 55, Feasible_dist: 0.0000, Entropy: 2.4125
[2026-09-04 06:03:15] utils.py(229) : Diversity Loss: 9.5220, Constructive RL loss: 619.4392
[2026-09-04 06:03:17] utils.py(229) : Rank 0 >> Epoch 1: Train (15%)
[2026-09-04 06:03:17] utils.py(229) : [Construction] Score: 26.5546,  Loss: 620.5399,  Infeasible_rate: [100.0000%, 100.0000%], out: 77.9091, out_nodes: 24, Feasible_dist: 0.0000
[2026-09-04 06:03:17] utils.py(229) : [Improvement] Score: 145.7841 [BSF: 144.6543],  Loss: 10.0475,  Infeasible_rate: [100.0000%, 100.0000%], out: 155.5120, out_nodes: 55, Feasible_dist: 0.0000, Entropy: 2.4138
[2026-09-04 06:03:17] utils.py(229) : Diversity Loss: 9.5205, Constructive RL loss: 620.6351
[2026-09-04 06:03:19] utils.py(229) : Rank 0 >> Epoch 1: Train (15%)
[2026-09-04 06:03:19] utils.py(229) : [Construction] Score: 26.5979,  Loss: 619.5803,  Infeasible_rate: [100.0000%, 100.0000%], out: 77.4426, out_nodes: 24, Feasible_dist: 0.0000
[2026-09-04 06:03:19] utils.py(229) : [Improvement] Score: 145.2064 [BSF: 144.1130],  Loss: 9.9380,  Infeasible_rate: [100.0000%, 100.0000%], out: 154.5804, out_nodes: 55, Feasible_dist: 0.0000, Entropy: 2.4139
[2026-09-04 06:03:19] utils.py(229) : Diversity Loss: 9.5245, Constructive RL loss: 619.6756
[2026-09-04 06:03:21] utils.py(229) : Rank 0 >> Epoch 1: Train (15%)
[2026-09-04 06:03:21] utils.py(229) : [Construction] Score: 26.5878,  Loss: 617.7887,  Infeasible_rate: [100.0000%, 100.0000%], out: 77.4922, out_nodes: 24, Feasible_dist: 0.0000
[2026-09-04 06:03:21] utils.py(229) : [Improvement] Score: 145.2382 [BSF: 144.1560],  Loss: 9.9241,  Infeasible_rate: [100.0000%, 100.0000%], out: 154.0427, out_nodes: 55, Feasible_dist: 0.0000, Entropy: 2.4137
[2026-09-04 06:03:21] utils.py(229) : Diversity Loss: 9.5235, Constructive RL loss: 617.8840
[2026-09-04 06:03:23] utils.py(229) : Rank 0 >> Epoch 1: Train (20%)
[2026-09-04 06:03:23] utils.py(229) : [Construction] Score: 26.5657,  Loss: 614.2677,  Infeasible_rate: [100.0000%, 100.0000%], out: 77.0537, out_nodes: 24, Feasible_dist: 0.0000
[2026-09-04 06:03:23] utils.py(229) : [Improvement] Score: 144.7690 [BSF: 143.7154],  Loss: 9.8394,  Infeasible_rate: [100.0000%, 100.0000%], out: 153.1491, out_nodes: 55, Feasible_dist: 0.0000, Entropy: 2.4148
[2026-09-04 06:03:23] utils.py(229) : Diversity Loss: 9.5278, Constructive RL loss: 614.3630
[2026-09-04 06:03:26] utils.py(229) : Rank 0 >> Epoch 1: Train (20%)
[2026-09-04 06:03:26] utils.py(229) : [Construction] Score: 26.5823,  Loss: 615.3646,  Infeasible_rate: [100.0000%, 100.0000%], out: 76.9633, out_nodes: 24, Feasible_dist: 0.0000
[2026-09-04 06:03:26] utils.py(229) : [Improvement] Score: 144.6863 [BSF: 143.6035],  Loss: 9.8738,  Infeasible_rate: [100.0000%, 100.0000%], out: 153.1128, out_nodes: 55, Feasible_dist: 0.0000, Entropy: 2.4148
[2026-09-04 06:03:26] utils.py(229) : Diversity Loss: 9.5290, Constructive RL loss: 615.4599
[2026-09-04 06:03:28] utils.py(229) : Rank 0 >> Epoch 1: Train (20%)
[2026-09-04 06:03:28] utils.py(229) : [Construction] Score: 26.6125,  Loss: 618.9496,  Infeasible_rate: [100.0000%, 100.0000%], out: 76.6907, out_nodes: 24, Feasible_dist: 0.0000
[2026-09-04 06:03:28] utils.py(229) : [Improvement] Score: 144.5874 [BSF: 143.4706],  Loss: 9.8419,  Infeasible_rate: [100.0000%, 100.0000%], out: 153.3053, out_nodes: 55, Feasible_dist: 0.0000, Entropy: 2.4163
[2026-09-04 06:03:28] utils.py(229) : Diversity Loss: 9.5267, Constructive RL loss: 619.0449
[2026-09-04 06:03:31] utils.py(229) : Rank 0 >> Epoch 1: Train (20%)
[2026-09-04 06:03:31] utils.py(229) : [Construction] Score: 26.6180,  Loss: 618.4991,  Infeasible_rate: [100.0000%, 100.0000%], out: 76.7671, out_nodes: 24, Feasible_dist: 0.0000
[2026-09-04 06:03:31] utils.py(229) : [Improvement] Score: 144.6053 [BSF: 143.5195],  Loss: 9.8451,  Infeasible_rate: [100.0000%, 100.0000%], out: 153.3813, out_nodes: 55, Feasible_dist: 0.0000, Entropy: 2.4158
[2026-09-04 06:03:31] utils.py(229) : Diversity Loss: 9.5250, Constructive RL loss: 618.5944
[2026-09-04 06:03:33] utils.py(229) : Rank 0 >> Epoch 1: Train (20%)
[2026-09-04 06:03:33] utils.py(229) : [Construction] Score: 26.6049,  Loss: 616.4530,  Infeasible_rate: [100.0000%, 100.0000%], out: 76.9244, out_nodes: 24, Feasible_dist: 0.0000
[2026-09-04 06:03:33] utils.py(229) : [Improvement] Score: 144.8932 [BSF: 143.8168],  Loss: 9.8415,  Infeasible_rate: [100.0000%, 100.0000%], out: 153.5926, out_nodes: 55, Feasible_dist: 0.0000, Entropy: 2.4168
[2026-09-04 06:03:33] utils.py(229) : Diversity Loss: 9.5243, Constructive RL loss: 616.5483
[2026-09-04 06:03:35] utils.py(229) : Rank 0 >> Epoch 1: Train (20%)
[2026-09-04 06:03:35] utils.py(229) : [Construction] Score: 26.6050,  Loss: 617.1714,  Infeasible_rate: [100.0000%, 100.0000%], out: 76.9887, out_nodes: 24, Feasible_dist: 0.0000
[2026-09-04 06:03:35] utils.py(229) : [Improvement] Score: 144.8723 [BSF: 143.7383],  Loss: 9.8483,  Infeasible_rate: [100.0000%, 100.0000%], out: 153.5708, out_nodes: 55, Feasible_dist: 0.0000, Entropy: 2.4183
[2026-09-04 06:03:35] utils.py(229) : Diversity Loss: 9.5234, Constructive RL loss: 617.2666
[2026-09-04 06:03:38] utils.py(229) : Rank 0 >> Epoch 1: Train (20%)
[2026-09-04 06:03:38] utils.py(229) : [Construction] Score: 26.5974,  Loss: 616.9970,  Infeasible_rate: [100.0000%, 100.0000%], out: 77.0097, out_nodes: 24, Feasible_dist: 0.0000
[2026-09-04 06:03:38] utils.py(229) : [Improvement] Score: 145.2278 [BSF: 144.0291],  Loss: 9.7867,  Infeasible_rate: [100.0000%, 100.0000%], out: 153.8227, out_nodes: 55, Feasible_dist: 0.0000, Entropy: 2.4190
[2026-09-04 06:03:38] utils.py(229) : Diversity Loss: 9.5208, Constructive RL loss: 617.0923
[2026-09-04 06:03:40] utils.py(229) : Rank 0 >> Epoch 1: Train (20%)
[2026-09-04 06:03:40] utils.py(229) : [Construction] Score: 26.5965,  Loss: 615.9084,  Infeasible_rate: [100.0000%, 100.0000%], out: 77.1427, out_nodes: 24, Feasible_dist: 0.0000
[2026-09-04 06:03:40] utils.py(229) : [Improvement] Score: 145.1740 [BSF: 144.0052],  Loss: 9.7237,  Infeasible_rate: [100.0000%, 100.0000%], out: 154.0895, out_nodes: 55, Feasible_dist: 0.0000, Entropy: 2.4193
[2026-09-04 06:03:40] utils.py(229) : Diversity Loss: 9.5189, Constructive RL loss: 616.0036
[2026-09-04 06:03:42] utils.py(229) : Rank 0 >> Epoch 1: Train (25%)
[2026-09-04 06:03:42] utils.py(229) : [Construction] Score: 26.5990,  Loss: 614.8099,  Infeasible_rate: [100.0000%, 100.0000%], out: 77.2884, out_nodes: 24, Feasible_dist: 0.0000
[2026-09-04 06:03:42] utils.py(229) : [Improvement] Score: 145.1883 [BSF: 144.0480],  Loss: 9.7747,  Infeasible_rate: [100.0000%, 100.0000%], out: 154.4521, out_nodes: 55, Feasible_dist: 0.0000, Entropy: 2.4201
[2026-09-04 06:03:42] utils.py(229) : Diversity Loss: 9.5183, Constructive RL loss: 614.9051
[2026-09-04 06:03:44] utils.py(229) : Rank 0 >> Epoch 1: Train (25%)
[2026-09-04 06:03:44] utils.py(229) : [Construction] Score: 26.5852,  Loss: 617.4255,  Infeasible_rate: [100.0000%, 100.0000%], out: 77.3408, out_nodes: 24, Feasible_dist: 0.0000
[2026-09-04 06:03:44] utils.py(229) : [Improvement] Score: 145.2334 [BSF: 144.1203],  Loss: 9.7789,  Infeasible_rate: [100.0000%, 100.0000%], out: 154.4399, out_nodes: 55, Feasible_dist: 0.0000, Entropy: 2.4210
[2026-09-04 06:03:44] utils.py(229) : Diversity Loss: 9.5176, Constructive RL loss: 617.5206
[2026-09-04 06:03:46] utils.py(229) : Rank 0 >> Epoch 1: Train (25%)
[2026-09-04 06:03:46] utils.py(229) : [Construction] Score: 26.5818,  Loss: 616.5055,  Infeasible_rate: [100.0000%, 100.0000%], out: 77.6180, out_nodes: 24, Feasible_dist: 0.0000
[2026-09-04 06:03:46] utils.py(229) : [Improvement] Score: 145.9730 [BSF: 144.8361],  Loss: 9.7516,  Infeasible_rate: [100.0000%, 100.0000%], out: 154.9811, out_nodes: 55, Feasible_dist: 0.0000, Entropy: 2.4199
[2026-09-04 06:03:46] utils.py(229) : Diversity Loss: 9.5162, Constructive RL loss: 616.6006
[2026-09-04 06:03:48] utils.py(229) : Rank 0 >> Epoch 1: Train (25%)
[2026-09-04 06:03:48] utils.py(229) : [Construction] Score: 26.5881,  Loss: 616.8077,  Infeasible_rate: [100.0000%, 100.0000%], out: 77.9017, out_nodes: 24, Feasible_dist: 0.0000
[2026-09-04 06:03:48] utils.py(229) : [Improvement] Score: 146.3571 [BSF: 145.2460],  Loss: 9.8301,  Infeasible_rate: [100.0000%, 100.0000%], out: 155.2527, out_nodes: 56, Feasible_dist: 0.0000, Entropy: 2.4203
[2026-09-04 06:03:48] utils.py(229) : Diversity Loss: 9.5149, Constructive RL loss: 616.9028
[2026-09-04 06:03:50] utils.py(229) : Rank 0 >> Epoch 1: Train (25%)
[2026-09-04 06:03:50] utils.py(229) : [Construction] Score: 26.6030,  Loss: 615.5256,  Infeasible_rate: [100.0000%, 100.0000%], out: 77.7467, out_nodes: 24, Feasible_dist: 0.0000
[2026-09-04 06:03:50] utils.py(229) : [Improvement] Score: 146.0759 [BSF: 144.9896],  Loss: 9.8219,  Infeasible_rate: [100.0000%, 100.0000%], out: 154.8720, out_nodes: 55, Feasible_dist: 0.0000, Entropy: 2.4207
[2026-09-04 06:03:50] utils.py(229) : Diversity Loss: 9.5148, Constructive RL loss: 615.6208
[2026-09-04 06:03:53] utils.py(229) : Rank 0 >> Epoch 1: Train (25%)
[2026-09-04 06:03:53] utils.py(229) : [Construction] Score: 26.6160,  Loss: 614.5480,  Infeasible_rate: [100.0000%, 100.0000%], out: 77.7981, out_nodes: 24, Feasible_dist: 0.0000
[2026-09-04 06:03:53] utils.py(229) : [Improvement] Score: 146.0434 [BSF: 144.9388],  Loss: 9.8145,  Infeasible_rate: [100.0000%, 100.0000%], out: 154.7186, out_nodes: 55, Feasible_dist: 0.0000, Entropy: 2.4205
[2026-09-04 06:03:53] utils.py(229) : Diversity Loss: 9.5170, Constructive RL loss: 614.6432
[2026-09-04 06:03:55] utils.py(229) : Rank 0 >> Epoch 1: Train (25%)
[2026-09-04 06:03:55] utils.py(229) : [Construction] Score: 26.5974,  Loss: 614.5389,  Infeasible_rate: [100.0000%, 100.0000%], out: 77.7489, out_nodes: 24, Feasible_dist: 0.0000
[2026-09-04 06:03:55] utils.py(229) : [Improvement] Score: 146.1923 [BSF: 145.0708],  Loss: 9.8079,  Infeasible_rate: [100.0000%, 100.0000%], out: 154.7592, out_nodes: 55, Feasible_dist: 0.0000, Entropy: 2.4204
[2026-09-04 06:03:55] utils.py(229) : Diversity Loss: 9.5167, Constructive RL loss: 614.6341
[2026-09-04 06:03:57] utils.py(229) : Rank 0 >> Epoch 1: Train (25%)
[2026-09-04 06:03:57] utils.py(229) : [Construction] Score: 26.5888,  Loss: 615.5070,  Infeasible_rate: [100.0000%, 100.0000%], out: 77.5984, out_nodes: 24, Feasible_dist: 0.0000
[2026-09-04 06:03:57] utils.py(229) : [Improvement] Score: 145.9353 [BSF: 144.7857],  Loss: 9.8059,  Infeasible_rate: [100.0000%, 100.0000%], out: 154.2035, out_nodes: 55, Feasible_dist: 0.0000, Entropy: 2.4193
[2026-09-04 06:03:57] utils.py(229) : Diversity Loss: 9.5181, Constructive RL loss: 615.6022
[2026-09-04 06:03:59] utils.py(229) : Rank 0 >> Epoch 1: Train (30%)
[2026-09-04 06:03:59] utils.py(229) : [Construction] Score: 26.5697,  Loss: 616.6040,  Infeasible_rate: [100.0000%, 100.0000%], out: 77.5076, out_nodes: 24, Feasible_dist: 0.0000
[2026-09-04 06:03:59] utils.py(229) : [Improvement] Score: 145.7415 [BSF: 144.5933],  Loss: 9.7407,  Infeasible_rate: [100.0000%, 100.0000%], out: 154.1176, out_nodes: 55, Feasible_dist: 0.0000, Entropy: 2.4194
[2026-09-04 06:03:59] utils.py(229) : Diversity Loss: 9.5186, Constructive RL loss: 616.6992
[2026-09-04 06:04:01] utils.py(229) : Rank 0 >> Epoch 1: Train (30%)
[2026-09-04 06:04:01] utils.py(229) : [Construction] Score: 26.5695,  Loss: 615.3644,  Infeasible_rate: [100.0000%, 100.0000%], out: 77.4754, out_nodes: 24, Feasible_dist: 0.0000
[2026-09-04 06:04:01] utils.py(229) : [Improvement] Score: 145.6496 [BSF: 144.5027],  Loss: 9.6770,  Infeasible_rate: [100.0000%, 100.0000%], out: 153.8000, out_nodes: 55, Feasible_dist: 0.0000, Entropy: 2.4196
[2026-09-04 06:04:01] utils.py(229) : Diversity Loss: 9.5194, Constructive RL loss: 615.4596
[2026-09-04 06:04:03] utils.py(229) : Rank 0 >> Epoch 1: Train (30%)
[2026-09-04 06:04:03] utils.py(229) : [Construction] Score: 26.5758,  Loss: 615.2656,  Infeasible_rate: [100.0000%, 100.0000%], out: 77.4559, out_nodes: 24, Feasible_dist: 0.0000
[2026-09-04 06:04:03] utils.py(229) : [Improvement] Score: 145.5513 [BSF: 144.4098],  Loss: 9.7334,  Infeasible_rate: [100.0000%, 100.0000%], out: 153.8422, out_nodes: 55, Feasible_dist: 0.0000, Entropy: 2.4216
[2026-09-04 06:04:03] utils.py(229) : Diversity Loss: 9.5199, Constructive RL loss: 615.3608
[2026-09-04 06:04:05] utils.py(229) : Rank 0 >> Epoch 1: Train (30%)
[2026-09-04 06:04:05] utils.py(229) : [Construction] Score: 26.5940,  Loss: 616.9742,  Infeasible_rate: [100.0000%, 100.0000%], out: 77.2136, out_nodes: 24, Feasible_dist: 0.0000
[2026-09-04 06:04:05] utils.py(229) : [Improvement] Score: 145.5404 [BSF: 144.3786],  Loss: 9.7524,  Infeasible_rate: [100.0000%, 100.0000%], out: 153.6429, out_nodes: 55, Feasible_dist: 0.0000, Entropy: 2.4228
[2026-09-04 06:04:05] utils.py(229) : Diversity Loss: 9.5206, Constructive RL loss: 617.0694
[2026-09-04 06:04:07] utils.py(229) : Rank 0 >> Epoch 1: Train (30%)
[2026-09-04 06:04:07] utils.py(229) : [Construction] Score: 26.5955,  Loss: 617.6115,  Infeasible_rate: [100.0000%, 100.0000%], out: 77.1345, out_nodes: 24, Feasible_dist: 0.0000
[2026-09-04 06:04:07] utils.py(229) : [Improvement] Score: 145.3159 [BSF: 144.1758],  Loss: 9.7013,  Infeasible_rate: [100.0000%, 100.0000%], out: 153.4806, out_nodes: 55, Feasible_dist: 0.0000, Entropy: 2.4215
[2026-09-04 06:04:07] utils.py(229) : Diversity Loss: 9.5220, Constructive RL loss: 617.7067
[2026-09-04 06:04:10] utils.py(229) : Rank 0 >> Epoch 1: Train (30%)
[2026-09-04 06:04:10] utils.py(229) : [Construction] Score: 26.5745,  Loss: 616.5221,  Infeasible_rate: [100.0000%, 100.0000%], out: 76.7964, out_nodes: 24, Feasible_dist: 0.0000
[2026-09-04 06:04:10] utils.py(229) : [Improvement] Score: 144.9199 [BSF: 143.8008],  Loss: 9.6547,  Infeasible_rate: [100.0000%, 100.0000%], out: 153.0806, out_nodes: 55, Feasible_dist: 0.0000, Entropy: 2.4230
[2026-09-04 06:04:10] utils.py(229) : Diversity Loss: 9.5225, Constructive RL loss: 616.6173
[2026-09-04 06:04:12] utils.py(229) : Rank 0 >> Epoch 1: Train (30%)
[2026-09-04 06:04:12] utils.py(229) : [Construction] Score: 26.5735,  Loss: 615.1136,  Infeasible_rate: [100.0000%, 100.0000%], out: 76.9901, out_nodes: 24, Feasible_dist: 0.0000
[2026-09-04 06:04:12] utils.py(229) : [Improvement] Score: 144.9852 [BSF: 143.8680],  Loss: 9.7080,  Infeasible_rate: [100.0000%, 100.0000%], out: 153.2488, out_nodes: 55, Feasible_dist: 0.0000, Entropy: 2.4225
[2026-09-04 06:04:12] utils.py(229) : Diversity Loss: 9.5218, Constructive RL loss: 615.2088
[2026-09-04 06:04:14] utils.py(229) : Rank 0 >> Epoch 1: Train (30%)
[2026-09-04 06:04:14] utils.py(229) : [Construction] Score: 26.5800,  Loss: 612.8560,  Infeasible_rate: [100.0000%, 100.0000%], out: 77.1348, out_nodes: 24, Feasible_dist: 0.0000
[2026-09-04 06:04:14] utils.py(229) : [Improvement] Score: 145.1064 [BSF: 143.9413],  Loss: 9.7417,  Infeasible_rate: [100.0000%, 100.0000%], out: 153.1338, out_nodes: 55, Feasible_dist: 0.0000, Entropy: 2.4228
[2026-09-04 06:04:14] utils.py(229) : Diversity Loss: 9.5208, Constructive RL loss: 612.9512
[2026-09-04 06:04:16] utils.py(229) : Rank 0 >> Epoch 1: Train (35%)
[2026-09-04 06:04:16] utils.py(229) : [Construction] Score: 26.5729,  Loss: 612.3944,  Infeasible_rate: [100.0000%, 100.0000%], out: 76.9497, out_nodes: 24, Feasible_dist: 0.0000
[2026-09-04 06:04:16] utils.py(229) : [Improvement] Score: 144.9497 [BSF: 143.7730],  Loss: 9.7707,  Infeasible_rate: [100.0000%, 100.0000%], out: 152.9507, out_nodes: 55, Feasible_dist: 0.0000, Entropy: 2.4237
[2026-09-04 06:04:16] utils.py(229) : Diversity Loss: 9.5213, Constructive RL loss: 612.4896
[2026-09-04 06:04:18] utils.py(229) : Rank 0 >> Epoch 1: Train (35%)
[2026-09-04 06:04:18] utils.py(229) : [Construction] Score: 26.5633,  Loss: 613.4213,  Infeasible_rate: [100.0000%, 100.0000%], out: 76.8699, out_nodes: 24, Feasible_dist: 0.0000
[2026-09-04 06:04:18] utils.py(229) : [Improvement] Score: 144.8378 [BSF: 143.6565],  Loss: 9.7948,  Infeasible_rate: [100.0000%, 100.0000%], out: 152.8520, out_nodes: 55, Feasible_dist: 0.0000, Entropy: 2.4235
[2026-09-04 06:04:18] utils.py(229) : Diversity Loss: 9.5220, Constructive RL loss: 613.5166
[2026-09-04 06:04:21] utils.py(229) : Rank 0 >> Epoch 1: Train (35%)
[2026-09-04 06:04:21] utils.py(229) : [Construction] Score: 26.5712,  Loss: 612.8067,  Infeasible_rate: [100.0000%, 100.0000%], out: 76.8260, out_nodes: 24, Feasible_dist: 0.0000
[2026-09-04 06:04:21] utils.py(229) : [Improvement] Score: 144.8711 [BSF: 143.6738],  Loss: 9.7980,  Infeasible_rate: [100.0000%, 100.0000%], out: 152.9487, out_nodes: 55, Feasible_dist: 0.0000, Entropy: 2.4237
[2026-09-04 06:04:21] utils.py(229) : Diversity Loss: 9.5234, Constructive RL loss: 612.9019
[2026-09-04 06:04:23] utils.py(229) : Rank 0 >> Epoch 1: Train (35%)
[2026-09-04 06:04:23] utils.py(229) : [Construction] Score: 26.5580,  Loss: 614.0964,  Infeasible_rate: [100.0000%, 100.0000%], out: 76.6077, out_nodes: 24, Feasible_dist: 0.0000
[2026-09-04 06:04:23] utils.py(229) : [Improvement] Score: 144.6805 [BSF: 143.4592],  Loss: 9.7699,  Infeasible_rate: [100.0000%, 100.0000%], out: 152.6695, out_nodes: 55, Feasible_dist: 0.0000, Entropy: 2.4229
[2026-09-04 06:04:23] utils.py(229) : Diversity Loss: 9.5245, Constructive RL loss: 614.1917
[2026-09-04 06:04:25] utils.py(229) : Rank 0 >> Epoch 1: Train (35%)
[2026-09-04 06:04:25] utils.py(229) : [Construction] Score: 26.5514,  Loss: 613.8141,  Infeasible_rate: [100.0000%, 100.0000%], out: 76.5779, out_nodes: 24, Feasible_dist: 0.0000
[2026-09-04 06:04:25] utils.py(229) : [Improvement] Score: 144.6203 [BSF: 143.3903],  Loss: 9.7364,  Infeasible_rate: [100.0000%, 100.0000%], out: 152.6558, out_nodes: 55, Feasible_dist: 0.0000, Entropy: 2.4234
[2026-09-04 06:04:25] utils.py(229) : Diversity Loss: 9.5236, Constructive RL loss: 613.9094
[2026-09-04 06:04:27] utils.py(229) : Rank 0 >> Epoch 1: Train (35%)
[2026-09-04 06:04:27] utils.py(229) : [Construction] Score: 26.5350,  Loss: 617.3376,  Infeasible_rate: [100.0000%, 100.0000%], out: 76.5994, out_nodes: 24, Feasible_dist: 0.0000
[2026-09-04 06:04:27] utils.py(229) : [Improvement] Score: 144.6244 [BSF: 143.4142],  Loss: 9.7296,  Infeasible_rate: [100.0000%, 100.0000%], out: 152.6493, out_nodes: 55, Feasible_dist: 0.0000, Entropy: 2.4231
[2026-09-04 06:04:27] utils.py(229) : Diversity Loss: 9.5230, Constructive RL loss: 617.4328
[2026-09-04 06:04:29] utils.py(229) : Rank 0 >> Epoch 1: Train (35%)
[2026-09-04 06:04:29] utils.py(229) : [Construction] Score: 26.5417,  Loss: 614.7706,  Infeasible_rate: [100.0000%, 100.0000%], out: 76.4024, out_nodes: 24, Feasible_dist: 0.0000
[2026-09-04 06:04:29] utils.py(229) : [Improvement] Score: 144.4854 [BSF: 143.2668],  Loss: 9.7646,  Infeasible_rate: [100.0000%, 100.0000%], out: 152.4829, out_nodes: 55, Feasible_dist: 0.0000, Entropy: 2.4228
[2026-09-04 06:04:29] utils.py(229) : Diversity Loss: 9.5233, Constructive RL loss: 614.8658
[2026-09-04 06:04:31] utils.py(229) : Rank 0 >> Epoch 1: Train (35%)
[2026-09-04 06:04:31] utils.py(229) : [Construction] Score: 26.5350,  Loss: 614.6628,  Infeasible_rate: [100.0000%, 100.0000%], out: 76.2735, out_nodes: 24, Feasible_dist: 0.0000
[2026-09-04 06:04:31] utils.py(229) : [Improvement] Score: 144.6308 [BSF: 143.3675],  Loss: 9.7328,  Infeasible_rate: [100.0000%, 100.0000%], out: 152.6108, out_nodes: 55, Feasible_dist: 0.0000, Entropy: 2.4224
[2026-09-04 06:04:31] utils.py(229) : Diversity Loss: 9.5234, Constructive RL loss: 614.7581
[2026-09-04 06:04:34] utils.py(229) : Rank 0 >> Epoch 1: Train (40%)
[2026-09-04 06:04:34] utils.py(229) : [Construction] Score: 26.5422,  Loss: 613.2587,  Infeasible_rate: [100.0000%, 100.0000%], out: 76.3981, out_nodes: 24, Feasible_dist: 0.0000
[2026-09-04 06:04:34] utils.py(229) : [Improvement] Score: 144.7923 [BSF: 143.5094],  Loss: 9.7768,  Infeasible_rate: [100.0000%, 100.0000%], out: 152.9947, out_nodes: 55, Feasible_dist: 0.0000, Entropy: 2.4222
[2026-09-04 06:04:34] utils.py(229) : Diversity Loss: 9.5225, Constructive RL loss: 613.3540
[2026-09-04 06:04:36] utils.py(229) : Rank 0 >> Epoch 1: Train (40%)
[2026-09-04 06:04:36] utils.py(229) : [Construction] Score: 26.5373,  Loss: 614.7516,  Infeasible_rate: [100.0000%, 100.0000%], out: 76.5276, out_nodes: 24, Feasible_dist: 0.0000
[2026-09-04 06:04:36] utils.py(229) : [Improvement] Score: 145.0097 [BSF: 143.7415],  Loss: 9.7991,  Infeasible_rate: [100.0000%, 100.0000%], out: 153.1941, out_nodes: 55, Feasible_dist: 0.0000, Entropy: 2.4223
[2026-09-04 06:04:36] utils.py(229) : Diversity Loss: 9.5220, Constructive RL loss: 614.8468
[2026-09-04 06:04:38] utils.py(229) : Rank 0 >> Epoch 1: Train (40%)
[2026-09-04 06:04:38] utils.py(229) : [Construction] Score: 26.5385,  Loss: 616.2076,  Infeasible_rate: [100.0000%, 100.0000%], out: 76.3954, out_nodes: 24, Feasible_dist: 0.0000
[2026-09-04 06:04:38] utils.py(229) : [Improvement] Score: 144.7558 [BSF: 143.5057],  Loss: 9.8026,  Infeasible_rate: [100.0000%, 100.0000%], out: 153.0531, out_nodes: 55, Feasible_dist: 0.0000, Entropy: 2.4221
[2026-09-04 06:04:38] utils.py(229) : Diversity Loss: 9.5234, Constructive RL loss: 616.3028
[2026-09-04 06:04:40] utils.py(229) : Rank 0 >> Epoch 1: Train (40%)
[2026-09-04 06:04:40] utils.py(229) : [Construction] Score: 26.5456,  Loss: 613.0797,  Infeasible_rate: [100.0000%, 100.0000%], out: 76.2563, out_nodes: 24, Feasible_dist: 0.0000
[2026-09-04 06:04:40] utils.py(229) : [Improvement] Score: 144.7745 [BSF: 143.4701],  Loss: 9.8069,  Infeasible_rate: [100.0000%, 100.0000%], out: 152.8895, out_nodes: 55, Feasible_dist: 0.0000, Entropy: 2.4214
[2026-09-04 06:04:40] utils.py(229) : Diversity Loss: 9.5248, Constructive RL loss: 613.1749
[2026-09-04 06:04:43] utils.py(229) : Rank 0 >> Epoch 1: Train (40%)
[2026-09-04 06:04:43] utils.py(229) : [Construction] Score: 26.5429,  Loss: 615.8596,  Infeasible_rate: [100.0000%, 100.0000%], out: 76.2719, out_nodes: 24, Feasible_dist: 0.0000
[2026-09-04 06:04:43] utils.py(229) : [Improvement] Score: 144.7969 [BSF: 143.5003],  Loss: 9.8775,  Infeasible_rate: [100.0000%, 100.0000%], out: 153.0756, out_nodes: 55, Feasible_dist: 0.0000, Entropy: 2.4217
[2026-09-04 06:04:43] utils.py(229) : Diversity Loss: 9.5241, Constructive RL loss: 615.9548
[2026-09-04 06:04:45] utils.py(229) : Rank 0 >> Epoch 1: Train (40%)
[2026-09-04 06:04:45] utils.py(229) : [Construction] Score: 26.5529,  Loss: 614.4705,  Infeasible_rate: [100.0000%, 100.0000%], out: 76.1739, out_nodes: 24, Feasible_dist: 0.0000
[2026-09-04 06:04:45] utils.py(229) : [Improvement] Score: 144.7569 [BSF: 143.4685],  Loss: 9.8513,  Infeasible_rate: [100.0000%, 100.0000%], out: 152.8835, out_nodes: 55, Feasible_dist: 0.0000, Entropy: 2.4220
[2026-09-04 06:04:45] utils.py(229) : Diversity Loss: 9.5236, Constructive RL loss: 614.5658
[2026-09-04 06:04:47] utils.py(229) : Rank 0 >> Epoch 1: Train (40%)
[2026-09-04 06:04:47] utils.py(229) : [Construction] Score: 26.5315,  Loss: 614.8380,  Infeasible_rate: [100.0000%, 100.0000%], out: 76.2502, out_nodes: 24, Feasible_dist: 0.0000
[2026-09-04 06:04:47] utils.py(229) : [Improvement] Score: 144.8126 [BSF: 143.5423],  Loss: 9.8356,  Infeasible_rate: [100.0000%, 100.0000%], out: 152.8402, out_nodes: 55, Feasible_dist: 0.0000, Entropy: 2.4218
[2026-09-04 06:04:47] utils.py(229) : Diversity Loss: 9.5245, Constructive RL loss: 614.9333
[2026-09-04 06:04:49] utils.py(229) : Rank 0 >> Epoch 1: Train (40%)
[2026-09-04 06:04:49] utils.py(229) : [Construction] Score: 26.5484,  Loss: 614.3238,  Infeasible_rate: [100.0000%, 100.0000%], out: 76.3180, out_nodes: 24, Feasible_dist: 0.0000
[2026-09-04 06:04:49] utils.py(229) : [Improvement] Score: 144.9580 [BSF: 143.6917],  Loss: 9.8003,  Infeasible_rate: [100.0000%, 100.0000%], out: 152.9293, out_nodes: 55, Feasible_dist: 0.0000, Entropy: 2.4213
[2026-09-04 06:04:49] utils.py(229) : Diversity Loss: 9.5244, Constructive RL loss: 614.4191
[2026-09-04 06:04:51] utils.py(229) : Rank 0 >> Epoch 1: Train (45%)
[2026-09-04 06:04:51] utils.py(229) : [Construction] Score: 26.5665,  Loss: 607.3010,  Infeasible_rate: [100.0000%, 100.0000%], out: 75.6742, out_nodes: 24, Feasible_dist: 0.0000
[2026-09-04 06:04:51] utils.py(229) : [Improvement] Score: 144.0516 [BSF: 142.7956],  Loss: 9.6869,  Infeasible_rate: [100.0000%, 100.0000%], out: 151.3397, out_nodes: 55, Feasible_dist: 0.0000, Entropy: 2.4246
[2026-09-04 06:04:51] utils.py(229) : Diversity Loss: 9.5350, Constructive RL loss: 607.3963
[2026-09-04 06:04:54] utils.py(229) : Rank 0 >> Epoch 1: Train (45%)
[2026-09-04 06:04:54] utils.py(229) : [Construction] Score: 26.6065,  Loss: 601.7593,  Infeasible_rate: [100.0000%, 100.0000%], out: 75.0562, out_nodes: 24, Feasible_dist: 0.0000
[2026-09-04 06:04:54] utils.py(229) : [Improvement] Score: 143.2599 [BSF: 142.0209],  Loss: 9.5835,  Infeasible_rate: [100.0000%, 100.0000%], out: 149.8630, out_nodes: 55, Feasible_dist: 0.0000, Entropy: 2.4275
[2026-09-04 06:04:54] utils.py(229) : Diversity Loss: 9.5460, Constructive RL loss: 601.8548
[2026-09-04 06:04:56] utils.py(229) : Rank 0 >> Epoch 1: Train (45%)
[2026-09-04 06:04:56] utils.py(229) : [Construction] Score: 26.6381,  Loss: 595.1932,  Infeasible_rate: [100.0000%, 100.0000%], out: 74.4042, out_nodes: 24, Feasible_dist: 0.0000
[2026-09-04 06:04:56] utils.py(229) : [Improvement] Score: 142.4363 [BSF: 141.2139],  Loss: 9.4898,  Infeasible_rate: [100.0000%, 100.0000%], out: 148.3582, out_nodes: 54, Feasible_dist: 0.0000, Entropy: 2.4316
[2026-09-04 06:04:56] utils.py(229) : Diversity Loss: 9.5567, Constructive RL loss: 595.2888
[2026-09-04 06:04:58] utils.py(229) : Rank 0 >> Epoch 1: Train (45%)
[2026-09-04 06:04:58] utils.py(229) : [Construction] Score: 26.6702,  Loss: 589.5293,  Infeasible_rate: [100.0000%, 100.0000%], out: 73.8677, out_nodes: 24, Feasible_dist: 0.0000
[2026-09-04 06:04:58] utils.py(229) : [Improvement] Score: 141.6866 [BSF: 140.4771],  Loss: 9.3905,  Infeasible_rate: [100.0000%, 100.0000%], out: 146.9678, out_nodes: 54, Feasible_dist: 0.0000, Entropy: 2.4351
[2026-09-04 06:04:58] utils.py(229) : Diversity Loss: 9.5662, Constructive RL loss: 589.6249
[2026-09-04 06:05:01] utils.py(229) : Rank 0 >> Epoch 1: Train (45%)
[2026-09-04 06:05:01] utils.py(229) : [Construction] Score: 26.7039,  Loss: 583.1418,  Infeasible_rate: [100.0000%, 100.0000%], out: 73.2780, out_nodes: 24, Feasible_dist: 0.0000
[2026-09-04 06:05:01] utils.py(229) : [Improvement] Score: 140.9029 [BSF: 139.7091],  Loss: 9.2834,  Infeasible_rate: [100.0000%, 100.0000%], out: 145.5996, out_nodes: 54, Feasible_dist: 0.0000, Entropy: 2.4384
[2026-09-04 06:05:01] utils.py(229) : Diversity Loss: 9.5755, Constructive RL loss: 583.2376
[2026-09-04 06:05:03] utils.py(229) : Rank 0 >> Epoch 1: Train (45%)
[2026-09-04 06:05:03] utils.py(229) : [Construction] Score: 26.7347,  Loss: 577.2561,  Infeasible_rate: [100.0000%, 100.0000%], out: 72.7463, out_nodes: 24, Feasible_dist: 0.0000
[2026-09-04 06:05:03] utils.py(229) : [Improvement] Score: 140.1452 [BSF: 138.9645],  Loss: 9.1796,  Infeasible_rate: [100.0000%, 100.0000%], out: 144.2827, out_nodes: 53, Feasible_dist: 0.0000, Entropy: 2.4414
[2026-09-04 06:05:03] utils.py(229) : Diversity Loss: 9.5848, Constructive RL loss: 577.3520
[2026-09-04 06:05:06] utils.py(229) : Rank 0 >> Epoch 1: Train (45%)
[2026-09-04 06:05:06] utils.py(229) : [Construction] Score: 26.7628,  Loss: 572.2355,  Infeasible_rate: [100.0000%, 100.0000%], out: 72.1304, out_nodes: 24, Feasible_dist: 0.0000
[2026-09-04 06:05:06] utils.py(229) : [Improvement] Score: 139.2783 [BSF: 138.1015],  Loss: 9.0673,  Infeasible_rate: [100.0000%, 100.0000%], out: 142.9039, out_nodes: 53, Feasible_dist: 0.0000, Entropy: 2.4444
[2026-09-04 06:05:06] utils.py(229) : Diversity Loss: 9.5965, Constructive RL loss: 572.3314
[2026-09-04 06:05:08] utils.py(229) : Rank 0 >> Epoch 1: Train (45%)
[2026-09-04 06:05:08] utils.py(229) : [Construction] Score: 26.8010,  Loss: 566.6546,  Infeasible_rate: [100.0000%, 100.0000%], out: 71.5238, out_nodes: 23, Feasible_dist: 0.0000
[2026-09-04 06:05:08] utils.py(229) : [Improvement] Score: 138.4991 [BSF: 137.3347],  Loss: 8.9609,  Infeasible_rate: [100.0000%, 100.0000%], out: 141.5944, out_nodes: 53, Feasible_dist: 0.0000, Entropy: 2.4471
[2026-09-04 06:05:08] utils.py(229) : Diversity Loss: 9.6063, Constructive RL loss: 566.7506
[2026-09-04 06:05:11] utils.py(229) : Rank 0 >> Epoch 1: Train (50%)
[2026-09-04 06:05:11] utils.py(229) : [Construction] Score: 26.8628,  Loss: 558.8734,  Infeasible_rate: [100.0000%, 100.0000%], out: 70.7510, out_nodes: 23, Feasible_dist: 0.0000
[2026-09-04 06:05:11] utils.py(229) : [Improvement] Score: 137.5698 [BSF: 136.4174],  Loss: 8.8492,  Infeasible_rate: [100.0000%, 100.0000%], out: 140.0288, out_nodes: 52, Feasible_dist: 0.0000, Entropy: 2.4514
[2026-09-04 06:05:11] utils.py(229) : Diversity Loss: 9.6256, Constructive RL loss: 558.9697
[2026-09-04 06:05:13] utils.py(229) : Rank 0 >> Epoch 1: Train (50%)
[2026-09-04 06:05:13] utils.py(229) : [Construction] Score: 26.9271,  Loss: 551.9038,  Infeasible_rate: [100.0000%, 100.0000%], out: 70.0178, out_nodes: 23, Feasible_dist: 0.0000
[2026-09-04 06:05:13] utils.py(229) : [Improvement] Score: 136.6671 [BSF: 135.5288],  Loss: 8.7397,  Infeasible_rate: [100.0000%, 100.0000%], out: 138.5246, out_nodes: 52, Feasible_dist: 0.0000, Entropy: 2.4554
[2026-09-04 06:05:13] utils.py(229) : Diversity Loss: 9.6442, Constructive RL loss: 552.0002
[2026-09-04 06:05:16] utils.py(229) : Rank 0 >> Epoch 1: Train (50%)
[2026-09-04 06:05:16] utils.py(229) : [Construction] Score: 27.0017,  Loss: 545.0229,  Infeasible_rate: [100.0000%, 100.0000%], out: 69.2619, out_nodes: 23, Feasible_dist: 0.0000
[2026-09-04 06:05:16] utils.py(229) : [Improvement] Score: 135.7891 [BSF: 134.6627],  Loss: 8.6368,  Infeasible_rate: [100.0000%, 100.0000%], out: 137.0012, out_nodes: 52, Feasible_dist: 0.0000, Entropy: 2.4599
[2026-09-04 06:05:16] utils.py(229) : Diversity Loss: 9.6638, Constructive RL loss: 545.1196
[2026-09-04 06:05:18] utils.py(229) : Rank 0 >> Epoch 1: Train (50%)
[2026-09-04 06:05:18] utils.py(229) : [Construction] Score: 27.0672,  Loss: 538.0149,  Infeasible_rate: [100.0000%, 100.0000%], out: 68.5728, out_nodes: 23, Feasible_dist: 0.0000
[2026-09-04 06:05:18] utils.py(229) : [Improvement] Score: 134.9524 [BSF: 133.8390],  Loss: 8.5360,  Infeasible_rate: [100.0000%, 100.0000%], out: 135.5635, out_nodes: 51, Feasible_dist: 0.0000, Entropy: 2.4633
[2026-09-04 06:05:18] utils.py(229) : Diversity Loss: 9.6802, Constructive RL loss: 538.1117
[2026-09-04 06:05:21] utils.py(229) : Rank 0 >> Epoch 1: Train (50%)
[2026-09-04 06:05:21] utils.py(229) : [Construction] Score: 27.1220,  Loss: 531.4863,  Infeasible_rate: [100.0000%, 100.0000%], out: 67.8594, out_nodes: 23, Feasible_dist: 0.0000
[2026-09-04 06:05:21] utils.py(229) : [Improvement] Score: 134.0825 [BSF: 132.9714],  Loss: 8.4423,  Infeasible_rate: [100.0000%, 100.0000%], out: 134.1247, out_nodes: 51, Feasible_dist: 0.0000, Entropy: 2.4670
[2026-09-04 06:05:21] utils.py(229) : Diversity Loss: 9.6970, Constructive RL loss: 531.5833
[2026-09-04 06:05:23] utils.py(229) : Rank 0 >> Epoch 1: Train (50%)
[2026-09-04 06:05:23] utils.py(229) : [Construction] Score: 27.1845,  Loss: 525.2817,  Infeasible_rate: [100.0000%, 100.0000%], out: 67.1655, out_nodes: 22, Feasible_dist: 0.0000
[2026-09-04 06:05:23] utils.py(229) : [Improvement] Score: 133.2528 [BSF: 132.1531],  Loss: 8.3452,  Infeasible_rate: [100.0000%, 100.0000%], out: 132.7238, out_nodes: 51, Feasible_dist: 0.0000, Entropy: 2.4698
[2026-09-04 06:05:23] utils.py(229) : Diversity Loss: 9.7149, Constructive RL loss: 525.3788
[2026-09-04 06:05:26] utils.py(229) : Rank 0 >> Epoch 1: Train (50%)
[2026-09-04 06:05:26] utils.py(229) : [Construction] Score: 27.2500,  Loss: 518.8922,  Infeasible_rate: [100.0000%, 100.0000%], out: 66.5143, out_nodes: 22, Feasible_dist: 0.0000
[2026-09-04 06:05:26] utils.py(229) : [Improvement] Score: 132.4744 [BSF: 131.3871],  Loss: 8.2467,  Infeasible_rate: [100.0000%, 100.0000%], out: 131.3827, out_nodes: 50, Feasible_dist: 0.0000, Entropy: 2.4734
[2026-09-04 06:05:26] utils.py(229) : Diversity Loss: 9.7312, Constructive RL loss: 518.9895
[2026-09-04 06:05:28] utils.py(229) : Rank 0 >> Epoch 1: Train (50%)
[2026-09-04 06:05:28] utils.py(229) : [Construction] Score: 27.3068,  Loss: 512.6327,  Infeasible_rate: [100.0000%, 100.0000%], out: 65.8486, out_nodes: 22, Feasible_dist: 0.0000
[2026-09-04 06:05:28] utils.py(229) : [Improvement] Score: 131.6868 [BSF: 130.6084],  Loss: 8.1457,  Infeasible_rate: [100.0000%, 100.0000%], out: 130.0379, out_nodes: 50, Feasible_dist: 0.0000, Entropy: 2.4773
[2026-09-04 06:05:28] utils.py(229) : Diversity Loss: 9.7464, Constructive RL loss: 512.7302
[2026-09-04 06:05:31] utils.py(229) : Rank 0 >> Epoch 1: Train (55%)
[2026-09-04 06:05:31] utils.py(229) : [Construction] Score: 27.4004,  Loss: 506.6864,  Infeasible_rate: [100.0000%, 100.0000%], out: 65.1539, out_nodes: 22, Feasible_dist: 0.0000
[2026-09-04 06:05:31] utils.py(229) : [Improvement] Score: 130.8601 [BSF: 129.7921],  Loss: 8.0538,  Infeasible_rate: [100.0000%, 100.0000%], out: 128.6531, out_nodes: 49, Feasible_dist: 0.0000, Entropy: 2.4808
[2026-09-04 06:05:31] utils.py(229) : Diversity Loss: 9.7649, Constructive RL loss: 506.7841
[2026-09-04 06:05:34] utils.py(229) : Rank 0 >> Epoch 1: Train (55%)
[2026-09-04 06:05:34] utils.py(229) : [Construction] Score: 27.5130,  Loss: 500.8026,  Infeasible_rate: [100.0000%, 100.0000%], out: 64.4637, out_nodes: 22, Feasible_dist: 0.0000
[2026-09-04 06:05:34] utils.py(229) : [Improvement] Score: 130.0732 [BSF: 129.0127],  Loss: 7.9653,  Infeasible_rate: [100.0000%, 100.0000%], out: 127.2977, out_nodes: 49, Feasible_dist: 0.0000, Entropy: 2.4844
[2026-09-04 06:05:34] utils.py(229) : Diversity Loss: 9.7837, Constructive RL loss: 500.9005
[2026-09-04 06:05:37] utils.py(229) : Rank 0 >> Epoch 1: Train (55%)
[2026-09-04 06:05:37] utils.py(229) : [Construction] Score: 27.6036,  Loss: 494.9837,  Infeasible_rate: [100.0000%, 100.0000%], out: 63.7939, out_nodes: 22, Feasible_dist: 0.0000
[2026-09-04 06:05:37] utils.py(229) : [Improvement] Score: 129.2854 [BSF: 128.2361],  Loss: 7.8777,  Infeasible_rate: [100.0000%, 100.0000%], out: 125.9832, out_nodes: 49, Feasible_dist: 0.0000, Entropy: 2.4880
[2026-09-04 06:05:37] utils.py(229) : Diversity Loss: 9.8023, Constructive RL loss: 495.0818
[2026-09-04 06:05:39] utils.py(229) : Rank 0 >> Epoch 1: Train (55%)
[2026-09-04 06:05:39] utils.py(229) : [Construction] Score: 27.6851,  Loss: 489.1639,  Infeasible_rate: [100.0000%, 100.0000%], out: 63.1423, out_nodes: 21, Feasible_dist: 0.0000
[2026-09-04 06:05:39] utils.py(229) : [Improvement] Score: 128.5113 [BSF: 127.4701],  Loss: 7.7913,  Infeasible_rate: [100.0000%, 100.0000%], out: 124.7014, out_nodes: 48, Feasible_dist: 0.0000, Entropy: 2.4906
[2026-09-04 06:05:39] utils.py(229) : Diversity Loss: 9.8212, Constructive RL loss: 489.2621
[2026-09-04 06:05:42] utils.py(229) : Rank 0 >> Epoch 1: Train (55%)
[2026-09-04 06:05:42] utils.py(229) : [Construction] Score: 27.7770,  Loss: 483.6623,  Infeasible_rate: [100.0000%, 100.0000%], out: 62.5126, out_nodes: 21, Feasible_dist: 0.0000
[2026-09-04 06:05:42] utils.py(229) : [Improvement] Score: 127.7689 [BSF: 126.7384],  Loss: 7.7063,  Infeasible_rate: [100.0000%, 100.0000%], out: 123.4404, out_nodes: 48, Feasible_dist: 0.0000, Entropy: 2.4948
[2026-09-04 06:05:42] utils.py(229) : Diversity Loss: 9.8394, Constructive RL loss: 483.7607
[2026-09-04 06:05:45] utils.py(229) : Rank 0 >> Epoch 1: Train (55%)
[2026-09-04 06:05:45] utils.py(229) : [Construction] Score: 27.8597,  Loss: 478.0453,  Infeasible_rate: [100.0000%, 100.0000%], out: 61.8891, out_nodes: 21, Feasible_dist: 0.0000
[2026-09-04 06:05:45] utils.py(229) : [Improvement] Score: 127.0605 [BSF: 126.0340],  Loss: 7.6233,  Infeasible_rate: [100.0000%, 100.0000%], out: 122.2176, out_nodes: 48, Feasible_dist: 0.0000, Entropy: 2.4974
[2026-09-04 06:05:45] utils.py(229) : Diversity Loss: 9.8565, Constructive RL loss: 478.1439
[2026-09-04 06:05:47] utils.py(229) : Rank 0 >> Epoch 1: Train (55%)
[2026-09-04 06:05:47] utils.py(229) : [Construction] Score: 27.9361,  Loss: 472.7913,  Infeasible_rate: [100.0000%, 100.0000%], out: 61.2729, out_nodes: 21, Feasible_dist: 0.0000
[2026-09-04 06:05:47] utils.py(229) : [Improvement] Score: 126.3307 [BSF: 125.3122],  Loss: 7.5416,  Infeasible_rate: [100.0000%, 100.0000%], out: 120.9974, out_nodes: 47, Feasible_dist: 0.0000, Entropy: 2.5013
[2026-09-04 06:05:47] utils.py(229) : Diversity Loss: 9.8728, Constructive RL loss: 472.8900
[2026-09-04 06:05:50] utils.py(229) : Rank 0 >> Epoch 1: Train (55%)
[2026-09-04 06:05:50] utils.py(229) : [Construction] Score: 28.0259,  Loss: 467.6390,  Infeasible_rate: [100.0000%, 100.0000%], out: 60.6660, out_nodes: 21, Feasible_dist: 0.0000
[2026-09-04 06:05:50] utils.py(229) : [Improvement] Score: 125.6264 [BSF: 124.6161],  Loss: 7.4620,  Infeasible_rate: [100.0000%, 100.0000%], out: 119.8067, out_nodes: 47, Feasible_dist: 0.0000, Entropy: 2.5042
[2026-09-04 06:05:50] utils.py(229) : Diversity Loss: 9.8884, Constructive RL loss: 467.7379
[2026-09-04 06:05:53] utils.py(229) : Rank 0 >> Epoch 1: Train (60%)
[2026-09-04 06:05:53] utils.py(229) : [Construction] Score: 28.1258,  Loss: 462.6774,  Infeasible_rate: [100.0000%, 100.0000%], out: 60.0604, out_nodes: 20, Feasible_dist: 0.0000
[2026-09-04 06:05:53] utils.py(229) : [Improvement] Score: 124.9267 [BSF: 123.9227],  Loss: 7.3858,  Infeasible_rate: [100.0000%, 100.0000%], out: 118.6273, out_nodes: 47, Feasible_dist: 0.0000, Entropy: 2.5084
[2026-09-04 06:05:53] utils.py(229) : Diversity Loss: 9.9060, Constructive RL loss: 462.7765
[2026-09-04 06:05:56] utils.py(229) : Rank 0 >> Epoch 1: Train (60%)
[2026-09-04 06:05:56] utils.py(229) : [Construction] Score: 28.2211,  Loss: 457.7458,  Infeasible_rate: [100.0000%, 100.0000%], out: 59.4665, out_nodes: 20, Feasible_dist: 0.0000
[2026-09-04 06:05:56] utils.py(229) : [Improvement] Score: 124.2343 [BSF: 123.2386],  Loss: 7.3099,  Infeasible_rate: [100.0000%, 100.0000%], out: 117.4676, out_nodes: 46, Feasible_dist: 0.0000, Entropy: 2.5115
[2026-09-04 06:05:56] utils.py(229) : Diversity Loss: 9.9245, Constructive RL loss: 457.8450
[2026-09-04 06:05:58] utils.py(229) : Rank 0 >> Epoch 1: Train (60%)
[2026-09-04 06:05:58] utils.py(229) : [Construction] Score: 28.3384,  Loss: 452.9676,  Infeasible_rate: [100.0000%, 100.0000%], out: 58.8867, out_nodes: 20, Feasible_dist: 0.0000
[2026-09-04 06:05:58] utils.py(229) : [Improvement] Score: 123.5682 [BSF: 122.5816],  Loss: 7.2368,  Infeasible_rate: [100.0000%, 100.0000%], out: 116.3301, out_nodes: 46, Feasible_dist: 0.0000, Entropy: 2.5147
[2026-09-04 06:05:58] utils.py(229) : Diversity Loss: 9.9398, Constructive RL loss: 453.0670
[2026-09-04 06:06:01] utils.py(229) : Rank 0 >> Epoch 1: Train (60%)
[2026-09-04 06:06:01] utils.py(229) : [Construction] Score: 28.4383,  Loss: 448.2489,  Infeasible_rate: [100.0000%, 100.0000%], out: 58.3095, out_nodes: 20, Feasible_dist: 0.0000
[2026-09-04 06:06:01] utils.py(229) : [Improvement] Score: 122.9054 [BSF: 121.9249],  Loss: 7.1661,  Infeasible_rate: [100.0000%, 100.0000%], out: 115.2108, out_nodes: 46, Feasible_dist: 0.0000, Entropy: 2.5180
[2026-09-04 06:06:01] utils.py(229) : Diversity Loss: 9.9556, Constructive RL loss: 448.3484
[2026-09-04 06:06:04] utils.py(229) : Rank 0 >> Epoch 1: Train (60%)
[2026-09-04 06:06:04] utils.py(229) : [Construction] Score: 28.5250,  Loss: 443.6034,  Infeasible_rate: [100.0000%, 100.0000%], out: 57.7488, out_nodes: 20, Feasible_dist: 0.0000
[2026-09-04 06:06:04] utils.py(229) : [Improvement] Score: 122.2445 [BSF: 121.2707],  Loss: 7.0944,  Infeasible_rate: [100.0000%, 100.0000%], out: 114.1163, out_nodes: 45, Feasible_dist: 0.0000, Entropy: 2.5213
[2026-09-04 06:06:04] utils.py(229) : Diversity Loss: 9.9712, Constructive RL loss: 443.7031
[2026-09-04 06:06:08] utils.py(229) : Rank 0 >> Epoch 1: Train (60%)
[2026-09-04 06:06:08] utils.py(229) : [Construction] Score: 28.5950,  Loss: 438.9636,  Infeasible_rate: [100.0000%, 100.0000%], out: 57.2019, out_nodes: 20, Feasible_dist: 0.0000
[2026-09-04 06:06:08] utils.py(229) : [Improvement] Score: 121.5765 [BSF: 120.6059],  Loss: 7.0244,  Infeasible_rate: [100.0000%, 100.0000%], out: 113.0474, out_nodes: 45, Feasible_dist: 0.0000, Entropy: 2.5252
[2026-09-04 06:06:08] utils.py(229) : Diversity Loss: 9.9888, Constructive RL loss: 439.0635
[2026-09-04 06:06:11] utils.py(229) : Rank 0 >> Epoch 1: Train (60%)
[2026-09-04 06:06:11] utils.py(229) : [Construction] Score: 28.6707,  Loss: 434.4874,  Infeasible_rate: [100.0000%, 100.0000%], out: 56.6600, out_nodes: 19, Feasible_dist: 0.0000
[2026-09-04 06:06:11] utils.py(229) : [Improvement] Score: 120.9270 [BSF: 119.9596],  Loss: 6.9558,  Infeasible_rate: [100.0000%, 100.0000%], out: 111.9931, out_nodes: 45, Feasible_dist: 0.0000, Entropy: 2.5285
[2026-09-04 06:06:11] utils.py(229) : Diversity Loss: 10.0030, Constructive RL loss: 434.5875
[2026-09-04 06:06:14] utils.py(229) : Rank 0 >> Epoch 1: Train (60%)
[2026-09-04 06:06:14] utils.py(229) : [Construction] Score: 28.7585,  Loss: 430.0966,  Infeasible_rate: [100.0000%, 100.0000%], out: 56.1303, out_nodes: 19, Feasible_dist: 0.0000
[2026-09-04 06:06:14] utils.py(229) : [Improvement] Score: 120.3093 [BSF: 119.3490],  Loss: 6.8890,  Infeasible_rate: [100.0000%, 100.0000%], out: 110.9588, out_nodes: 44, Feasible_dist: 0.0000, Entropy: 2.5317
[2026-09-04 06:06:14] utils.py(229) : Diversity Loss: 10.0184, Constructive RL loss: 430.1968
[2026-09-04 06:06:17] utils.py(229) : Rank 0 >> Epoch 1: Train (65%)
[2026-09-04 06:06:17] utils.py(229) : [Construction] Score: 28.8612,  Loss: 425.8833,  Infeasible_rate: [100.0000%, 100.0000%], out: 55.6020, out_nodes: 19, Feasible_dist: 0.0000
[2026-09-04 06:06:17] utils.py(229) : [Improvement] Score: 119.6975 [BSF: 118.7429],  Loss: 6.8237,  Infeasible_rate: [100.0000%, 100.0000%], out: 109.9343, out_nodes: 44, Feasible_dist: 0.0000, Entropy: 2.5348
[2026-09-04 06:06:17] utils.py(229) : Diversity Loss: 10.0313, Constructive RL loss: 425.9836
[2026-09-04 06:06:20] utils.py(229) : Rank 0 >> Epoch 1: Train (65%)
[2026-09-04 06:06:20] utils.py(229) : [Construction] Score: 28.9520,  Loss: 421.7475,  Infeasible_rate: [100.0000%, 100.0000%], out: 55.0851, out_nodes: 19, Feasible_dist: 0.0000
[2026-09-04 06:06:20] utils.py(229) : [Improvement] Score: 119.0890 [BSF: 118.1401],  Loss: 6.7597,  Infeasible_rate: [100.0000%, 100.0000%], out: 108.9279, out_nodes: 44, Feasible_dist: 0.0000, Entropy: 2.5381
[2026-09-04 06:06:20] utils.py(229) : Diversity Loss: 10.0447, Constructive RL loss: 421.8479
[2026-09-04 06:06:23] utils.py(229) : Rank 0 >> Epoch 1: Train (65%)
[2026-09-04 06:06:23] utils.py(229) : [Construction] Score: 29.0663,  Loss: 417.6573,  Infeasible_rate: [100.0000%, 100.0000%], out: 54.5783, out_nodes: 19, Feasible_dist: 0.0000
[2026-09-04 06:06:23] utils.py(229) : [Improvement] Score: 118.5166 [BSF: 117.5742],  Loss: 6.6969,  Infeasible_rate: [100.0000%, 100.0000%], out: 107.9455, out_nodes: 44, Feasible_dist: 0.0000, Entropy: 2.5414
[2026-09-04 06:06:23] utils.py(229) : Diversity Loss: 10.0598, Constructive RL loss: 417.7579
[2026-09-04 06:06:26] utils.py(229) : Rank 0 >> Epoch 1: Train (65%)
[2026-09-04 06:06:26] utils.py(229) : [Construction] Score: 29.1495,  Loss: 413.6266,  Infeasible_rate: [100.0000%, 100.0000%], out: 54.0806, out_nodes: 19, Feasible_dist: 0.0000
[2026-09-04 06:06:26] utils.py(229) : [Improvement] Score: 117.9256 [BSF: 116.9872],  Loss: 6.6344,  Infeasible_rate: [100.0000%, 100.0000%], out: 106.9778, out_nodes: 43, Feasible_dist: 0.0000, Entropy: 2.5450
[2026-09-04 06:06:26] utils.py(229) : Diversity Loss: 10.0743, Constructive RL loss: 413.7274
[2026-09-04 06:06:29] utils.py(229) : Rank 0 >> Epoch 1: Train (65%)
[2026-09-04 06:06:29] utils.py(229) : [Construction] Score: 29.2687,  Loss: 409.7925,  Infeasible_rate: [100.0000%, 100.0000%], out: 53.5939, out_nodes: 19, Feasible_dist: 0.0000
[2026-09-04 06:06:29] utils.py(229) : [Improvement] Score: 117.3852 [BSF: 116.4522],  Loss: 6.5738,  Infeasible_rate: [100.0000%, 100.0000%], out: 106.0282, out_nodes: 43, Feasible_dist: 0.0000, Entropy: 2.5485
[2026-09-04 06:06:29] utils.py(229) : Diversity Loss: 10.0873, Constructive RL loss: 409.8934
[2026-09-04 06:06:32] utils.py(229) : Rank 0 >> Epoch 1: Train (65%)
[2026-09-04 06:06:32] utils.py(229) : [Construction] Score: 29.3626,  Loss: 405.9647,  Infeasible_rate: [100.0000%, 100.0000%], out: 53.1145, out_nodes: 18, Feasible_dist: 0.0000
[2026-09-04 06:06:32] utils.py(229) : [Improvement] Score: 116.8338 [BSF: 115.9069],  Loss: 6.5144,  Infeasible_rate: [100.0000%, 100.0000%], out: 105.0969, out_nodes: 43, Feasible_dist: 0.0000, Entropy: 2.5513
[2026-09-04 06:06:32] utils.py(229) : Diversity Loss: 10.0985, Constructive RL loss: 406.0657
[2026-09-04 06:06:34] utils.py(229) : Rank 0 >> Epoch 1: Train (65%)
[2026-09-04 06:06:34] utils.py(229) : [Construction] Score: 29.4538,  Loss: 402.1409,  Infeasible_rate: [100.0000%, 100.0000%], out: 52.6451, out_nodes: 18, Feasible_dist: 0.0000
[2026-09-04 06:06:34] utils.py(229) : [Improvement] Score: 116.2915 [BSF: 115.3705],  Loss: 6.4549,  Infeasible_rate: [100.0000%, 100.0000%], out: 104.1830, out_nodes: 42, Feasible_dist: 0.0000, Entropy: 2.5534
[2026-09-04 06:06:34] utils.py(229) : Diversity Loss: 10.1117, Constructive RL loss: 402.2420
[2026-09-04 06:06:37] utils.py(229) : Rank 0 >> Epoch 1: Train (65%)
[2026-09-04 06:06:37] utils.py(229) : [Construction] Score: 29.5582,  Loss: 398.4558,  Infeasible_rate: [100.0000%, 100.0000%], out: 52.1807, out_nodes: 18, Feasible_dist: 0.0000
[2026-09-04 06:06:37] utils.py(229) : [Improvement] Score: 115.7709 [BSF: 114.8552],  Loss: 6.3969,  Infeasible_rate: [100.0000%, 100.0000%], out: 103.2834, out_nodes: 42, Feasible_dist: 0.0000, Entropy: 2.5561
[2026-09-04 06:06:37] utils.py(229) : Diversity Loss: 10.1249, Constructive RL loss: 398.5571
[2026-09-04 06:06:40] utils.py(229) : Rank 0 >> Epoch 1: Train (70%)
[2026-09-04 06:06:40] utils.py(229) : [Construction] Score: 29.6665,  Loss: 394.8730,  Infeasible_rate: [100.0000%, 100.0000%], out: 51.7243, out_nodes: 18, Feasible_dist: 0.0000
[2026-09-04 06:06:40] utils.py(229) : [Improvement] Score: 115.2516 [BSF: 114.3416],  Loss: 6.3404,  Infeasible_rate: [100.0000%, 100.0000%], out: 102.3947, out_nodes: 42, Feasible_dist: 0.0000, Entropy: 2.5587
[2026-09-04 06:06:40] utils.py(229) : Diversity Loss: 10.1361, Constructive RL loss: 394.9744
[2026-09-04 06:06:42] utils.py(229) : Rank 0 >> Epoch 1: Train (70%)
[2026-09-04 06:06:42] utils.py(229) : [Construction] Score: 29.7619,  Loss: 391.3381,  Infeasible_rate: [100.0000%, 100.0000%], out: 51.2747, out_nodes: 18, Feasible_dist: 0.0000
[2026-09-04 06:06:42] utils.py(229) : [Improvement] Score: 114.7292 [BSF: 113.8246],  Loss: 6.2847,  Infeasible_rate: [100.0000%, 100.0000%], out: 101.5227, out_nodes: 42, Feasible_dist: 0.0000, Entropy: 2.5613
[2026-09-04 06:06:42] utils.py(229) : Diversity Loss: 10.1480, Constructive RL loss: 391.4396
[2026-09-04 06:06:45] utils.py(229) : Rank 0 >> Epoch 1: Train (70%)
[2026-09-04 06:06:45] utils.py(229) : [Construction] Score: 29.8560,  Loss: 387.8719,  Infeasible_rate: [100.0000%, 100.0000%], out: 50.8330, out_nodes: 18, Feasible_dist: 0.0000
[2026-09-04 06:06:45] utils.py(229) : [Improvement] Score: 114.2099 [BSF: 113.3116],  Loss: 6.2299,  Infeasible_rate: [100.0000%, 100.0000%], out: 100.6642, out_nodes: 41, Feasible_dist: 0.0000, Entropy: 2.5640
[2026-09-04 06:06:45] utils.py(229) : Diversity Loss: 10.1590, Constructive RL loss: 387.9735
[2026-09-04 06:06:48] utils.py(229) : Rank 0 >> Epoch 1: Train (70%)
[2026-09-04 06:06:48] utils.py(229) : [Construction] Score: 29.9634,  Loss: 384.4692,  Infeasible_rate: [100.0000%, 100.0000%], out: 50.3991, out_nodes: 17, Feasible_dist: 0.0000
[2026-09-04 06:06:48] utils.py(229) : [Improvement] Score: 113.7206 [BSF: 112.8256],  Loss: 6.1764,  Infeasible_rate: [100.0000%, 100.0000%], out: 99.8234, out_nodes: 41, Feasible_dist: 0.0000, Entropy: 2.5668
[2026-09-04 06:06:48] utils.py(229) : Diversity Loss: 10.1707, Constructive RL loss: 384.5710
[2026-09-04 06:06:51] utils.py(229) : Rank 0 >> Epoch 1: Train (70%)
[2026-09-04 06:06:51] utils.py(229) : [Construction] Score: 30.0584,  Loss: 381.1102,  Infeasible_rate: [100.0000%, 100.0000%], out: 49.9741, out_nodes: 17, Feasible_dist: 0.0000
[2026-09-04 06:06:51] utils.py(229) : [Improvement] Score: 113.2316 [BSF: 112.3424],  Loss: 6.1236,  Infeasible_rate: [100.0000%, 100.0000%], out: 98.9972, out_nodes: 41, Feasible_dist: 0.0000, Entropy: 2.5691
[2026-09-04 06:06:51] utils.py(229) : Diversity Loss: 10.1837, Constructive RL loss: 381.2121
[2026-09-04 06:06:54] utils.py(229) : Rank 0 >> Epoch 1: Train (70%)
[2026-09-04 06:06:54] utils.py(229) : [Construction] Score: 30.1575,  Loss: 377.7489,  Infeasible_rate: [100.0000%, 100.0000%], out: 49.5548, out_nodes: 17, Feasible_dist: 0.0000
[2026-09-04 06:06:54] utils.py(229) : [Improvement] Score: 112.7630 [BSF: 111.8781],  Loss: 6.0717,  Infeasible_rate: [100.0000%, 100.0000%], out: 98.1841, out_nodes: 41, Feasible_dist: 0.0000, Entropy: 2.5722
[2026-09-04 06:06:54] utils.py(229) : Diversity Loss: 10.1954, Constructive RL loss: 377.8509
[2026-09-04 06:06:56] utils.py(229) : Rank 0 >> Epoch 1: Train (70%)
[2026-09-04 06:06:56] utils.py(229) : [Construction] Score: 30.2478,  Loss: 374.4728,  Infeasible_rate: [100.0000%, 100.0000%], out: 49.1429, out_nodes: 17, Feasible_dist: 0.0000
[2026-09-04 06:06:56] utils.py(229) : [Improvement] Score: 112.2821 [BSF: 111.4025],  Loss: 6.0210,  Infeasible_rate: [100.0000%, 100.0000%], out: 97.3833, out_nodes: 40, Feasible_dist: 0.0000, Entropy: 2.5750
[2026-09-04 06:06:56] utils.py(229) : Diversity Loss: 10.2079, Constructive RL loss: 374.5749
[2026-09-04 06:06:59] utils.py(229) : Rank 0 >> Epoch 1: Train (70%)
[2026-09-04 06:06:59] utils.py(229) : [Construction] Score: 30.3382,  Loss: 371.2700,  Infeasible_rate: [100.0000%, 100.0000%], out: 48.7355, out_nodes: 17, Feasible_dist: 0.0000
[2026-09-04 06:06:59] utils.py(229) : [Improvement] Score: 111.8097 [BSF: 110.9356],  Loss: 5.9708,  Infeasible_rate: [100.0000%, 100.0000%], out: 96.5954, out_nodes: 40, Feasible_dist: 0.0000, Entropy: 2.5775
[2026-09-04 06:06:59] utils.py(229) : Diversity Loss: 10.2186, Constructive RL loss: 371.3722
[2026-09-04 06:07:02] utils.py(229) : Rank 0 >> Epoch 1: Train (75%)
[2026-09-04 06:07:02] utils.py(229) : [Construction] Score: 30.4426,  Loss: 368.1320,  Infeasible_rate: [100.0000%, 100.0000%], out: 48.3347, out_nodes: 17, Feasible_dist: 0.0000
[2026-09-04 06:07:02] utils.py(229) : [Improvement] Score: 111.3526 [BSF: 110.4803],  Loss: 5.9208,  Infeasible_rate: [100.0000%, 100.0000%], out: 95.8191, out_nodes: 40, Feasible_dist: 0.0000, Entropy: 2.5804
[2026-09-04 06:07:02] utils.py(229) : Diversity Loss: 10.2289, Constructive RL loss: 368.2343
[2026-09-04 06:07:05] utils.py(229) : Rank 0 >> Epoch 1: Train (75%)
[2026-09-04 06:07:05] utils.py(229) : [Construction] Score: 30.5363,  Loss: 365.0548,  Infeasible_rate: [100.0000%, 100.0000%], out: 47.9394, out_nodes: 17, Feasible_dist: 0.0000
[2026-09-04 06:07:05] utils.py(229) : [Improvement] Score: 110.8970 [BSF: 110.0309],  Loss: 5.8724,  Infeasible_rate: [100.0000%, 100.0000%], out: 95.0538, out_nodes: 40, Feasible_dist: 0.0000, Entropy: 2.5835
[2026-09-04 06:07:05] utils.py(229) : Diversity Loss: 10.2377, Constructive RL loss: 365.1572
[2026-09-04 06:07:08] utils.py(229) : Rank 0 >> Epoch 1: Train (75%)
[2026-09-04 06:07:08] utils.py(229) : [Construction] Score: 30.6279,  Loss: 362.0511,  Infeasible_rate: [100.0000%, 100.0000%], out: 47.5516, out_nodes: 17, Feasible_dist: 0.0000
[2026-09-04 06:07:08] utils.py(229) : [Improvement] Score: 110.4470 [BSF: 109.5833],  Loss: 5.8244,  Infeasible_rate: [100.0000%, 100.0000%], out: 94.3009, out_nodes: 39, Feasible_dist: 0.0000, Entropy: 2.5862
[2026-09-04 06:07:08] utils.py(229) : Diversity Loss: 10.2473, Constructive RL loss: 362.1536
[2026-09-04 06:07:11] utils.py(229) : Rank 0 >> Epoch 1: Train (75%)
[2026-09-04 06:07:11] utils.py(229) : [Construction] Score: 30.7190,  Loss: 359.0718,  Infeasible_rate: [100.0000%, 100.0000%], out: 47.1706, out_nodes: 16, Feasible_dist: 0.0000
[2026-09-04 06:07:11] utils.py(229) : [Improvement] Score: 110.0041 [BSF: 109.1456],  Loss: 5.7772,  Infeasible_rate: [100.0000%, 100.0000%], out: 93.5620, out_nodes: 39, Feasible_dist: 0.0000, Entropy: 2.5889
[2026-09-04 06:07:11] utils.py(229) : Diversity Loss: 10.2567, Constructive RL loss: 359.1743
[2026-09-04 06:07:14] utils.py(229) : Rank 0 >> Epoch 1: Train (75%)
[2026-09-04 06:07:14] utils.py(229) : [Construction] Score: 30.8207,  Loss: 356.1592,  Infeasible_rate: [100.0000%, 100.0000%], out: 46.7949, out_nodes: 16, Feasible_dist: 0.0000
[2026-09-04 06:07:14] utils.py(229) : [Improvement] Score: 109.5845 [BSF: 108.7311],  Loss: 5.7304,  Infeasible_rate: [100.0000%, 100.0000%], out: 92.8308, out_nodes: 39, Feasible_dist: 0.0000, Entropy: 2.5917
[2026-09-04 06:07:14] utils.py(229) : Diversity Loss: 10.2648, Constructive RL loss: 356.2618
[2026-09-04 06:07:16] utils.py(229) : Rank 0 >> Epoch 1: Train (75%)
[2026-09-04 06:07:16] utils.py(229) : [Construction] Score: 30.9206,  Loss: 353.2538,  Infeasible_rate: [100.0000%, 100.0000%], out: 46.4264, out_nodes: 16, Feasible_dist: 0.0000
[2026-09-04 06:07:16] utils.py(229) : [Improvement] Score: 109.1728 [BSF: 108.3217],  Loss: 5.6844,  Infeasible_rate: [100.0000%, 100.0000%], out: 92.1154, out_nodes: 39, Feasible_dist: 0.0000, Entropy: 2.5943
[2026-09-04 06:07:16] utils.py(229) : Diversity Loss: 10.2760, Constructive RL loss: 353.3566
[2026-09-04 06:07:19] utils.py(229) : Rank 0 >> Epoch 1: Train (75%)
[2026-09-04 06:07:19] utils.py(229) : [Construction] Score: 31.0245,  Loss: 350.4193,  Infeasible_rate: [100.0000%, 100.0000%], out: 46.0628, out_nodes: 16, Feasible_dist: 0.0000
[2026-09-04 06:07:19] utils.py(229) : [Improvement] Score: 108.7774 [BSF: 107.9304],  Loss: 5.6400,  Infeasible_rate: [100.0000%, 100.0000%], out: 91.4112, out_nodes: 39, Feasible_dist: 0.0000, Entropy: 2.5966
[2026-09-04 06:07:19] utils.py(229) : Diversity Loss: 10.2854, Constructive RL loss: 350.5222
[2026-09-04 06:07:22] utils.py(229) : Rank 0 >> Epoch 1: Train (75%)
[2026-09-04 06:07:22] utils.py(229) : [Construction] Score: 31.1206,  Loss: 347.6124,  Infeasible_rate: [100.0000%, 100.0000%], out: 45.7044, out_nodes: 16, Feasible_dist: 0.0000
[2026-09-04 06:07:22] utils.py(229) : [Improvement] Score: 108.3837 [BSF: 107.5371],  Loss: 5.5960,  Infeasible_rate: [100.0000%, 100.0000%], out: 90.7182, out_nodes: 38, Feasible_dist: 0.0000, Entropy: 2.5991
[2026-09-04 06:07:22] utils.py(229) : Diversity Loss: 10.2946, Constructive RL loss: 347.7153
[2026-09-04 06:07:25] utils.py(229) : Rank 0 >> Epoch 1: Train (80%)
[2026-09-04 06:07:25] utils.py(229) : [Construction] Score: 31.2068,  Loss: 344.9019,  Infeasible_rate: [100.0000%, 100.0000%], out: 45.3506, out_nodes: 16, Feasible_dist: 0.0000
[2026-09-04 06:07:25] utils.py(229) : [Improvement] Score: 107.9741 [BSF: 107.1292],  Loss: 5.5529,  Infeasible_rate: [100.0000%, 100.0000%], out: 90.0318, out_nodes: 38, Feasible_dist: 0.0000, Entropy: 2.6020
[2026-09-04 06:07:25] utils.py(229) : Diversity Loss: 10.3040, Constructive RL loss: 345.0050
[2026-09-04 06:07:28] utils.py(229) : Rank 0 >> Epoch 1: Train (80%)
[2026-09-04 06:07:28] utils.py(229) : [Construction] Score: 31.2802,  Loss: 342.2079,  Infeasible_rate: [100.0000%, 100.0000%], out: 45.0029, out_nodes: 16, Feasible_dist: 0.0000
[2026-09-04 06:07:28] utils.py(229) : [Improvement] Score: 107.5644 [BSF: 106.7207],  Loss: 5.5109,  Infeasible_rate: [100.0000%, 100.0000%], out: 89.3566, out_nodes: 38, Feasible_dist: 0.0000, Entropy: 2.6049
[2026-09-04 06:07:28] utils.py(229) : Diversity Loss: 10.3130, Constructive RL loss: 342.3110
[2026-09-04 06:07:31] utils.py(229) : Rank 0 >> Epoch 1: Train (80%)
[2026-09-04 06:07:31] utils.py(229) : [Construction] Score: 31.3805,  Loss: 339.5456,  Infeasible_rate: [100.0000%, 100.0000%], out: 44.6603, out_nodes: 16, Feasible_dist: 0.0000
[2026-09-04 06:07:31] utils.py(229) : [Improvement] Score: 107.1832 [BSF: 106.3450],  Loss: 5.4688,  Infeasible_rate: [100.0000%, 100.0000%], out: 88.6919, out_nodes: 38, Feasible_dist: 0.0000, Entropy: 2.6074
[2026-09-04 06:07:31] utils.py(229) : Diversity Loss: 10.3218, Constructive RL loss: 339.6488
[2026-09-04 06:07:34] utils.py(229) : Rank 0 >> Epoch 1: Train (80%)
[2026-09-04 06:07:34] utils.py(229) : [Construction] Score: 31.4675,  Loss: 336.9232,  Infeasible_rate: [100.0000%, 100.0000%], out: 44.3225, out_nodes: 15, Feasible_dist: 0.0000
[2026-09-04 06:07:34] utils.py(229) : [Improvement] Score: 106.7958 [BSF: 105.9587],  Loss: 5.4273,  Infeasible_rate: [100.0000%, 100.0000%], out: 88.0374, out_nodes: 38, Feasible_dist: 0.0000, Entropy: 2.6095
[2026-09-04 06:07:34] utils.py(229) : Diversity Loss: 10.3315, Constructive RL loss: 337.0265
[2026-09-04 06:07:36] utils.py(229) : Rank 0 >> Epoch 1: Train (80%)
[2026-09-04 06:07:36] utils.py(229) : [Construction] Score: 31.5803,  Loss: 334.3593,  Infeasible_rate: [100.0000%, 100.0000%], out: 43.9899, out_nodes: 15, Feasible_dist: 0.0000
[2026-09-04 06:07:36] utils.py(229) : [Improvement] Score: 106.4442 [BSF: 105.6112],  Loss: 5.3870,  Infeasible_rate: [100.0000%, 100.0000%], out: 87.3917, out_nodes: 37, Feasible_dist: 0.0000, Entropy: 2.6121
[2026-09-04 06:07:36] utils.py(229) : Diversity Loss: 10.3382, Constructive RL loss: 334.4627
[2026-09-04 06:07:39] utils.py(229) : Rank 0 >> Epoch 1: Train (80%)
[2026-09-04 06:07:39] utils.py(229) : [Construction] Score: 31.6801,  Loss: 331.8532,  Infeasible_rate: [100.0000%, 100.0000%], out: 43.6623, out_nodes: 15, Feasible_dist: 0.0000
[2026-09-04 06:07:39] utils.py(229) : [Improvement] Score: 106.0961 [BSF: 105.2650],  Loss: 5.3469,  Infeasible_rate: [100.0000%, 100.0000%], out: 86.7583, out_nodes: 37, Feasible_dist: 0.0000, Entropy: 2.6139
[2026-09-04 06:07:39] utils.py(229) : Diversity Loss: 10.3463, Constructive RL loss: 331.9567
[2026-09-04 06:07:42] utils.py(229) : Rank 0 >> Epoch 1: Train (80%)
[2026-09-04 06:07:42] utils.py(229) : [Construction] Score: 31.7577,  Loss: 329.3374,  Infeasible_rate: [100.0000%, 100.0000%], out: 43.3392, out_nodes: 15, Feasible_dist: 0.0000
[2026-09-04 06:07:42] utils.py(229) : [Improvement] Score: 105.7200 [BSF: 104.8915],  Loss: 5.3072,  Infeasible_rate: [100.0000%, 100.0000%], out: 86.1312, out_nodes: 37, Feasible_dist: 0.0000, Entropy: 2.6166
[2026-09-04 06:07:42] utils.py(229) : Diversity Loss: 10.3544, Constructive RL loss: 329.4409
[2026-09-04 06:07:45] utils.py(229) : Rank 0 >> Epoch 1: Train (80%)
[2026-09-04 06:07:45] utils.py(229) : [Construction] Score: 31.8437,  Loss: 326.8701,  Infeasible_rate: [100.0000%, 100.0000%], out: 43.0210, out_nodes: 15, Feasible_dist: 0.0000
[2026-09-04 06:07:45] utils.py(229) : [Improvement] Score: 105.3589 [BSF: 104.5342],  Loss: 5.2682,  Infeasible_rate: [100.0000%, 100.0000%], out: 85.5150, out_nodes: 37, Feasible_dist: 0.0000, Entropy: 2.6189
[2026-09-04 06:07:45] utils.py(229) : Diversity Loss: 10.3631, Constructive RL loss: 326.9737
[2026-09-04 06:07:48] utils.py(229) : Rank 0 >> Epoch 1: Train (85%)
[2026-09-04 06:07:48] utils.py(229) : [Construction] Score: 31.9151,  Loss: 324.4558,  Infeasible_rate: [100.0000%, 100.0000%], out: 42.7071, out_nodes: 15, Feasible_dist: 0.0000
[2026-09-04 06:07:48] utils.py(229) : [Improvement] Score: 104.9806 [BSF: 104.1600],  Loss: 5.2290,  Infeasible_rate: [100.0000%, 100.0000%], out: 84.9072, out_nodes: 37, Feasible_dist: 0.0000, Entropy: 2.6208
[2026-09-04 06:07:48] utils.py(229) : Diversity Loss: 10.3711, Constructive RL loss: 324.5595
[2026-09-04 06:07:51] utils.py(229) : Rank 0 >> Epoch 1: Train (85%)
[2026-09-04 06:07:51] utils.py(229) : [Construction] Score: 32.0102,  Loss: 322.0712,  Infeasible_rate: [100.0000%, 100.0000%], out: 42.3978, out_nodes: 15, Feasible_dist: 0.0000
[2026-09-04 06:07:51] utils.py(229) : [Improvement] Score: 104.6450 [BSF: 103.8266],  Loss: 5.1914,  Infeasible_rate: [100.0000%, 100.0000%], out: 84.3077, out_nodes: 36, Feasible_dist: 0.0000, Entropy: 2.6225
[2026-09-04 06:07:51] utils.py(229) : Diversity Loss: 10.3785, Constructive RL loss: 322.1750
[2026-09-04 06:07:54] utils.py(229) : Rank 0 >> Epoch 1: Train (85%)
[2026-09-04 06:07:54] utils.py(229) : [Construction] Score: 32.0916,  Loss: 319.7327,  Infeasible_rate: [100.0000%, 100.0000%], out: 42.0930, out_nodes: 15, Feasible_dist: 0.0000
[2026-09-04 06:07:54] utils.py(229) : [Improvement] Score: 104.2957 [BSF: 103.4804],  Loss: 5.1543,  Infeasible_rate: [100.0000%, 100.0000%], out: 83.7167, out_nodes: 36, Feasible_dist: 0.0000, Entropy: 2.6252
[2026-09-04 06:07:54] utils.py(229) : Diversity Loss: 10.3866, Constructive RL loss: 319.8366
[2026-09-04 06:07:57] utils.py(229) : Rank 0 >> Epoch 1: Train (85%)
[2026-09-04 06:07:57] utils.py(229) : [Construction] Score: 32.1775,  Loss: 317.4248,  Infeasible_rate: [100.0000%, 100.0000%], out: 41.7924, out_nodes: 15, Feasible_dist: 0.0000
[2026-09-04 06:07:57] utils.py(229) : [Improvement] Score: 103.9584 [BSF: 103.1424],  Loss: 5.1175,  Infeasible_rate: [100.0000%, 100.0000%], out: 83.1351, out_nodes: 36, Feasible_dist: 0.0000, Entropy: 2.6271
[2026-09-04 06:07:57] utils.py(229) : Diversity Loss: 10.3932, Constructive RL loss: 317.5288
[2026-09-04 06:08:00] utils.py(229) : Rank 0 >> Epoch 1: Train (85%)
[2026-09-04 06:08:00] utils.py(229) : [Construction] Score: 32.2469,  Loss: 315.1309,  Infeasible_rate: [100.0000%, 100.0000%], out: 41.4961, out_nodes: 14, Feasible_dist: 0.0000
[2026-09-04 06:08:00] utils.py(229) : [Improvement] Score: 103.6059 [BSF: 102.7949],  Loss: 5.0818,  Infeasible_rate: [100.0000%, 100.0000%], out: 82.5615, out_nodes: 36, Feasible_dist: 0.0000, Entropy: 2.6292
[2026-09-04 06:08:00] utils.py(229) : Diversity Loss: 10.4005, Constructive RL loss: 315.2350
[2026-09-04 06:08:02] utils.py(229) : Rank 0 >> Epoch 1: Train (85%)
[2026-09-04 06:08:02] utils.py(229) : [Construction] Score: 32.3382,  Loss: 312.8782,  Infeasible_rate: [100.0000%, 100.0000%], out: 41.2048, out_nodes: 14, Feasible_dist: 0.0000
[2026-09-04 06:08:02] utils.py(229) : [Improvement] Score: 103.2865 [BSF: 102.4778],  Loss: 5.0460,  Infeasible_rate: [100.0000%, 100.0000%], out: 81.9964, out_nodes: 36, Feasible_dist: 0.0000, Entropy: 2.6309
[2026-09-04 06:08:02] utils.py(229) : Diversity Loss: 10.4074, Constructive RL loss: 312.9823
[2026-09-04 06:08:05] utils.py(229) : Rank 0 >> Epoch 1: Train (85%)
[2026-09-04 06:08:05] utils.py(229) : [Construction] Score: 32.4190,  Loss: 310.6669,  Infeasible_rate: [100.0000%, 100.0000%], out: 40.9168, out_nodes: 14, Feasible_dist: 0.0000
[2026-09-04 06:08:05] utils.py(229) : [Improvement] Score: 102.9615 [BSF: 102.1558],  Loss: 5.0110,  Infeasible_rate: [100.0000%, 100.0000%], out: 81.4389, out_nodes: 36, Feasible_dist: 0.0000, Entropy: 2.6326
[2026-09-04 06:08:05] utils.py(229) : Diversity Loss: 10.4144, Constructive RL loss: 310.7711
[2026-09-04 06:08:08] utils.py(229) : Rank 0 >> Epoch 1: Train (85%)
[2026-09-04 06:08:08] utils.py(229) : [Construction] Score: 32.4908,  Loss: 308.4801,  Infeasible_rate: [100.0000%, 100.0000%], out: 40.6328, out_nodes: 14, Feasible_dist: 0.0000
[2026-09-04 06:08:08] utils.py(229) : [Improvement] Score: 102.6306 [BSF: 101.8272],  Loss: 4.9762,  Infeasible_rate: [100.0000%, 100.0000%], out: 80.8880, out_nodes: 35, Feasible_dist: 0.0000, Entropy: 2.6347
[2026-09-04 06:08:08] utils.py(229) : Diversity Loss: 10.4209, Constructive RL loss: 308.5843
[2026-09-04 06:08:11] utils.py(229) : Rank 0 >> Epoch 1: Train (90%)
[2026-09-04 06:08:11] utils.py(229) : [Construction] Score: 32.5715,  Loss: 306.3193,  Infeasible_rate: [100.0000%, 100.0000%], out: 40.3526, out_nodes: 14, Feasible_dist: 0.0000
[2026-09-04 06:08:11] utils.py(229) : [Improvement] Score: 102.3190 [BSF: 101.5188],  Loss: 4.9421,  Infeasible_rate: [100.0000%, 100.0000%], out: 80.3445, out_nodes: 35, Feasible_dist: 0.0000, Entropy: 2.6369
[2026-09-04 06:08:11] utils.py(229) : Diversity Loss: 10.4280, Constructive RL loss: 306.4236
[2026-09-04 06:08:14] utils.py(229) : Rank 0 >> Epoch 1: Train (90%)
[2026-09-04 06:08:14] utils.py(229) : [Construction] Score: 32.6535,  Loss: 304.2040,  Infeasible_rate: [100.0000%, 100.0000%], out: 40.0763, out_nodes: 14, Feasible_dist: 0.0000
[2026-09-04 06:08:14] utils.py(229) : [Improvement] Score: 102.0090 [BSF: 101.2106],  Loss: 4.9078,  Infeasible_rate: [100.0000%, 100.0000%], out: 79.8080, out_nodes: 35, Feasible_dist: 0.0000, Entropy: 2.6386
[2026-09-04 06:08:14] utils.py(229) : Diversity Loss: 10.4361, Constructive RL loss: 304.3084
[2026-09-04 06:08:17] utils.py(229) : Rank 0 >> Epoch 1: Train (90%)
[2026-09-04 06:08:17] utils.py(229) : [Construction] Score: 32.7222,  Loss: 302.1059,  Infeasible_rate: [100.0000%, 100.0000%], out: 39.8038, out_nodes: 14, Feasible_dist: 0.0000
[2026-09-04 06:08:17] utils.py(229) : [Improvement] Score: 101.6879 [BSF: 100.8935],  Loss: 4.8746,  Infeasible_rate: [100.0000%, 100.0000%], out: 79.2779, out_nodes: 35, Feasible_dist: 0.0000, Entropy: 2.6402
[2026-09-04 06:08:17] utils.py(229) : Diversity Loss: 10.4441, Constructive RL loss: 302.2104
[2026-09-04 06:08:20] utils.py(229) : Rank 0 >> Epoch 1: Train (90%)
[2026-09-04 06:08:20] utils.py(229) : [Construction] Score: 32.8130,  Loss: 300.0494,  Infeasible_rate: [100.0000%, 100.0000%], out: 39.5352, out_nodes: 14, Feasible_dist: 0.0000
[2026-09-04 06:08:20] utils.py(229) : [Improvement] Score: 101.3961 [BSF: 100.6045],  Loss: 4.8419,  Infeasible_rate: [100.0000%, 100.0000%], out: 78.7565, out_nodes: 35, Feasible_dist: 0.0000, Entropy: 2.6421
[2026-09-04 06:08:20] utils.py(229) : Diversity Loss: 10.4510, Constructive RL loss: 300.1539
[2026-09-04 06:08:23] utils.py(229) : Rank 0 >> Epoch 1: Train (90%)
[2026-09-04 06:08:23] utils.py(229) : [Construction] Score: 32.8825,  Loss: 297.9967,  Infeasible_rate: [100.0000%, 100.0000%], out: 39.2700, out_nodes: 14, Feasible_dist: 0.0000
[2026-09-04 06:08:23] utils.py(229) : [Improvement] Score: 101.0878 [BSF: 100.2992],  Loss: 4.8092,  Infeasible_rate: [100.0000%, 100.0000%], out: 78.2420, out_nodes: 35, Feasible_dist: 0.0000, Entropy: 2.6446
[2026-09-04 06:08:23] utils.py(229) : Diversity Loss: 10.4601, Constructive RL loss: 298.1013
[2026-09-04 06:08:25] utils.py(229) : Rank 0 >> Epoch 1: Train (90%)
[2026-09-04 06:08:25] utils.py(229) : [Construction] Score: 32.9529,  Loss: 295.9830,  Infeasible_rate: [100.0000%, 100.0000%], out: 39.0082, out_nodes: 14, Feasible_dist: 0.0000
[2026-09-04 06:08:25] utils.py(229) : [Improvement] Score: 100.7883 [BSF: 100.0042],  Loss: 4.7769,  Infeasible_rate: [100.0000%, 100.0000%], out: 77.7345, out_nodes: 34, Feasible_dist: 0.0000, Entropy: 2.6460
[2026-09-04 06:08:25] utils.py(229) : Diversity Loss: 10.4677, Constructive RL loss: 296.0877
[2026-09-04 06:08:28] utils.py(229) : Rank 0 >> Epoch 1: Train (90%)
[2026-09-04 06:08:28] utils.py(229) : [Construction] Score: 33.0509,  Loss: 293.9994,  Infeasible_rate: [100.0000%, 100.0000%], out: 38.7502, out_nodes: 14, Feasible_dist: 0.0000
[2026-09-04 06:08:28] utils.py(229) : [Improvement] Score: 100.5240 [BSF: 99.7409],  Loss: 4.7454,  Infeasible_rate: [100.0000%, 100.0000%], out: 77.2338, out_nodes: 34, Feasible_dist: 0.0000, Entropy: 2.6475
[2026-09-04 06:08:28] utils.py(229) : Diversity Loss: 10.4740, Constructive RL loss: 294.1042
[2026-09-04 06:08:31] utils.py(229) : Rank 0 >> Epoch 1: Train (90%)
[2026-09-04 06:08:31] utils.py(229) : [Construction] Score: 33.1327,  Loss: 292.0272,  Infeasible_rate: [100.0000%, 100.0000%], out: 38.4954, out_nodes: 13, Feasible_dist: 0.0000
[2026-09-04 06:08:31] utils.py(229) : [Improvement] Score: 100.2449 [BSF: 99.4624],  Loss: 4.7144,  Infeasible_rate: [100.0000%, 100.0000%], out: 76.7396, out_nodes: 34, Feasible_dist: 0.0000, Entropy: 2.6490
[2026-09-04 06:08:31] utils.py(229) : Diversity Loss: 10.4820, Constructive RL loss: 292.1320
[2026-09-04 06:08:34] utils.py(229) : Rank 0 >> Epoch 1: Train (95%)
[2026-09-04 06:08:34] utils.py(229) : [Construction] Score: 33.2209,  Loss: 290.0759,  Infeasible_rate: [100.0000%, 100.0000%], out: 38.2440, out_nodes: 13, Feasible_dist: 0.0000
[2026-09-04 06:08:34] utils.py(229) : [Improvement] Score: 99.9785 [BSF: 99.1967],  Loss: 4.6838,  Infeasible_rate: [100.0000%, 100.0000%], out: 76.2507, out_nodes: 34, Feasible_dist: 0.0000, Entropy: 2.6505
[2026-09-04 06:08:34] utils.py(229) : Diversity Loss: 10.4894, Constructive RL loss: 290.1808
[2026-09-04 06:08:37] utils.py(229) : Rank 0 >> Epoch 1: Train (95%)
[2026-09-04 06:08:37] utils.py(229) : [Construction] Score: 33.3058,  Loss: 288.1636,  Infeasible_rate: [100.0000%, 100.0000%], out: 37.9960, out_nodes: 13, Feasible_dist: 0.0000
[2026-09-04 06:08:37] utils.py(229) : [Improvement] Score: 99.7102 [BSF: 98.9317],  Loss: 4.6536,  Infeasible_rate: [100.0000%, 100.0000%], out: 75.7672, out_nodes: 34, Feasible_dist: 0.0000, Entropy: 2.6527
[2026-09-04 06:08:37] utils.py(229) : Diversity Loss: 10.4961, Constructive RL loss: 288.2685
[2026-09-04 06:08:40] utils.py(229) : Rank 0 >> Epoch 1: Train (95%)
[2026-09-04 06:08:40] utils.py(229) : [Construction] Score: 33.3750,  Loss: 286.2987,  Infeasible_rate: [100.0000%, 100.0000%], out: 37.7509, out_nodes: 13, Feasible_dist: 0.0000
[2026-09-04 06:08:40] utils.py(229) : [Improvement] Score: 99.4285 [BSF: 98.6521],  Loss: 4.6237,  Infeasible_rate: [100.0000%, 100.0000%], out: 75.2896, out_nodes: 34, Feasible_dist: 0.0000, Entropy: 2.6544
[2026-09-04 06:08:40] utils.py(229) : Diversity Loss: 10.5032, Constructive RL loss: 286.4038
[2026-09-04 06:08:43] utils.py(229) : Rank 0 >> Epoch 1: Train (95%)
[2026-09-04 06:08:43] utils.py(229) : [Construction] Score: 33.4486,  Loss: 284.4474,  Infeasible_rate: [100.0000%, 100.0000%], out: 37.5089, out_nodes: 13, Feasible_dist: 0.0000
[2026-09-04 06:08:43] utils.py(229) : [Improvement] Score: 99.1591 [BSF: 98.3849],  Loss: 4.5941,  Infeasible_rate: [100.0000%, 100.0000%], out: 74.8189, out_nodes: 33, Feasible_dist: 0.0000, Entropy: 2.6566
[2026-09-04 06:08:43] utils.py(229) : Diversity Loss: 10.5094, Constructive RL loss: 284.5525
[2026-09-04 06:08:46] utils.py(229) : Rank 0 >> Epoch 1: Train (95%)
[2026-09-04 06:08:46] utils.py(229) : [Construction] Score: 33.5264,  Loss: 282.6215,  Infeasible_rate: [100.0000%, 100.0000%], out: 37.2700, out_nodes: 13, Feasible_dist: 0.0000
[2026-09-04 06:08:46] utils.py(229) : [Improvement] Score: 98.8979 [BSF: 98.1282],  Loss: 4.5652,  Infeasible_rate: [100.0000%, 100.0000%], out: 74.3543, out_nodes: 33, Feasible_dist: 0.0000, Entropy: 2.6583
[2026-09-04 06:08:46] utils.py(229) : Diversity Loss: 10.5160, Constructive RL loss: 282.7267
./run_paradigm_study.sh: line 56: 2109095 Killed                     "$PY" train.py --problem VRPBLTW --problem_size "$SIZE" --epochs "$EPOCHS" --train_episodes "$EPISODES" --train_batch_size "$BATCH" --accumulation_steps "$ACCUM" "${HOST_ARGS[@]}" --validation_batch_size 32 --val_episodes 64 --validation_interval 2 --model_save_interval 5 --val_dataset vrpbltw50_uniform.pkl --constraint_repr "$ARM" --slack_weight "$SLACK" --seed "$SEED" --couple_rows "$COUPLE" --empty_cache_per_batch True --wandb_logger True --tb_logger False --log_dir "$OUT/train_$TAG" 2>&1
     2109096 Done                       | tee "$OUT/train_$TAG.log"
=== car_soft_interface_fixed produced no checkpoint; retrying ===
=== car_soft_interface_fixed (attempt 2) ===
=== host: car  mask: soft  arm: interface  slack: 0.0 ===
wandb: [wandb.login()] Loaded credentials for https://api.wandb.ai from /home/shora/.netrc.
wandb: Currently logged in as: shoraaa (shoraaa-vnu) to https://api.wandb.ai. Use `wandb login --relogin` to force relogin
wandb: setting up run gvajudlh
wandb: Tracking run with wandb version 0.28.1
wandb: Run data is saved locally in /home/shora/Research/PRISM/baselines/CaR-constraint/wandb/run-20260904_150138-gvajudlh
wandb: Run `wandb offline` to turn off syncing.
wandb: Syncing run 20260904_160131train_interface
wandb:  View project at https://wandb.ai/shoraaa-vnu/unified_solver
wandb:  View run at https://wandb.ai/shoraaa-vnu/unified_solver/runs/gvajudlh
{'POMO_checkpoint': '../PIP-constraint/POMO+PIP/pretrained/TSPTW/tsptw50_hard/POMO_star/epoch-10000.pt',
 'accumulation_steps': 8,
 'active_constraints': ['backhaul', 'route_limit', 'time_window'],
 'amp_training': True,
 'aspect_num': 2,
 'aux_mask': True,
 'backhaul_mask': 'soft',
 'baseline': 'group',
 'best_solution_path': None,
 'bonus_for_construction': False,
 'boundary': 0.5,
 'checkpoint': None,
 'clean_cache': False,
 'coefficient': 100,
 'consequence_hidden_dim': 16,
 'consequence_norm': 'layer',
 'constraint_number': 4,
 'constraint_repr': 'interface',
 'couple_rows': True,
 'decoder_layer_num': 1,
 'diversity': 'kendall_tau_distance',
 'diversity_loss': True,
 'diversity_reward': False,
 'diversity_weight': 0.01,
 'dual_decoder': False,
 'dummy_improve_selected': 'random',
 'dummy_improve_steps': 0,
 'dynamic_coefficient': False,
 'embedding_dim': 128,
 'empty_cache_per_batch': True,
 'enable_eas': False,
 'encoder_layer_num': 6,
 'epochs': 10,
 'epsilon': 3.67,
 'epsilon_base': 5.0,
 'epsilon_decay_beta': 0.001,
 'eval_only': False,
 'eval_type': 'argmax',
 'extra_bonus': False,
 'extra_weight': 0.1,
 'ff_hidden_dim': 512,
 'fsb_dist_only': True,
 'fsb_reward_only': True,
 'fsb_reward_plus': False,
 'fsb_start_delay': 10000,
 'gamma': 0.1,
 'generate_PI_mask': False,
 'gpu_id': '0',
 'gumbel': False,
 'hardness': 'hard',
 'head_num': 8,
 'imitation_learning': True,
 'imitation_loss_weight': 1.0,
 'impr_encoder_start_idx': 0,
 'improve_start_when_dummy_ok': False,
 'improve_steps': 5,
 'improvement_method': 'kopt',
 'improvement_only': False,
 'infsb_dist_penalty': False,
 'init_sol_strategy': 'POMO',
 'insert_before': True,
 'is_lib': False,
 'iterations': 200,
 'iterations_impr': 20,
 'k_max': 4,
 'k_unconfident': 10,
 'lazy_pip_model': False,
 'load_optimizer': True,
 'load_which_pip': 'train_fsb_bsf',
 'log_dir': 'results/composition/train_car_soft_interface_fixed',
 'logit_clipping': 10,
 'lr': 0.0001,
 'max_dummy_size': 18,
 'milestones': [4501],
 'model_save_interval': 5,
 'model_type': 'SINGLE',
 'multi_processing': False,
 'multiple_gpu': False,
 'n2s_decoder': False,
 'neighborhood_search': False,
 'no_cuda': False,
 'node_repr': 'named',
 'node_repr_dim': 4,
 'non_linear': None,
 'non_linear_cons': False,
 'norm': 'instance',
 'norm_loc': 'norm_last',
 'occ_gpu': 0.0,
 'out_node_reward': True,
 'out_reward': True,
 'pairwise_merge': 'feature,attention',
 'penalty_factor': 1.0,
 'penalty_normalize': False,
 'pip_checkpoint': None,
 'pip_decoder': False,
 'pip_last_growup': 50,
 'pip_step': 1,
 'pip_update_epoch': 20,
 'pip_update_interval': 1000,
 'pomo_feasible_start': False,
 'pomo_size': 50,
 'pomo_start': False,
 'problem': 'VRPBLTW',
 'problem_size': 50,
 'probs_return': False,
 'qkv_dim': 16,
 'random_delta_t': 0,
 'reconstruct': False,
 'reconstruct_bonus_weight': 1.0,
 'reconstruct_improve_bonus': False,
 'refinement_history_path': None,
 'repeats': 1,
 'reward_gating': False,
 'rm_num': 1,
 'sample_size': 1,
 'seed': 1234,
 'select_strategy': 'quality',
 'select_top_k': 10,
 'select_top_k_val': 1,
 'seperate_obj_penalty': False,
 'simulation_stop_epoch': 100,
 'slack_normalize': True,
 'slack_stride': 5,
 'slack_weight': 0.0,
 'soft_constrained': True,
 'sop_variant': 1,
 'sqrt_embedding_dim': 11.313708498984761,
 'stochastic_probability': 0.5,
 'subgradient': False,
 'subgradient_lr': 0.1,
 'succ_attention_bias': 1.0,
 'supplement_feature_dim': 17,
 'tb_logger': False,
 'test_batch_size': 10000,
 'test_dataset': None,
 'test_episodes': 10000,
 'test_opt_path': None,
 'test_pomo_size': 1,
 'total_history': 3,
 'train_batch_size': 16,
 'train_episodes': 2560,
 'tw_normalize': True,
 'uncertainty_weight': False,
 'unified_decoder': False,
 'unified_encoder': True,
 'use_fast_attention': True,
 'use_real_PI_mask': False,
 'v_range': 6.0,
 'val_dataset': ['vrpbltw50_uniform.pkl'],
 'val_episodes': 64,
 'val_init_sol_strategy': 'POMO',
 'val_opt_path': None,
 'val_pomo_size': 1,
 'val_reconstruct_times': 1,
 'validation_batch_size': 32,
 'validation_improve_steps': 20,
 'validation_interval': 2,
 'wandb_logger': True,
 'weight_decay': 1e-06,
 'which_feature': 'both',
 'with_RNN': True,
 'with_bonus': False,
 'with_explore_stat_feature': True,
 'with_infsb_feature': True,
 'with_regular': False,
 'wo_node_penalty': False,
 'wo_tour_penalty': False,
 'world_size': 1}
>> Log Path: results/composition/train_car_soft_interface_fixed/20260904_160131train_interface
>> No occupation needed
>> USE_CUDA: True, CUDA_DEVICE_NUM: 0
>> Start VRPBLTW Training using SINGLE Model ...
[2026-09-04 15:01:39] utils.py(229) : >> Use unified encoder for Improvement and Construction!
[2026-09-04 15:01:39] utils.py(229) : >> Use kopt decoder for Improvement!
[2026-09-04 15:01:39] utils.py(229) : lambda_:
[2026-09-04 15:01:39] utils.py(229) : 1.0
[2026-09-04 15:01:40] utils.py(229) : Number of Parameters: 1644277
[2026-09-04 15:01:40] utils.py(229) : [copy_all_src] Warning: /home/shora/Research/PRISM/baselines/CaR-constraint/_ops.py not found. Skipping.
[2026-09-04 15:01:40] utils.py(229) : [copy_all_src] Warning: /home/shora/Research/PRISM/baselines/CaR-constraint/_classes.py not found. Skipping.
[2026-09-04 15:01:40] utils.py(229) : ================================================================================
[2026-09-04 15:01:43] utils.py(229) : Rank 0 >> Epoch 1: Train (0%)
[2026-09-04 15:01:43] utils.py(229) : [Construction] Score: 26.1529,  Loss: 614.2623,  Infeasible_rate: [100.0000%, 100.0000%], out: 81.9073, out_nodes: 25, Feasible_dist: 0.0000
[2026-09-04 15:01:43] utils.py(229) : [Improvement] Score: 155.1828 [BSF: 152.5677],  Loss: 8.9657,  Infeasible_rate: [100.0000%, 100.0000%], out: 167.6470, out_nodes: 57, Feasible_dist: 0.0000, Entropy: 2.4514
[2026-09-04 15:01:43] utils.py(229) : Diversity Loss: 9.4380, Constructive RL loss: 614.3567
[2026-09-04 15:01:46] utils.py(229) : Rank 0 >> Epoch 1: Train (0%)
[2026-09-04 15:01:46] utils.py(229) : [Construction] Score: 26.4564,  Loss: 639.5583,  Infeasible_rate: [100.0000%, 100.0000%], out: 72.5049, out_nodes: 24, Feasible_dist: 0.0000
[2026-09-04 15:01:46] utils.py(229) : [Improvement] Score: 141.6362 [BSF: 139.1619],  Loss: 9.0714,  Infeasible_rate: [100.0000%, 100.0000%], out: 155.9843, out_nodes: 56, Feasible_dist: 0.0000, Entropy: 2.4232
[2026-09-04 15:01:46] utils.py(229) : Diversity Loss: 9.4880, Constructive RL loss: 639.6533
[2026-09-04 15:01:48] utils.py(229) : Rank 0 >> Epoch 1: Train (0%)
[2026-09-04 15:01:48] utils.py(229) : [Construction] Score: 26.4887,  Loss: 659.2462,  Infeasible_rate: [100.0000%, 100.0000%], out: 76.2732, out_nodes: 24, Feasible_dist: 0.0000
[2026-09-04 15:01:48] utils.py(229) : [Improvement] Score: 143.9599 [BSF: 142.1845],  Loss: 10.2783,  Infeasible_rate: [100.0000%, 100.0000%], out: 157.2054, out_nodes: 56, Feasible_dist: 0.0000, Entropy: 2.3997
[2026-09-04 15:01:48] utils.py(229) : Diversity Loss: 9.4743, Constructive RL loss: 659.3411
[2026-09-04 15:01:50] utils.py(229) : Rank 0 >> Epoch 1: Train (0%)
[2026-09-04 15:01:50] utils.py(229) : [Construction] Score: 26.7335,  Loss: 621.9274,  Infeasible_rate: [100.0000%, 100.0000%], out: 76.0029, out_nodes: 24, Feasible_dist: 0.0000
[2026-09-04 15:01:50] utils.py(229) : [Improvement] Score: 142.9080 [BSF: 141.5073],  Loss: 9.6173,  Infeasible_rate: [100.0000%, 100.0000%], out: 152.8704, out_nodes: 55, Feasible_dist: 0.0000, Entropy: 2.4028
[2026-09-04 15:01:50] utils.py(229) : Diversity Loss: 9.4734, Constructive RL loss: 622.0222
[2026-09-04 15:01:52] utils.py(229) : Rank 0 >> Epoch 1: Train (0%)
[2026-09-04 15:01:52] utils.py(229) : [Construction] Score: 26.6853,  Loss: 621.0839,  Infeasible_rate: [100.0000%, 100.0000%], out: 76.3637, out_nodes: 24, Feasible_dist: 0.0000
[2026-09-04 15:01:52] utils.py(229) : [Improvement] Score: 142.1683 [BSF: 140.6980],  Loss: 9.4625,  Infeasible_rate: [100.0000%, 100.0000%], out: 153.8644, out_nodes: 55, Feasible_dist: 0.0000, Entropy: 2.4081
[2026-09-04 15:01:52] utils.py(229) : Diversity Loss: 9.4798, Constructive RL loss: 621.1788
[2026-09-04 15:01:54] utils.py(229) : Rank 0 >> Epoch 1: Train (0%)
[2026-09-04 15:01:54] utils.py(229) : [Construction] Score: 26.6386,  Loss: 604.4985,  Infeasible_rate: [100.0000%, 100.0000%], out: 74.6872, out_nodes: 24, Feasible_dist: 0.0000
[2026-09-04 15:01:54] utils.py(229) : [Improvement] Score: 140.8820 [BSF: 139.4462],  Loss: 9.2676,  Infeasible_rate: [100.0000%, 100.0000%], out: 152.7450, out_nodes: 55, Feasible_dist: 0.0000, Entropy: 2.4085
[2026-09-04 15:01:54] utils.py(229) : Diversity Loss: 9.4950, Constructive RL loss: 604.5935
[2026-09-04 15:01:56] utils.py(229) : Rank 0 >> Epoch 1: Train (0%)
[2026-09-04 15:01:56] utils.py(229) : [Construction] Score: 26.6214,  Loss: 605.2288,  Infeasible_rate: [100.0000%, 100.0000%], out: 73.3760, out_nodes: 24, Feasible_dist: 0.0000
[2026-09-04 15:01:56] utils.py(229) : [Improvement] Score: 138.7802 [BSF: 137.3158],  Loss: 8.8393,  Infeasible_rate: [100.0000%, 100.0000%], out: 149.5441, out_nodes: 55, Feasible_dist: 0.0000, Entropy: 2.4037
[2026-09-04 15:01:56] utils.py(229) : Diversity Loss: 9.5151, Constructive RL loss: 605.3240
[2026-09-04 15:01:58] utils.py(229) : Rank 0 >> Epoch 1: Train (0%)
[2026-09-04 15:01:58] utils.py(229) : [Construction] Score: 26.6015,  Loss: 646.3784,  Infeasible_rate: [100.0000%, 100.0000%], out: 74.1614, out_nodes: 24, Feasible_dist: 0.0000
[2026-09-04 15:01:58] utils.py(229) : [Improvement] Score: 140.1835 [BSF: 138.7563],  Loss: 9.2145,  Infeasible_rate: [100.0000%, 100.0000%], out: 151.3653, out_nodes: 55, Feasible_dist: 0.0000, Entropy: 2.4125
[2026-09-04 15:01:58] utils.py(229) : Diversity Loss: 9.5264, Constructive RL loss: 646.4737
[2026-09-04 15:02:00] utils.py(229) : Rank 0 >> Epoch 1: Train (5%)
[2026-09-04 15:02:00] utils.py(229) : [Construction] Score: 26.6376,  Loss: 639.1689,  Infeasible_rate: [100.0000%, 100.0000%], out: 74.5846, out_nodes: 24, Feasible_dist: 0.0000
[2026-09-04 15:02:00] utils.py(229) : [Improvement] Score: 139.5520 [BSF: 138.2736],  Loss: 9.3321,  Infeasible_rate: [100.0000%, 100.0000%], out: 150.1810, out_nodes: 55, Feasible_dist: 0.0000, Entropy: 2.4209
[2026-09-04 15:02:00] utils.py(229) : Diversity Loss: 9.5277, Constructive RL loss: 639.2643
[2026-09-04 15:02:02] utils.py(229) : Rank 0 >> Epoch 1: Train (5%)
[2026-09-04 15:02:02] utils.py(229) : [Construction] Score: 26.6625,  Loss: 631.2215,  Infeasible_rate: [100.0000%, 100.0000%], out: 75.4867, out_nodes: 24, Feasible_dist: 0.0000
[2026-09-04 15:02:02] utils.py(229) : [Improvement] Score: 140.9864 [BSF: 139.8346],  Loss: 9.7968,  Infeasible_rate: [100.0000%, 100.0000%], out: 152.3143, out_nodes: 55, Feasible_dist: 0.0000, Entropy: 2.4142
[2026-09-04 15:02:02] utils.py(229) : Diversity Loss: 9.5112, Constructive RL loss: 631.3167
[2026-09-04 15:02:04] utils.py(229) : Rank 0 >> Epoch 1: Train (5%)
[2026-09-04 15:02:04] utils.py(229) : [Construction] Score: 26.5563,  Loss: 637.1693,  Infeasible_rate: [100.0000%, 100.0000%], out: 75.3830, out_nodes: 24, Feasible_dist: 0.0000
[2026-09-04 15:02:04] utils.py(229) : [Improvement] Score: 141.2792 [BSF: 139.9768],  Loss: 9.8531,  Infeasible_rate: [100.0000%, 100.0000%], out: 153.0844, out_nodes: 55, Feasible_dist: 0.0000, Entropy: 2.4142
[2026-09-04 15:02:04] utils.py(229) : Diversity Loss: 9.5088, Constructive RL loss: 637.2644
[2026-09-04 15:02:06] utils.py(229) : Rank 0 >> Epoch 1: Train (5%)
[2026-09-04 15:02:06] utils.py(229) : [Construction] Score: 26.5721,  Loss: 631.5405,  Infeasible_rate: [100.0000%, 100.0000%], out: 74.9077, out_nodes: 24, Feasible_dist: 0.0000
[2026-09-04 15:02:06] utils.py(229) : [Improvement] Score: 140.8866 [BSF: 139.6722],  Loss: 9.8496,  Infeasible_rate: [100.0000%, 100.0000%], out: 152.5919, out_nodes: 55, Feasible_dist: 0.0000, Entropy: 2.4153
[2026-09-04 15:02:06] utils.py(229) : Diversity Loss: 9.5073, Constructive RL loss: 631.6356
[2026-09-04 15:02:08] utils.py(229) : Rank 0 >> Epoch 1: Train (5%)
[2026-09-04 15:02:08] utils.py(229) : [Construction] Score: 26.5566,  Loss: 627.0217,  Infeasible_rate: [100.0000%, 100.0000%], out: 75.1404, out_nodes: 24, Feasible_dist: 0.0000
[2026-09-04 15:02:08] utils.py(229) : [Improvement] Score: 141.7287 [BSF: 140.4563],  Loss: 9.6721,  Infeasible_rate: [100.0000%, 100.0000%], out: 154.0703, out_nodes: 55, Feasible_dist: 0.0000, Entropy: 2.4163
[2026-09-04 15:02:08] utils.py(229) : Diversity Loss: 9.5098, Constructive RL loss: 627.1169
[2026-09-04 15:02:10] utils.py(229) : Rank 0 >> Epoch 1: Train (5%)
[2026-09-04 15:02:10] utils.py(229) : [Construction] Score: 26.5353,  Loss: 633.6315,  Infeasible_rate: [100.0000%, 100.0000%], out: 75.3391, out_nodes: 24, Feasible_dist: 0.0000
[2026-09-04 15:02:10] utils.py(229) : [Improvement] Score: 141.6855 [BSF: 140.4131],  Loss: 9.5632,  Infeasible_rate: [100.0000%, 100.0000%], out: 154.2429, out_nodes: 55, Feasible_dist: 0.0000, Entropy: 2.4162
[2026-09-04 15:02:10] utils.py(229) : Diversity Loss: 9.5107, Constructive RL loss: 633.7267
[2026-09-04 15:02:12] utils.py(229) : Rank 0 >> Epoch 1: Train (5%)
[2026-09-04 15:02:12] utils.py(229) : [Construction] Score: 26.6165,  Loss: 628.0879,  Infeasible_rate: [100.0000%, 100.0000%], out: 75.2957, out_nodes: 24, Feasible_dist: 0.0000
[2026-09-04 15:02:12] utils.py(229) : [Improvement] Score: 142.5442 [BSF: 141.1307],  Loss: 9.6039,  Infeasible_rate: [100.0000%, 100.0000%], out: 153.9116, out_nodes: 55, Feasible_dist: 0.0000, Entropy: 2.4143
[2026-09-04 15:02:12] utils.py(229) : Diversity Loss: 9.5111, Constructive RL loss: 628.1831
[2026-09-04 15:02:14] utils.py(229) : Rank 0 >> Epoch 1: Train (5%)
[2026-09-04 15:02:14] utils.py(229) : [Construction] Score: 26.5833,  Loss: 623.5484,  Infeasible_rate: [100.0000%, 100.0000%], out: 75.8092, out_nodes: 24, Feasible_dist: 0.0000
[2026-09-04 15:02:14] utils.py(229) : [Improvement] Score: 142.5031 [BSF: 141.1779],  Loss: 9.7365,  Infeasible_rate: [100.0000%, 100.0000%], out: 153.9687, out_nodes: 55, Feasible_dist: 0.0000, Entropy: 2.4124
[2026-09-04 15:02:14] utils.py(229) : Diversity Loss: 9.5106, Constructive RL loss: 623.6436
[2026-09-04 15:02:16] utils.py(229) : Rank 0 >> Epoch 1: Train (10%)
[2026-09-04 15:02:16] utils.py(229) : [Construction] Score: 26.5357,  Loss: 631.2269,  Infeasible_rate: [100.0000%, 100.0000%], out: 76.3039, out_nodes: 24, Feasible_dist: 0.0000
[2026-09-04 15:02:16] utils.py(229) : [Improvement] Score: 143.4225 [BSF: 142.1136],  Loss: 9.4980,  Infeasible_rate: [100.0000%, 100.0000%], out: 155.1005, out_nodes: 55, Feasible_dist: 0.0000, Entropy: 2.4168
[2026-09-04 15:02:16] utils.py(229) : Diversity Loss: 9.5126, Constructive RL loss: 631.3221
[2026-09-04 15:02:18] utils.py(229) : Rank 0 >> Epoch 1: Train (10%)
[2026-09-04 15:02:18] utils.py(229) : [Construction] Score: 26.5215,  Loss: 629.5858,  Infeasible_rate: [100.0000%, 100.0000%], out: 76.5511, out_nodes: 24, Feasible_dist: 0.0000
[2026-09-04 15:02:18] utils.py(229) : [Improvement] Score: 144.0039 [BSF: 142.7677],  Loss: 9.7146,  Infeasible_rate: [100.0000%, 100.0000%], out: 155.6192, out_nodes: 55, Feasible_dist: 0.0000, Entropy: 2.4139
[2026-09-04 15:02:18] utils.py(229) : Diversity Loss: 9.5114, Constructive RL loss: 629.6810
[2026-09-04 15:02:20] utils.py(229) : Rank 0 >> Epoch 1: Train (10%)
[2026-09-04 15:02:20] utils.py(229) : [Construction] Score: 26.5404,  Loss: 626.3692,  Infeasible_rate: [100.0000%, 100.0000%], out: 77.3173, out_nodes: 24, Feasible_dist: 0.0000
[2026-09-04 15:02:20] utils.py(229) : [Improvement] Score: 144.2708 [BSF: 143.0997],  Loss: 9.6912,  Infeasible_rate: [100.0000%, 100.0000%], out: 155.6491, out_nodes: 55, Feasible_dist: 0.0000, Entropy: 2.4172
[2026-09-04 15:02:20] utils.py(229) : Diversity Loss: 9.5105, Constructive RL loss: 626.4643
[2026-09-04 15:02:22] utils.py(229) : Rank 0 >> Epoch 1: Train (10%)
[2026-09-04 15:02:22] utils.py(229) : [Construction] Score: 26.5644,  Loss: 621.8447,  Infeasible_rate: [100.0000%, 100.0000%], out: 76.9863, out_nodes: 24, Feasible_dist: 0.0000
[2026-09-04 15:02:22] utils.py(229) : [Improvement] Score: 143.9883 [BSF: 142.8323],  Loss: 9.5053,  Infeasible_rate: [100.0000%, 100.0000%], out: 154.6598, out_nodes: 55, Feasible_dist: 0.0000, Entropy: 2.4167
[2026-09-04 15:02:22] utils.py(229) : Diversity Loss: 9.5168, Constructive RL loss: 621.9399
[2026-09-04 15:02:24] utils.py(229) : Rank 0 >> Epoch 1: Train (10%)
[2026-09-04 15:02:24] utils.py(229) : [Construction] Score: 26.5579,  Loss: 618.1056,  Infeasible_rate: [100.0000%, 100.0000%], out: 77.2921, out_nodes: 24, Feasible_dist: 0.0000
[2026-09-04 15:02:24] utils.py(229) : [Improvement] Score: 143.8753 [BSF: 142.7744],  Loss: 9.6610,  Infeasible_rate: [100.0000%, 100.0000%], out: 154.2910, out_nodes: 55, Feasible_dist: 0.0000, Entropy: 2.4160
[2026-09-04 15:02:24] utils.py(229) : Diversity Loss: 9.5178, Constructive RL loss: 618.2008
[2026-09-04 15:02:26] utils.py(229) : Rank 0 >> Epoch 1: Train (10%)
[2026-09-04 15:02:26] utils.py(229) : [Construction] Score: 26.5652,  Loss: 617.7072,  Infeasible_rate: [100.0000%, 100.0000%], out: 76.9164, out_nodes: 24, Feasible_dist: 0.0000
[2026-09-04 15:02:26] utils.py(229) : [Improvement] Score: 143.5804 [BSF: 142.4659],  Loss: 9.4924,  Infeasible_rate: [100.0000%, 100.0000%], out: 153.9007, out_nodes: 55, Feasible_dist: 0.0000, Entropy: 2.4148
[2026-09-04 15:02:26] utils.py(229) : Diversity Loss: 9.5221, Constructive RL loss: 617.8025
[2026-09-04 15:02:28] utils.py(229) : Rank 0 >> Epoch 1: Train (10%)
[2026-09-04 15:02:28] utils.py(229) : [Construction] Score: 26.5354,  Loss: 616.1965,  Infeasible_rate: [100.0000%, 100.0000%], out: 77.0162, out_nodes: 24, Feasible_dist: 0.0000
[2026-09-04 15:02:28] utils.py(229) : [Improvement] Score: 143.9468 [BSF: 142.8807],  Loss: 9.5279,  Infeasible_rate: [100.0000%, 100.0000%], out: 154.4689, out_nodes: 55, Feasible_dist: 0.0000, Entropy: 2.4145
[2026-09-04 15:02:28] utils.py(229) : Diversity Loss: 9.5195, Constructive RL loss: 616.2918
[2026-09-04 15:02:30] utils.py(229) : Rank 0 >> Epoch 1: Train (10%)
[2026-09-04 15:02:30] utils.py(229) : [Construction] Score: 26.5538,  Loss: 619.0366,  Infeasible_rate: [100.0000%, 100.0000%], out: 77.2053, out_nodes: 24, Feasible_dist: 0.0000
[2026-09-04 15:02:30] utils.py(229) : [Improvement] Score: 144.1302 [BSF: 143.0996],  Loss: 9.5886,  Infeasible_rate: [100.0000%, 100.0000%], out: 154.8228, out_nodes: 55, Feasible_dist: 0.0000, Entropy: 2.4101
[2026-09-04 15:02:30] utils.py(229) : Diversity Loss: 9.5205, Constructive RL loss: 619.1318
[2026-09-04 15:02:32] utils.py(229) : Rank 0 >> Epoch 1: Train (15%)
[2026-09-04 15:02:32] utils.py(229) : [Construction] Score: 26.5344,  Loss: 621.1639,  Infeasible_rate: [100.0000%, 100.0000%], out: 76.9105, out_nodes: 24, Feasible_dist: 0.0000
[2026-09-04 15:02:32] utils.py(229) : [Improvement] Score: 144.2396 [BSF: 143.1629],  Loss: 9.7381,  Infeasible_rate: [100.0000%, 100.0000%], out: 154.6941, out_nodes: 55, Feasible_dist: 0.0000, Entropy: 2.4105
[2026-09-04 15:02:32] utils.py(229) : Diversity Loss: 9.5229, Constructive RL loss: 621.2592
[2026-09-04 15:02:34] utils.py(229) : Rank 0 >> Epoch 1: Train (15%)
[2026-09-04 15:02:34] utils.py(229) : [Construction] Score: 26.5352,  Loss: 619.1217,  Infeasible_rate: [100.0000%, 100.0000%], out: 77.1370, out_nodes: 24, Feasible_dist: 0.0000
[2026-09-04 15:02:34] utils.py(229) : [Improvement] Score: 144.3043 [BSF: 143.2322],  Loss: 9.8094,  Infeasible_rate: [100.0000%, 100.0000%], out: 154.9290, out_nodes: 55, Feasible_dist: 0.0000, Entropy: 2.4114
[2026-09-04 15:02:34] utils.py(229) : Diversity Loss: 9.5201, Constructive RL loss: 619.2169
[2026-09-04 15:02:36] utils.py(229) : Rank 0 >> Epoch 1: Train (15%)
[2026-09-04 15:02:36] utils.py(229) : [Construction] Score: 26.5276,  Loss: 616.7285,  Infeasible_rate: [100.0000%, 100.0000%], out: 77.5500, out_nodes: 24, Feasible_dist: 0.0000
[2026-09-04 15:02:36] utils.py(229) : [Improvement] Score: 144.5252 [BSF: 143.4689],  Loss: 10.0106,  Infeasible_rate: [100.0000%, 100.0000%], out: 155.0761, out_nodes: 55, Feasible_dist: 0.0000, Entropy: 2.4126
[2026-09-04 15:02:36] utils.py(229) : Diversity Loss: 9.5178, Constructive RL loss: 616.8237
[2026-09-04 15:02:38] utils.py(229) : Rank 0 >> Epoch 1: Train (15%)
[2026-09-04 15:02:38] utils.py(229) : [Construction] Score: 26.5490,  Loss: 616.6268,  Infeasible_rate: [100.0000%, 100.0000%], out: 77.6620, out_nodes: 24, Feasible_dist: 0.0000
[2026-09-04 15:02:38] utils.py(229) : [Improvement] Score: 145.1228 [BSF: 143.9728],  Loss: 10.0540,  Infeasible_rate: [100.0000%, 100.0000%], out: 155.3516, out_nodes: 55, Feasible_dist: 0.0000, Entropy: 2.4104
[2026-09-04 15:02:38] utils.py(229) : Diversity Loss: 9.5190, Constructive RL loss: 616.7221
[2026-09-04 15:02:40] utils.py(229) : Rank 0 >> Epoch 1: Train (15%)
[2026-09-04 15:02:40] utils.py(229) : [Construction] Score: 26.5624,  Loss: 619.3439,  Infeasible_rate: [100.0000%, 100.0000%], out: 77.7607, out_nodes: 24, Feasible_dist: 0.0000
[2026-09-04 15:02:40] utils.py(229) : [Improvement] Score: 145.4263 [BSF: 144.3151],  Loss: 10.0623,  Infeasible_rate: [100.0000%, 100.0000%], out: 155.2692, out_nodes: 55, Feasible_dist: 0.0000, Entropy: 2.4125
[2026-09-04 15:02:40] utils.py(229) : Diversity Loss: 9.5220, Constructive RL loss: 619.4392
[2026-09-04 15:02:42] utils.py(229) : Rank 0 >> Epoch 1: Train (15%)
[2026-09-04 15:02:42] utils.py(229) : [Construction] Score: 26.5546,  Loss: 620.5399,  Infeasible_rate: [100.0000%, 100.0000%], out: 77.9091, out_nodes: 24, Feasible_dist: 0.0000
[2026-09-04 15:02:42] utils.py(229) : [Improvement] Score: 145.7841 [BSF: 144.6543],  Loss: 10.0475,  Infeasible_rate: [100.0000%, 100.0000%], out: 155.5120, out_nodes: 55, Feasible_dist: 0.0000, Entropy: 2.4138
[2026-09-04 15:02:42] utils.py(229) : Diversity Loss: 9.5205, Constructive RL loss: 620.6351
[2026-09-04 15:02:44] utils.py(229) : Rank 0 >> Epoch 1: Train (15%)
[2026-09-04 15:02:44] utils.py(229) : [Construction] Score: 26.5979,  Loss: 619.5803,  Infeasible_rate: [100.0000%, 100.0000%], out: 77.4426, out_nodes: 24, Feasible_dist: 0.0000
[2026-09-04 15:02:44] utils.py(229) : [Improvement] Score: 145.2064 [BSF: 144.1130],  Loss: 9.9380,  Infeasible_rate: [100.0000%, 100.0000%], out: 154.5804, out_nodes: 55, Feasible_dist: 0.0000, Entropy: 2.4139
[2026-09-04 15:02:44] utils.py(229) : Diversity Loss: 9.5245, Constructive RL loss: 619.6756
[2026-09-04 15:02:46] utils.py(229) : Rank 0 >> Epoch 1: Train (15%)
[2026-09-04 15:02:46] utils.py(229) : [Construction] Score: 26.5878,  Loss: 617.7887,  Infeasible_rate: [100.0000%, 100.0000%], out: 77.4922, out_nodes: 24, Feasible_dist: 0.0000
[2026-09-04 15:02:46] utils.py(229) : [Improvement] Score: 145.2382 [BSF: 144.1560],  Loss: 9.9241,  Infeasible_rate: [100.0000%, 100.0000%], out: 154.0427, out_nodes: 55, Feasible_dist: 0.0000, Entropy: 2.4137
[2026-09-04 15:02:46] utils.py(229) : Diversity Loss: 9.5235, Constructive RL loss: 617.8840
[2026-09-04 15:02:48] utils.py(229) : Rank 0 >> Epoch 1: Train (20%)
[2026-09-04 15:02:48] utils.py(229) : [Construction] Score: 26.5657,  Loss: 614.2677,  Infeasible_rate: [100.0000%, 100.0000%], out: 77.0537, out_nodes: 24, Feasible_dist: 0.0000
[2026-09-04 15:02:48] utils.py(229) : [Improvement] Score: 144.7690 [BSF: 143.7154],  Loss: 9.8394,  Infeasible_rate: [100.0000%, 100.0000%], out: 153.1491, out_nodes: 55, Feasible_dist: 0.0000, Entropy: 2.4148
[2026-09-04 15:02:48] utils.py(229) : Diversity Loss: 9.5278, Constructive RL loss: 614.3630
[2026-09-04 15:02:51] utils.py(229) : Rank 0 >> Epoch 1: Train (20%)
[2026-09-04 15:02:51] utils.py(229) : [Construction] Score: 26.5823,  Loss: 615.3646,  Infeasible_rate: [100.0000%, 100.0000%], out: 76.9633, out_nodes: 24, Feasible_dist: 0.0000
[2026-09-04 15:02:51] utils.py(229) : [Improvement] Score: 144.6863 [BSF: 143.6035],  Loss: 9.8738,  Infeasible_rate: [100.0000%, 100.0000%], out: 153.1128, out_nodes: 55, Feasible_dist: 0.0000, Entropy: 2.4148
[2026-09-04 15:02:51] utils.py(229) : Diversity Loss: 9.5290, Constructive RL loss: 615.4599
[2026-09-04 15:02:53] utils.py(229) : Rank 0 >> Epoch 1: Train (20%)
[2026-09-04 15:02:53] utils.py(229) : [Construction] Score: 26.6125,  Loss: 618.9496,  Infeasible_rate: [100.0000%, 100.0000%], out: 76.6907, out_nodes: 24, Feasible_dist: 0.0000
[2026-09-04 15:02:53] utils.py(229) : [Improvement] Score: 144.5874 [BSF: 143.4706],  Loss: 9.8419,  Infeasible_rate: [100.0000%, 100.0000%], out: 153.3053, out_nodes: 55, Feasible_dist: 0.0000, Entropy: 2.4163
[2026-09-04 15:02:53] utils.py(229) : Diversity Loss: 9.5267, Constructive RL loss: 619.0449
[2026-09-04 15:02:55] utils.py(229) : Rank 0 >> Epoch 1: Train (20%)
[2026-09-04 15:02:55] utils.py(229) : [Construction] Score: 26.6180,  Loss: 618.4991,  Infeasible_rate: [100.0000%, 100.0000%], out: 76.7671, out_nodes: 24, Feasible_dist: 0.0000
[2026-09-04 15:02:55] utils.py(229) : [Improvement] Score: 144.6053 [BSF: 143.5195],  Loss: 9.8451,  Infeasible_rate: [100.0000%, 100.0000%], out: 153.3813, out_nodes: 55, Feasible_dist: 0.0000, Entropy: 2.4158
[2026-09-04 15:02:55] utils.py(229) : Diversity Loss: 9.5250, Constructive RL loss: 618.5944
[2026-09-04 15:02:57] utils.py(229) : Rank 0 >> Epoch 1: Train (20%)
[2026-09-04 15:02:57] utils.py(229) : [Construction] Score: 26.6049,  Loss: 616.4530,  Infeasible_rate: [100.0000%, 100.0000%], out: 76.9244, out_nodes: 24, Feasible_dist: 0.0000
[2026-09-04 15:02:57] utils.py(229) : [Improvement] Score: 144.8932 [BSF: 143.8168],  Loss: 9.8415,  Infeasible_rate: [100.0000%, 100.0000%], out: 153.5926, out_nodes: 55, Feasible_dist: 0.0000, Entropy: 2.4168
[2026-09-04 15:02:57] utils.py(229) : Diversity Loss: 9.5243, Constructive RL loss: 616.5483
[2026-09-04 15:02:59] utils.py(229) : Rank 0 >> Epoch 1: Train (20%)
[2026-09-04 15:02:59] utils.py(229) : [Construction] Score: 26.6050,  Loss: 617.1714,  Infeasible_rate: [100.0000%, 100.0000%], out: 76.9887, out_nodes: 24, Feasible_dist: 0.0000
[2026-09-04 15:02:59] utils.py(229) : [Improvement] Score: 144.8723 [BSF: 143.7383],  Loss: 9.8483,  Infeasible_rate: [100.0000%, 100.0000%], out: 153.5708, out_nodes: 55, Feasible_dist: 0.0000, Entropy: 2.4183
[2026-09-04 15:02:59] utils.py(229) : Diversity Loss: 9.5234, Constructive RL loss: 617.2666
[2026-09-04 15:03:01] utils.py(229) : Rank 0 >> Epoch 1: Train (20%)
[2026-09-04 15:03:01] utils.py(229) : [Construction] Score: 26.5974,  Loss: 616.9970,  Infeasible_rate: [100.0000%, 100.0000%], out: 77.0097, out_nodes: 24, Feasible_dist: 0.0000
[2026-09-04 15:03:01] utils.py(229) : [Improvement] Score: 145.2278 [BSF: 144.0291],  Loss: 9.7867,  Infeasible_rate: [100.0000%, 100.0000%], out: 153.8227, out_nodes: 55, Feasible_dist: 0.0000, Entropy: 2.4190
[2026-09-04 15:03:01] utils.py(229) : Diversity Loss: 9.5208, Constructive RL loss: 617.0923
[2026-09-04 15:03:03] utils.py(229) : Rank 0 >> Epoch 1: Train (20%)
[2026-09-04 15:03:03] utils.py(229) : [Construction] Score: 26.5965,  Loss: 615.9084,  Infeasible_rate: [100.0000%, 100.0000%], out: 77.1427, out_nodes: 24, Feasible_dist: 0.0000
[2026-09-04 15:03:03] utils.py(229) : [Improvement] Score: 145.1740 [BSF: 144.0052],  Loss: 9.7237,  Infeasible_rate: [100.0000%, 100.0000%], out: 154.0895, out_nodes: 55, Feasible_dist: 0.0000, Entropy: 2.4193
[2026-09-04 15:03:03] utils.py(229) : Diversity Loss: 9.5189, Constructive RL loss: 616.0036
[2026-09-04 15:03:05] utils.py(229) : Rank 0 >> Epoch 1: Train (25%)
[2026-09-04 15:03:05] utils.py(229) : [Construction] Score: 26.5990,  Loss: 614.8099,  Infeasible_rate: [100.0000%, 100.0000%], out: 77.2884, out_nodes: 24, Feasible_dist: 0.0000
[2026-09-04 15:03:05] utils.py(229) : [Improvement] Score: 145.1883 [BSF: 144.0480],  Loss: 9.7747,  Infeasible_rate: [100.0000%, 100.0000%], out: 154.4521, out_nodes: 55, Feasible_dist: 0.0000, Entropy: 2.4201
[2026-09-04 15:03:05] utils.py(229) : Diversity Loss: 9.5183, Constructive RL loss: 614.9051
[2026-09-04 15:03:07] utils.py(229) : Rank 0 >> Epoch 1: Train (25%)
[2026-09-04 15:03:07] utils.py(229) : [Construction] Score: 26.5852,  Loss: 617.4255,  Infeasible_rate: [100.0000%, 100.0000%], out: 77.3408, out_nodes: 24, Feasible_dist: 0.0000
[2026-09-04 15:03:07] utils.py(229) : [Improvement] Score: 145.2334 [BSF: 144.1203],  Loss: 9.7789,  Infeasible_rate: [100.0000%, 100.0000%], out: 154.4399, out_nodes: 55, Feasible_dist: 0.0000, Entropy: 2.4210
[2026-09-04 15:03:07] utils.py(229) : Diversity Loss: 9.5176, Constructive RL loss: 617.5206
[2026-09-04 15:03:09] utils.py(229) : Rank 0 >> Epoch 1: Train (25%)
[2026-09-04 15:03:09] utils.py(229) : [Construction] Score: 26.5818,  Loss: 616.5055,  Infeasible_rate: [100.0000%, 100.0000%], out: 77.6180, out_nodes: 24, Feasible_dist: 0.0000
[2026-09-04 15:03:09] utils.py(229) : [Improvement] Score: 145.9730 [BSF: 144.8361],  Loss: 9.7516,  Infeasible_rate: [100.0000%, 100.0000%], out: 154.9811, out_nodes: 55, Feasible_dist: 0.0000, Entropy: 2.4199
[2026-09-04 15:03:09] utils.py(229) : Diversity Loss: 9.5162, Constructive RL loss: 616.6006
[2026-09-04 15:03:11] utils.py(229) : Rank 0 >> Epoch 1: Train (25%)
[2026-09-04 15:03:11] utils.py(229) : [Construction] Score: 26.5881,  Loss: 616.8077,  Infeasible_rate: [100.0000%, 100.0000%], out: 77.9017, out_nodes: 24, Feasible_dist: 0.0000
[2026-09-04 15:03:11] utils.py(229) : [Improvement] Score: 146.3571 [BSF: 145.2460],  Loss: 9.8301,  Infeasible_rate: [100.0000%, 100.0000%], out: 155.2527, out_nodes: 56, Feasible_dist: 0.0000, Entropy: 2.4203
[2026-09-04 15:03:11] utils.py(229) : Diversity Loss: 9.5149, Constructive RL loss: 616.9028
[2026-09-04 15:03:13] utils.py(229) : Rank 0 >> Epoch 1: Train (25%)
[2026-09-04 15:03:13] utils.py(229) : [Construction] Score: 26.6030,  Loss: 615.5256,  Infeasible_rate: [100.0000%, 100.0000%], out: 77.7467, out_nodes: 24, Feasible_dist: 0.0000
[2026-09-04 15:03:13] utils.py(229) : [Improvement] Score: 146.0759 [BSF: 144.9896],  Loss: 9.8219,  Infeasible_rate: [100.0000%, 100.0000%], out: 154.8720, out_nodes: 55, Feasible_dist: 0.0000, Entropy: 2.4207
[2026-09-04 15:03:13] utils.py(229) : Diversity Loss: 9.5148, Constructive RL loss: 615.6208
[2026-09-04 15:03:15] utils.py(229) : Rank 0 >> Epoch 1: Train (25%)
[2026-09-04 15:03:15] utils.py(229) : [Construction] Score: 26.6160,  Loss: 614.5480,  Infeasible_rate: [100.0000%, 100.0000%], out: 77.7981, out_nodes: 24, Feasible_dist: 0.0000
[2026-09-04 15:03:15] utils.py(229) : [Improvement] Score: 146.0434 [BSF: 144.9388],  Loss: 9.8145,  Infeasible_rate: [100.0000%, 100.0000%], out: 154.7186, out_nodes: 55, Feasible_dist: 0.0000, Entropy: 2.4205
[2026-09-04 15:03:15] utils.py(229) : Diversity Loss: 9.5170, Constructive RL loss: 614.6432
[2026-09-04 15:03:17] utils.py(229) : Rank 0 >> Epoch 1: Train (25%)
[2026-09-04 15:03:17] utils.py(229) : [Construction] Score: 26.5974,  Loss: 614.5389,  Infeasible_rate: [100.0000%, 100.0000%], out: 77.7489, out_nodes: 24, Feasible_dist: 0.0000
[2026-09-04 15:03:17] utils.py(229) : [Improvement] Score: 146.1923 [BSF: 145.0708],  Loss: 9.8079,  Infeasible_rate: [100.0000%, 100.0000%], out: 154.7592, out_nodes: 55, Feasible_dist: 0.0000, Entropy: 2.4204
[2026-09-04 15:03:17] utils.py(229) : Diversity Loss: 9.5167, Constructive RL loss: 614.6341
[2026-09-04 15:03:19] utils.py(229) : Rank 0 >> Epoch 1: Train (25%)
[2026-09-04 15:03:19] utils.py(229) : [Construction] Score: 26.5888,  Loss: 615.5070,  Infeasible_rate: [100.0000%, 100.0000%], out: 77.5984, out_nodes: 24, Feasible_dist: 0.0000
[2026-09-04 15:03:19] utils.py(229) : [Improvement] Score: 145.9353 [BSF: 144.7857],  Loss: 9.8059,  Infeasible_rate: [100.0000%, 100.0000%], out: 154.2035, out_nodes: 55, Feasible_dist: 0.0000, Entropy: 2.4193
[2026-09-04 15:03:19] utils.py(229) : Diversity Loss: 9.5181, Constructive RL loss: 615.6022
[2026-09-04 15:03:21] utils.py(229) : Rank 0 >> Epoch 1: Train (30%)
[2026-09-04 15:03:21] utils.py(229) : [Construction] Score: 26.5697,  Loss: 616.6040,  Infeasible_rate: [100.0000%, 100.0000%], out: 77.5076, out_nodes: 24, Feasible_dist: 0.0000
[2026-09-04 15:03:21] utils.py(229) : [Improvement] Score: 145.7415 [BSF: 144.5933],  Loss: 9.7407,  Infeasible_rate: [100.0000%, 100.0000%], out: 154.1176, out_nodes: 55, Feasible_dist: 0.0000, Entropy: 2.4194
[2026-09-04 15:03:21] utils.py(229) : Diversity Loss: 9.5186, Constructive RL loss: 616.6992
[2026-09-04 15:03:23] utils.py(229) : Rank 0 >> Epoch 1: Train (30%)
[2026-09-04 15:03:23] utils.py(229) : [Construction] Score: 26.5695,  Loss: 615.3644,  Infeasible_rate: [100.0000%, 100.0000%], out: 77.4754, out_nodes: 24, Feasible_dist: 0.0000
[2026-09-04 15:03:23] utils.py(229) : [Improvement] Score: 145.6496 [BSF: 144.5027],  Loss: 9.6770,  Infeasible_rate: [100.0000%, 100.0000%], out: 153.8000, out_nodes: 55, Feasible_dist: 0.0000, Entropy: 2.4196
[2026-09-04 15:03:23] utils.py(229) : Diversity Loss: 9.5194, Constructive RL loss: 615.4596
[2026-09-04 15:03:25] utils.py(229) : Rank 0 >> Epoch 1: Train (30%)
[2026-09-04 15:03:25] utils.py(229) : [Construction] Score: 26.5758,  Loss: 615.2656,  Infeasible_rate: [100.0000%, 100.0000%], out: 77.4559, out_nodes: 24, Feasible_dist: 0.0000
[2026-09-04 15:03:25] utils.py(229) : [Improvement] Score: 145.5513 [BSF: 144.4098],  Loss: 9.7334,  Infeasible_rate: [100.0000%, 100.0000%], out: 153.8422, out_nodes: 55, Feasible_dist: 0.0000, Entropy: 2.4216
[2026-09-04 15:03:25] utils.py(229) : Diversity Loss: 9.5199, Constructive RL loss: 615.3608
[2026-09-04 15:03:27] utils.py(229) : Rank 0 >> Epoch 1: Train (30%)
[2026-09-04 15:03:27] utils.py(229) : [Construction] Score: 26.5940,  Loss: 616.9742,  Infeasible_rate: [100.0000%, 100.0000%], out: 77.2136, out_nodes: 24, Feasible_dist: 0.0000
[2026-09-04 15:03:27] utils.py(229) : [Improvement] Score: 145.5404 [BSF: 144.3786],  Loss: 9.7524,  Infeasible_rate: [100.0000%, 100.0000%], out: 153.6429, out_nodes: 55, Feasible_dist: 0.0000, Entropy: 2.4228
[2026-09-04 15:03:27] utils.py(229) : Diversity Loss: 9.5206, Constructive RL loss: 617.0694
[2026-09-04 15:03:29] utils.py(229) : Rank 0 >> Epoch 1: Train (30%)
[2026-09-04 15:03:29] utils.py(229) : [Construction] Score: 26.5955,  Loss: 617.6115,  Infeasible_rate: [100.0000%, 100.0000%], out: 77.1345, out_nodes: 24, Feasible_dist: 0.0000
[2026-09-04 15:03:29] utils.py(229) : [Improvement] Score: 145.3159 [BSF: 144.1758],  Loss: 9.7013,  Infeasible_rate: [100.0000%, 100.0000%], out: 153.4806, out_nodes: 55, Feasible_dist: 0.0000, Entropy: 2.4215
[2026-09-04 15:03:29] utils.py(229) : Diversity Loss: 9.5220, Constructive RL loss: 617.7067
[2026-09-04 15:03:31] utils.py(229) : Rank 0 >> Epoch 1: Train (30%)
[2026-09-04 15:03:31] utils.py(229) : [Construction] Score: 26.5745,  Loss: 616.5221,  Infeasible_rate: [100.0000%, 100.0000%], out: 76.7964, out_nodes: 24, Feasible_dist: 0.0000
[2026-09-04 15:03:31] utils.py(229) : [Improvement] Score: 144.9199 [BSF: 143.8008],  Loss: 9.6547,  Infeasible_rate: [100.0000%, 100.0000%], out: 153.0806, out_nodes: 55, Feasible_dist: 0.0000, Entropy: 2.4230
[2026-09-04 15:03:31] utils.py(229) : Diversity Loss: 9.5225, Constructive RL loss: 616.6173
[2026-09-04 15:03:33] utils.py(229) : Rank 0 >> Epoch 1: Train (30%)
[2026-09-04 15:03:33] utils.py(229) : [Construction] Score: 26.5735,  Loss: 615.1136,  Infeasible_rate: [100.0000%, 100.0000%], out: 76.9901, out_nodes: 24, Feasible_dist: 0.0000
[2026-09-04 15:03:33] utils.py(229) : [Improvement] Score: 144.9852 [BSF: 143.8680],  Loss: 9.7080,  Infeasible_rate: [100.0000%, 100.0000%], out: 153.2488, out_nodes: 55, Feasible_dist: 0.0000, Entropy: 2.4225
[2026-09-04 15:03:33] utils.py(229) : Diversity Loss: 9.5218, Constructive RL loss: 615.2088
[2026-09-04 15:03:35] utils.py(229) : Rank 0 >> Epoch 1: Train (30%)
[2026-09-04 15:03:35] utils.py(229) : [Construction] Score: 26.5800,  Loss: 612.8560,  Infeasible_rate: [100.0000%, 100.0000%], out: 77.1348, out_nodes: 24, Feasible_dist: 0.0000
[2026-09-04 15:03:35] utils.py(229) : [Improvement] Score: 145.1064 [BSF: 143.9413],  Loss: 9.7417,  Infeasible_rate: [100.0000%, 100.0000%], out: 153.1338, out_nodes: 55, Feasible_dist: 0.0000, Entropy: 2.4228
[2026-09-04 15:03:36] utils.py(229) : Diversity Loss: 9.5208, Constructive RL loss: 612.9512
[2026-09-04 15:03:38] utils.py(229) : Rank 0 >> Epoch 1: Train (35%)
[2026-09-04 15:03:38] utils.py(229) : [Construction] Score: 26.5729,  Loss: 612.3944,  Infeasible_rate: [100.0000%, 100.0000%], out: 76.9497, out_nodes: 24, Feasible_dist: 0.0000
[2026-09-04 15:03:38] utils.py(229) : [Improvement] Score: 144.9497 [BSF: 143.7730],  Loss: 9.7707,  Infeasible_rate: [100.0000%, 100.0000%], out: 152.9507, out_nodes: 55, Feasible_dist: 0.0000, Entropy: 2.4237
[2026-09-04 15:03:38] utils.py(229) : Diversity Loss: 9.5213, Constructive RL loss: 612.4896
[2026-09-04 15:03:40] utils.py(229) : Rank 0 >> Epoch 1: Train (35%)
[2026-09-04 15:03:40] utils.py(229) : [Construction] Score: 26.5633,  Loss: 613.4213,  Infeasible_rate: [100.0000%, 100.0000%], out: 76.8699, out_nodes: 24, Feasible_dist: 0.0000
[2026-09-04 15:03:40] utils.py(229) : [Improvement] Score: 144.8378 [BSF: 143.6565],  Loss: 9.7948,  Infeasible_rate: [100.0000%, 100.0000%], out: 152.8520, out_nodes: 55, Feasible_dist: 0.0000, Entropy: 2.4235
[2026-09-04 15:03:40] utils.py(229) : Diversity Loss: 9.5220, Constructive RL loss: 613.5166
[2026-09-04 15:03:42] utils.py(229) : Rank 0 >> Epoch 1: Train (35%)
[2026-09-04 15:03:42] utils.py(229) : [Construction] Score: 26.5712,  Loss: 612.8067,  Infeasible_rate: [100.0000%, 100.0000%], out: 76.8260, out_nodes: 24, Feasible_dist: 0.0000
[2026-09-04 15:03:42] utils.py(229) : [Improvement] Score: 144.8711 [BSF: 143.6738],  Loss: 9.7980,  Infeasible_rate: [100.0000%, 100.0000%], out: 152.9487, out_nodes: 55, Feasible_dist: 0.0000, Entropy: 2.4237
[2026-09-04 15:03:42] utils.py(229) : Diversity Loss: 9.5234, Constructive RL loss: 612.9019
[2026-09-04 15:03:45] utils.py(229) : Rank 0 >> Epoch 1: Train (35%)
[2026-09-04 15:03:45] utils.py(229) : [Construction] Score: 26.5580,  Loss: 614.0964,  Infeasible_rate: [100.0000%, 100.0000%], out: 76.6077, out_nodes: 24, Feasible_dist: 0.0000
[2026-09-04 15:03:45] utils.py(229) : [Improvement] Score: 144.6805 [BSF: 143.4592],  Loss: 9.7699,  Infeasible_rate: [100.0000%, 100.0000%], out: 152.6695, out_nodes: 55, Feasible_dist: 0.0000, Entropy: 2.4229
[2026-09-04 15:03:45] utils.py(229) : Diversity Loss: 9.5245, Constructive RL loss: 614.1917
[2026-09-04 15:03:47] utils.py(229) : Rank 0 >> Epoch 1: Train (35%)
[2026-09-04 15:03:47] utils.py(229) : [Construction] Score: 26.5514,  Loss: 613.8141,  Infeasible_rate: [100.0000%, 100.0000%], out: 76.5779, out_nodes: 24, Feasible_dist: 0.0000
[2026-09-04 15:03:47] utils.py(229) : [Improvement] Score: 144.6203 [BSF: 143.3903],  Loss: 9.7364,  Infeasible_rate: [100.0000%, 100.0000%], out: 152.6558, out_nodes: 55, Feasible_dist: 0.0000, Entropy: 2.4234
[2026-09-04 15:03:47] utils.py(229) : Diversity Loss: 9.5236, Constructive RL loss: 613.9094
[2026-09-04 15:03:49] utils.py(229) : Rank 0 >> Epoch 1: Train (35%)
[2026-09-04 15:03:49] utils.py(229) : [Construction] Score: 26.5350,  Loss: 617.3376,  Infeasible_rate: [100.0000%, 100.0000%], out: 76.5994, out_nodes: 24, Feasible_dist: 0.0000
[2026-09-04 15:03:49] utils.py(229) : [Improvement] Score: 144.6244 [BSF: 143.4142],  Loss: 9.7296,  Infeasible_rate: [100.0000%, 100.0000%], out: 152.6493, out_nodes: 55, Feasible_dist: 0.0000, Entropy: 2.4231
[2026-09-04 15:03:49] utils.py(229) : Diversity Loss: 9.5230, Constructive RL loss: 617.4328
[2026-09-04 15:03:51] utils.py(229) : Rank 0 >> Epoch 1: Train (35%)
[2026-09-04 15:03:51] utils.py(229) : [Construction] Score: 26.5417,  Loss: 614.7706,  Infeasible_rate: [100.0000%, 100.0000%], out: 76.4024, out_nodes: 24, Feasible_dist: 0.0000
[2026-09-04 15:03:51] utils.py(229) : [Improvement] Score: 144.4854 [BSF: 143.2668],  Loss: 9.7646,  Infeasible_rate: [100.0000%, 100.0000%], out: 152.4829, out_nodes: 55, Feasible_dist: 0.0000, Entropy: 2.4228
[2026-09-04 15:03:51] utils.py(229) : Diversity Loss: 9.5233, Constructive RL loss: 614.8658
[2026-09-04 15:03:53] utils.py(229) : Rank 0 >> Epoch 1: Train (35%)
[2026-09-04 15:03:53] utils.py(229) : [Construction] Score: 26.5350,  Loss: 614.6628,  Infeasible_rate: [100.0000%, 100.0000%], out: 76.2735, out_nodes: 24, Feasible_dist: 0.0000
[2026-09-04 15:03:53] utils.py(229) : [Improvement] Score: 144.6308 [BSF: 143.3675],  Loss: 9.7328,  Infeasible_rate: [100.0000%, 100.0000%], out: 152.6108, out_nodes: 55, Feasible_dist: 0.0000, Entropy: 2.4224
[2026-09-04 15:03:53] utils.py(229) : Diversity Loss: 9.5234, Constructive RL loss: 614.7581
[2026-09-04 15:03:55] utils.py(229) : Rank 0 >> Epoch 1: Train (40%)
[2026-09-04 15:03:55] utils.py(229) : [Construction] Score: 26.5422,  Loss: 613.2587,  Infeasible_rate: [100.0000%, 100.0000%], out: 76.3981, out_nodes: 24, Feasible_dist: 0.0000
[2026-09-04 15:03:55] utils.py(229) : [Improvement] Score: 144.7923 [BSF: 143.5094],  Loss: 9.7768,  Infeasible_rate: [100.0000%, 100.0000%], out: 152.9947, out_nodes: 55, Feasible_dist: 0.0000, Entropy: 2.4222
[2026-09-04 15:03:55] utils.py(229) : Diversity Loss: 9.5225, Constructive RL loss: 613.3540
[2026-09-04 15:03:57] utils.py(229) : Rank 0 >> Epoch 1: Train (40%)
[2026-09-04 15:03:57] utils.py(229) : [Construction] Score: 26.5373,  Loss: 614.7516,  Infeasible_rate: [100.0000%, 100.0000%], out: 76.5276, out_nodes: 24, Feasible_dist: 0.0000
[2026-09-04 15:03:57] utils.py(229) : [Improvement] Score: 145.0097 [BSF: 143.7415],  Loss: 9.7991,  Infeasible_rate: [100.0000%, 100.0000%], out: 153.1941, out_nodes: 55, Feasible_dist: 0.0000, Entropy: 2.4223
[2026-09-04 15:03:57] utils.py(229) : Diversity Loss: 9.5220, Constructive RL loss: 614.8468
[2026-09-04 15:03:59] utils.py(229) : Rank 0 >> Epoch 1: Train (40%)
[2026-09-04 15:03:59] utils.py(229) : [Construction] Score: 26.5385,  Loss: 616.2076,  Infeasible_rate: [100.0000%, 100.0000%], out: 76.3954, out_nodes: 24, Feasible_dist: 0.0000
[2026-09-04 15:03:59] utils.py(229) : [Improvement] Score: 144.7558 [BSF: 143.5057],  Loss: 9.8026,  Infeasible_rate: [100.0000%, 100.0000%], out: 153.0531, out_nodes: 55, Feasible_dist: 0.0000, Entropy: 2.4221
[2026-09-04 15:03:59] utils.py(229) : Diversity Loss: 9.5234, Constructive RL loss: 616.3028
[2026-09-04 15:04:01] utils.py(229) : Rank 0 >> Epoch 1: Train (40%)
[2026-09-04 15:04:01] utils.py(229) : [Construction] Score: 26.5456,  Loss: 613.0797,  Infeasible_rate: [100.0000%, 100.0000%], out: 76.2563, out_nodes: 24, Feasible_dist: 0.0000
[2026-09-04 15:04:01] utils.py(229) : [Improvement] Score: 144.7745 [BSF: 143.4701],  Loss: 9.8069,  Infeasible_rate: [100.0000%, 100.0000%], out: 152.8895, out_nodes: 55, Feasible_dist: 0.0000, Entropy: 2.4214
[2026-09-04 15:04:01] utils.py(229) : Diversity Loss: 9.5248, Constructive RL loss: 613.1749
[2026-09-04 15:04:03] utils.py(229) : Rank 0 >> Epoch 1: Train (40%)
[2026-09-04 15:04:03] utils.py(229) : [Construction] Score: 26.5429,  Loss: 615.8596,  Infeasible_rate: [100.0000%, 100.0000%], out: 76.2719, out_nodes: 24, Feasible_dist: 0.0000
[2026-09-04 15:04:03] utils.py(229) : [Improvement] Score: 144.7969 [BSF: 143.5003],  Loss: 9.8775,  Infeasible_rate: [100.0000%, 100.0000%], out: 153.0756, out_nodes: 55, Feasible_dist: 0.0000, Entropy: 2.4217
[2026-09-04 15:04:03] utils.py(229) : Diversity Loss: 9.5241, Constructive RL loss: 615.9548
[2026-09-04 15:04:05] utils.py(229) : Rank 0 >> Epoch 1: Train (40%)
[2026-09-04 15:04:05] utils.py(229) : [Construction] Score: 26.5529,  Loss: 614.4705,  Infeasible_rate: [100.0000%, 100.0000%], out: 76.1739, out_nodes: 24, Feasible_dist: 0.0000
[2026-09-04 15:04:05] utils.py(229) : [Improvement] Score: 144.7569 [BSF: 143.4685],  Loss: 9.8513,  Infeasible_rate: [100.0000%, 100.0000%], out: 152.8835, out_nodes: 55, Feasible_dist: 0.0000, Entropy: 2.4220
[2026-09-04 15:04:05] utils.py(229) : Diversity Loss: 9.5236, Constructive RL loss: 614.5658
[2026-09-04 15:04:07] utils.py(229) : Rank 0 >> Epoch 1: Train (40%)
[2026-09-04 15:04:07] utils.py(229) : [Construction] Score: 26.5315,  Loss: 614.8380,  Infeasible_rate: [100.0000%, 100.0000%], out: 76.2502, out_nodes: 24, Feasible_dist: 0.0000
[2026-09-04 15:04:07] utils.py(229) : [Improvement] Score: 144.8126 [BSF: 143.5423],  Loss: 9.8356,  Infeasible_rate: [100.0000%, 100.0000%], out: 152.8402, out_nodes: 55, Feasible_dist: 0.0000, Entropy: 2.4218
[2026-09-04 15:04:07] utils.py(229) : Diversity Loss: 9.5245, Constructive RL loss: 614.9333
[2026-09-04 15:04:09] utils.py(229) : Rank 0 >> Epoch 1: Train (40%)
[2026-09-04 15:04:09] utils.py(229) : [Construction] Score: 26.5484,  Loss: 614.3238,  Infeasible_rate: [100.0000%, 100.0000%], out: 76.3180, out_nodes: 24, Feasible_dist: 0.0000
[2026-09-04 15:04:09] utils.py(229) : [Improvement] Score: 144.9580 [BSF: 143.6917],  Loss: 9.8003,  Infeasible_rate: [100.0000%, 100.0000%], out: 152.9293, out_nodes: 55, Feasible_dist: 0.0000, Entropy: 2.4213
[2026-09-04 15:04:09] utils.py(229) : Diversity Loss: 9.5244, Constructive RL loss: 614.4191
[2026-09-04 15:04:11] utils.py(229) : Rank 0 >> Epoch 1: Train (45%)
[2026-09-04 15:04:11] utils.py(229) : [Construction] Score: 26.5665,  Loss: 607.3115,  Infeasible_rate: [100.0000%, 100.0000%], out: 75.6742, out_nodes: 24, Feasible_dist: 0.0000
[2026-09-04 15:04:11] utils.py(229) : [Improvement] Score: 144.0521 [BSF: 142.7956],  Loss: 9.6872,  Infeasible_rate: [100.0000%, 100.0000%], out: 151.3405, out_nodes: 55, Feasible_dist: 0.0000, Entropy: 2.4245
[2026-09-04 15:04:11] utils.py(229) : Diversity Loss: 9.5350, Constructive RL loss: 607.4069
[2026-09-04 15:04:14] utils.py(229) : Rank 0 >> Epoch 1: Train (45%)
[2026-09-04 15:04:14] utils.py(229) : [Construction] Score: 26.6065,  Loss: 601.7759,  Infeasible_rate: [100.0000%, 100.0000%], out: 75.0562, out_nodes: 24, Feasible_dist: 0.0000
[2026-09-04 15:04:14] utils.py(229) : [Improvement] Score: 143.2603 [BSF: 142.0209],  Loss: 9.5838,  Infeasible_rate: [100.0000%, 100.0000%], out: 149.8642, out_nodes: 55, Feasible_dist: 0.0000, Entropy: 2.4274
[2026-09-04 15:04:14] utils.py(229) : Diversity Loss: 9.5460, Constructive RL loss: 601.8714
[2026-09-04 15:04:16] utils.py(229) : Rank 0 >> Epoch 1: Train (45%)
[2026-09-04 15:04:16] utils.py(229) : [Construction] Score: 26.6381,  Loss: 595.1678,  Infeasible_rate: [100.0000%, 100.0000%], out: 74.4042, out_nodes: 24, Feasible_dist: 0.0000
[2026-09-04 15:04:16] utils.py(229) : [Improvement] Score: 142.4368 [BSF: 141.2139],  Loss: 9.4901,  Infeasible_rate: [100.0000%, 100.0000%], out: 148.3594, out_nodes: 54, Feasible_dist: 0.0000, Entropy: 2.4315
[2026-09-04 15:04:16] utils.py(229) : Diversity Loss: 9.5566, Constructive RL loss: 595.2634
[2026-09-04 15:04:18] utils.py(229) : Rank 0 >> Epoch 1: Train (45%)
[2026-09-04 15:04:18] utils.py(229) : [Construction] Score: 26.6702,  Loss: 589.5042,  Infeasible_rate: [100.0000%, 100.0000%], out: 73.8677, out_nodes: 24, Feasible_dist: 0.0000
[2026-09-04 15:04:18] utils.py(229) : [Improvement] Score: 141.6871 [BSF: 140.4771],  Loss: 9.3909,  Infeasible_rate: [100.0000%, 100.0000%], out: 146.9689, out_nodes: 54, Feasible_dist: 0.0000, Entropy: 2.4350
[2026-09-04 15:04:18] utils.py(229) : Diversity Loss: 9.5662, Constructive RL loss: 589.5999
[2026-09-04 15:04:20] utils.py(229) : Rank 0 >> Epoch 1: Train (45%)
[2026-09-04 15:04:20] utils.py(229) : [Construction] Score: 26.7039,  Loss: 583.1340,  Infeasible_rate: [100.0000%, 100.0000%], out: 73.2780, out_nodes: 24, Feasible_dist: 0.0000
[2026-09-04 15:04:20] utils.py(229) : [Improvement] Score: 140.9033 [BSF: 139.7091],  Loss: 9.2844,  Infeasible_rate: [100.0000%, 100.0000%], out: 145.5995, out_nodes: 54, Feasible_dist: 0.0000, Entropy: 2.4383
[2026-09-04 15:04:20] utils.py(229) : Diversity Loss: 9.5754, Constructive RL loss: 583.2297
[2026-09-04 15:04:23] utils.py(229) : Rank 0 >> Epoch 1: Train (45%)
[2026-09-04 15:04:23] utils.py(229) : [Construction] Score: 26.7347,  Loss: 577.2219,  Infeasible_rate: [100.0000%, 100.0000%], out: 72.7463, out_nodes: 24, Feasible_dist: 0.0000
[2026-09-04 15:04:23] utils.py(229) : [Improvement] Score: 140.1489 [BSF: 138.9678],  Loss: 9.1792,  Infeasible_rate: [100.0000%, 100.0000%], out: 144.2822, out_nodes: 53, Feasible_dist: 0.0000, Entropy: 2.4413
[2026-09-04 15:04:23] utils.py(229) : Diversity Loss: 9.5847, Constructive RL loss: 577.3177
[2026-09-04 15:04:25] utils.py(229) : Rank 0 >> Epoch 1: Train (45%)
[2026-09-04 15:04:25] utils.py(229) : [Construction] Score: 26.7628,  Loss: 572.2082,  Infeasible_rate: [100.0000%, 100.0000%], out: 72.1304, out_nodes: 24, Feasible_dist: 0.0000
[2026-09-04 15:04:25] utils.py(229) : [Improvement] Score: 139.2854 [BSF: 138.1082],  Loss: 9.0684,  Infeasible_rate: [100.0000%, 100.0000%], out: 142.9002, out_nodes: 53, Feasible_dist: 0.0000, Entropy: 2.4442
[2026-09-04 15:04:25] utils.py(229) : Diversity Loss: 9.5964, Constructive RL loss: 572.3041
[2026-09-04 15:04:27] utils.py(229) : Rank 0 >> Epoch 1: Train (45%)
[2026-09-04 15:04:27] utils.py(229) : [Construction] Score: 26.8010,  Loss: 566.6260,  Infeasible_rate: [100.0000%, 100.0000%], out: 71.5238, out_nodes: 23, Feasible_dist: 0.0000
[2026-09-04 15:04:27] utils.py(229) : [Improvement] Score: 138.5061 [BSF: 137.3413],  Loss: 8.9621,  Infeasible_rate: [100.0000%, 100.0000%], out: 141.5908, out_nodes: 53, Feasible_dist: 0.0000, Entropy: 2.4470
[2026-09-04 15:04:27] utils.py(229) : Diversity Loss: 9.6062, Constructive RL loss: 566.7220
[2026-09-04 15:04:29] utils.py(229) : Rank 0 >> Epoch 1: Train (50%)
[2026-09-04 15:04:29] utils.py(229) : [Construction] Score: 26.8616,  Loss: 558.8822,  Infeasible_rate: [100.0000%, 100.0000%], out: 70.7554, out_nodes: 23, Feasible_dist: 0.0000
[2026-09-04 15:04:29] utils.py(229) : [Improvement] Score: 137.5833 [BSF: 136.4305],  Loss: 8.8504,  Infeasible_rate: [100.0000%, 100.0000%], out: 140.0220, out_nodes: 52, Feasible_dist: 0.0000, Entropy: 2.4512
[2026-09-04 15:04:29] utils.py(229) : Diversity Loss: 9.6254, Constructive RL loss: 558.9785
[2026-09-04 15:04:32] utils.py(229) : Rank 0 >> Epoch 1: Train (50%)
[2026-09-04 15:04:32] utils.py(229) : [Construction] Score: 26.9263,  Loss: 551.9451,  Infeasible_rate: [100.0000%, 100.0000%], out: 70.0240, out_nodes: 23, Feasible_dist: 0.0000
[2026-09-04 15:04:32] utils.py(229) : [Improvement] Score: 136.6804 [BSF: 135.5416],  Loss: 8.7438,  Infeasible_rate: [100.0000%, 100.0000%], out: 138.5187, out_nodes: 52, Feasible_dist: 0.0000, Entropy: 2.4548
[2026-09-04 15:04:32] utils.py(229) : Diversity Loss: 9.6439, Constructive RL loss: 552.0416
[2026-09-04 15:04:34] utils.py(229) : Rank 0 >> Epoch 1: Train (50%)
[2026-09-04 15:04:34] utils.py(229) : [Construction] Score: 27.0009,  Loss: 545.1035,  Infeasible_rate: [100.0000%, 100.0000%], out: 69.2670, out_nodes: 23, Feasible_dist: 0.0000
[2026-09-04 15:04:34] utils.py(229) : [Improvement] Score: 135.8016 [BSF: 134.6751],  Loss: 8.6410,  Infeasible_rate: [100.0000%, 100.0000%], out: 136.9977, out_nodes: 52, Feasible_dist: 0.0000, Entropy: 2.4592
[2026-09-04 15:04:34] utils.py(229) : Diversity Loss: 9.6634, Constructive RL loss: 545.2001
[2026-09-04 15:04:37] utils.py(229) : Rank 0 >> Epoch 1: Train (50%)
[2026-09-04 15:04:37] utils.py(229) : [Construction] Score: 27.0663,  Loss: 538.1080,  Infeasible_rate: [100.0000%, 100.0000%], out: 68.5778, out_nodes: 23, Feasible_dist: 0.0000
[2026-09-04 15:04:37] utils.py(229) : [Improvement] Score: 134.9647 [BSF: 133.8512],  Loss: 8.5401,  Infeasible_rate: [100.0000%, 100.0000%], out: 135.5598, out_nodes: 51, Feasible_dist: 0.0000, Entropy: 2.4628
[2026-09-04 15:04:37] utils.py(229) : Diversity Loss: 9.6798, Constructive RL loss: 538.2048
[2026-09-04 15:04:39] utils.py(229) : Rank 0 >> Epoch 1: Train (50%)
[2026-09-04 15:04:39] utils.py(229) : [Construction] Score: 27.1211,  Loss: 531.6031,  Infeasible_rate: [100.0000%, 100.0000%], out: 67.8639, out_nodes: 23, Feasible_dist: 0.0000
[2026-09-04 15:04:39] utils.py(229) : [Improvement] Score: 134.0908 [BSF: 132.9854],  Loss: 8.4467,  Infeasible_rate: [100.0000%, 100.0000%], out: 134.1223, out_nodes: 51, Feasible_dist: 0.0000, Entropy: 2.4665
[2026-09-04 15:04:39] utils.py(229) : Diversity Loss: 9.6967, Constructive RL loss: 531.7001
[2026-09-04 15:04:42] utils.py(229) : Rank 0 >> Epoch 1: Train (50%)
[2026-09-04 15:04:42] utils.py(229) : [Construction] Score: 27.1832,  Loss: 525.4219,  Infeasible_rate: [100.0000%, 100.0000%], out: 67.1687, out_nodes: 22, Feasible_dist: 0.0000
[2026-09-04 15:04:42] utils.py(229) : [Improvement] Score: 133.2646 [BSF: 132.1702],  Loss: 8.3479,  Infeasible_rate: [100.0000%, 100.0000%], out: 132.7200, out_nodes: 51, Feasible_dist: 0.0000, Entropy: 2.4695
[2026-09-04 15:04:42] utils.py(229) : Diversity Loss: 9.7146, Constructive RL loss: 525.5191
[2026-09-04 15:04:44] utils.py(229) : Rank 0 >> Epoch 1: Train (50%)
[2026-09-04 15:04:44] utils.py(229) : [Construction] Score: 27.2505,  Loss: 519.0187,  Infeasible_rate: [100.0000%, 100.0000%], out: 66.5172, out_nodes: 22, Feasible_dist: 0.0000
[2026-09-04 15:04:44] utils.py(229) : [Improvement] Score: 132.4767 [BSF: 131.3947],  Loss: 8.2496,  Infeasible_rate: [100.0000%, 100.0000%], out: 131.3797, out_nodes: 50, Feasible_dist: 0.0000, Entropy: 2.4730
[2026-09-04 15:04:44] utils.py(229) : Diversity Loss: 9.7309, Constructive RL loss: 519.1160
[2026-09-04 15:04:47] utils.py(229) : Rank 0 >> Epoch 1: Train (50%)
[2026-09-04 15:04:47] utils.py(229) : [Construction] Score: 27.3073,  Loss: 512.8031,  Infeasible_rate: [100.0000%, 100.0000%], out: 65.8551, out_nodes: 22, Feasible_dist: 0.0000
[2026-09-04 15:04:47] utils.py(229) : [Improvement] Score: 131.6715 [BSF: 130.5983],  Loss: 8.1554,  Infeasible_rate: [100.0000%, 100.0000%], out: 130.0344, out_nodes: 50, Feasible_dist: 0.0000, Entropy: 2.4770
[2026-09-04 15:04:47] utils.py(229) : Diversity Loss: 9.7461, Constructive RL loss: 512.9006
[2026-09-04 15:04:50] utils.py(229) : Rank 0 >> Epoch 1: Train (55%)
[2026-09-04 15:04:50] utils.py(229) : [Construction] Score: 27.3989,  Loss: 506.8338,  Infeasible_rate: [100.0000%, 100.0000%], out: 65.1604, out_nodes: 22, Feasible_dist: 0.0000
[2026-09-04 15:04:50] utils.py(229) : [Improvement] Score: 130.8520 [BSF: 129.7877],  Loss: 8.0647,  Infeasible_rate: [100.0000%, 100.0000%], out: 128.6516, out_nodes: 49, Feasible_dist: 0.0000, Entropy: 2.4804
[2026-09-04 15:04:50] utils.py(229) : Diversity Loss: 9.7648, Constructive RL loss: 506.9315
[2026-09-04 15:04:52] utils.py(229) : Rank 0 >> Epoch 1: Train (55%)
[2026-09-04 15:04:52] utils.py(229) : [Construction] Score: 27.5116,  Loss: 500.9710,  Infeasible_rate: [100.0000%, 100.0000%], out: 64.4701, out_nodes: 22, Feasible_dist: 0.0000
[2026-09-04 15:04:52] utils.py(229) : [Improvement] Score: 130.0663 [BSF: 129.0088],  Loss: 7.9752,  Infeasible_rate: [100.0000%, 100.0000%], out: 127.2925, out_nodes: 49, Feasible_dist: 0.0000, Entropy: 2.4838
[2026-09-04 15:04:52] utils.py(229) : Diversity Loss: 9.7835, Constructive RL loss: 501.0689
[2026-09-04 15:04:55] utils.py(229) : Rank 0 >> Epoch 1: Train (55%)
[2026-09-04 15:04:55] utils.py(229) : [Construction] Score: 27.6023,  Loss: 495.1283,  Infeasible_rate: [100.0000%, 100.0000%], out: 63.8006, out_nodes: 22, Feasible_dist: 0.0000
[2026-09-04 15:04:55] utils.py(229) : [Improvement] Score: 129.2772 [BSF: 128.2309],  Loss: 7.8865,  Infeasible_rate: [100.0000%, 100.0000%], out: 125.9764, out_nodes: 49, Feasible_dist: 0.0000, Entropy: 2.4877
[2026-09-04 15:04:55] utils.py(229) : Diversity Loss: 9.8022, Constructive RL loss: 495.2263
[2026-09-04 15:04:57] utils.py(229) : Rank 0 >> Epoch 1: Train (55%)
[2026-09-04 15:04:57] utils.py(229) : [Construction] Score: 27.6839,  Loss: 489.3086,  Infeasible_rate: [100.0000%, 100.0000%], out: 63.1488, out_nodes: 21, Feasible_dist: 0.0000
[2026-09-04 15:04:57] utils.py(229) : [Improvement] Score: 128.4984 [BSF: 127.4604],  Loss: 7.8013,  Infeasible_rate: [100.0000%, 100.0000%], out: 124.6932, out_nodes: 48, Feasible_dist: 0.0000, Entropy: 2.4906
[2026-09-04 15:04:57] utils.py(229) : Diversity Loss: 9.8213, Constructive RL loss: 489.4068
[2026-09-04 15:05:00] utils.py(229) : Rank 0 >> Epoch 1: Train (55%)
[2026-09-04 15:05:00] utils.py(229) : [Construction] Score: 27.7747,  Loss: 483.7795,  Infeasible_rate: [100.0000%, 100.0000%], out: 62.5191, out_nodes: 21, Feasible_dist: 0.0000
[2026-09-04 15:05:00] utils.py(229) : [Improvement] Score: 127.7679 [BSF: 126.7379],  Loss: 7.7159,  Infeasible_rate: [100.0000%, 100.0000%], out: 123.4389, out_nodes: 48, Feasible_dist: 0.0000, Entropy: 2.4941
[2026-09-04 15:05:00] utils.py(229) : Diversity Loss: 9.8395, Constructive RL loss: 483.8779
[2026-09-04 15:05:03] utils.py(229) : Rank 0 >> Epoch 1: Train (55%)
[2026-09-04 15:05:03] utils.py(229) : [Construction] Score: 27.8628,  Loss: 478.4225,  Infeasible_rate: [100.0000%, 100.0000%], out: 61.8825, out_nodes: 21, Feasible_dist: 0.0000
[2026-09-04 15:05:03] utils.py(229) : [Improvement] Score: 127.0201 [BSF: 125.9953],  Loss: 7.6322,  Infeasible_rate: [100.0000%, 100.0000%], out: 122.1893, out_nodes: 48, Feasible_dist: 0.0000, Entropy: 2.4977
[2026-09-04 15:05:03] utils.py(229) : Diversity Loss: 9.8571, Constructive RL loss: 478.5211
[2026-09-04 15:05:05] utils.py(229) : Rank 0 >> Epoch 1: Train (55%)
[2026-09-04 15:05:05] utils.py(229) : [Construction] Score: 27.9525,  Loss: 473.1066,  Infeasible_rate: [100.0000%, 100.0000%], out: 61.2592, out_nodes: 21, Feasible_dist: 0.0000
[2026-09-04 15:05:05] utils.py(229) : [Improvement] Score: 126.3123 [BSF: 125.2935],  Loss: 7.5503,  Infeasible_rate: [100.0000%, 100.0000%], out: 120.9759, out_nodes: 47, Feasible_dist: 0.0000, Entropy: 2.5010
[2026-09-04 15:05:05] utils.py(229) : Diversity Loss: 9.8749, Constructive RL loss: 473.2053
[2026-09-04 15:05:08] utils.py(229) : Rank 0 >> Epoch 1: Train (55%)
[2026-09-04 15:05:08] utils.py(229) : [Construction] Score: 28.0416,  Loss: 467.9525,  Infeasible_rate: [100.0000%, 100.0000%], out: 60.6523, out_nodes: 21, Feasible_dist: 0.0000
[2026-09-04 15:05:08] utils.py(229) : [Improvement] Score: 125.6102 [BSF: 124.5976],  Loss: 7.4732,  Infeasible_rate: [100.0000%, 100.0000%], out: 119.7810, out_nodes: 47, Feasible_dist: 0.0000, Entropy: 2.5036
[2026-09-04 15:05:08] utils.py(229) : Diversity Loss: 9.8904, Constructive RL loss: 468.0514
[2026-09-04 15:05:10] utils.py(229) : Rank 0 >> Epoch 1: Train (60%)
[2026-09-04 15:05:10] utils.py(229) : [Construction] Score: 28.1438,  Loss: 463.0039,  Infeasible_rate: [100.0000%, 100.0000%], out: 60.0477, out_nodes: 20, Feasible_dist: 0.0000
[2026-09-04 15:05:10] utils.py(229) : [Improvement] Score: 124.9090 [BSF: 123.9037],  Loss: 7.3977,  Infeasible_rate: [100.0000%, 100.0000%], out: 118.6002, out_nodes: 47, Feasible_dist: 0.0000, Entropy: 2.5070
[2026-09-04 15:05:10] utils.py(229) : Diversity Loss: 9.9082, Constructive RL loss: 463.1030
[2026-09-04 15:05:13] utils.py(229) : Rank 0 >> Epoch 1: Train (60%)
[2026-09-04 15:05:13] utils.py(229) : [Construction] Score: 28.2389,  Loss: 458.0523,  Infeasible_rate: [100.0000%, 100.0000%], out: 59.4544, out_nodes: 20, Feasible_dist: 0.0000
[2026-09-04 15:05:13] utils.py(229) : [Improvement] Score: 124.2156 [BSF: 123.2188],  Loss: 7.3211,  Infeasible_rate: [100.0000%, 100.0000%], out: 117.4412, out_nodes: 46, Feasible_dist: 0.0000, Entropy: 2.5100
[2026-09-04 15:05:13] utils.py(229) : Diversity Loss: 9.9266, Constructive RL loss: 458.1515
[2026-09-04 15:05:16] utils.py(229) : Rank 0 >> Epoch 1: Train (60%)
[2026-09-04 15:05:16] utils.py(229) : [Construction] Score: 28.3579,  Loss: 453.2586,  Infeasible_rate: [100.0000%, 100.0000%], out: 58.8752, out_nodes: 20, Feasible_dist: 0.0000
[2026-09-04 15:05:16] utils.py(229) : [Improvement] Score: 123.5558 [BSF: 122.5647],  Loss: 7.2475,  Infeasible_rate: [100.0000%, 100.0000%], out: 116.3018, out_nodes: 46, Feasible_dist: 0.0000, Entropy: 2.5134
[2026-09-04 15:05:16] utils.py(229) : Diversity Loss: 9.9419, Constructive RL loss: 453.3580
[2026-09-04 15:05:19] utils.py(229) : Rank 0 >> Epoch 1: Train (60%)
[2026-09-04 15:05:19] utils.py(229) : [Construction] Score: 28.4592,  Loss: 448.5398,  Infeasible_rate: [100.0000%, 100.0000%], out: 58.2984, out_nodes: 20, Feasible_dist: 0.0000
[2026-09-04 15:05:19] utils.py(229) : [Improvement] Score: 122.8899 [BSF: 121.9014],  Loss: 7.1762,  Infeasible_rate: [100.0000%, 100.0000%], out: 115.1805, out_nodes: 46, Feasible_dist: 0.0000, Entropy: 2.5168
[2026-09-04 15:05:19] utils.py(229) : Diversity Loss: 9.9577, Constructive RL loss: 448.6394
[2026-09-04 15:05:21] utils.py(229) : Rank 0 >> Epoch 1: Train (60%)
[2026-09-04 15:05:21] utils.py(229) : [Construction] Score: 28.5455,  Loss: 443.8780,  Infeasible_rate: [100.0000%, 100.0000%], out: 57.7360, out_nodes: 20, Feasible_dist: 0.0000
[2026-09-04 15:05:21] utils.py(229) : [Improvement] Score: 122.2280 [BSF: 121.2486],  Loss: 7.1043,  Infeasible_rate: [100.0000%, 100.0000%], out: 114.0857, out_nodes: 45, Feasible_dist: 0.0000, Entropy: 2.5196
[2026-09-04 15:05:21] utils.py(229) : Diversity Loss: 9.9737, Constructive RL loss: 443.9777
[2026-09-04 15:05:24] utils.py(229) : Rank 0 >> Epoch 1: Train (60%)
[2026-09-04 15:05:24] utils.py(229) : [Construction] Score: 28.6140,  Loss: 439.2455,  Infeasible_rate: [100.0000%, 100.0000%], out: 57.1883, out_nodes: 20, Feasible_dist: 0.0000
[2026-09-04 15:05:24] utils.py(229) : [Improvement] Score: 121.5611 [BSF: 120.5851],  Loss: 7.0331,  Infeasible_rate: [100.0000%, 100.0000%], out: 113.0151, out_nodes: 45, Feasible_dist: 0.0000, Entropy: 2.5235
[2026-09-04 15:05:24] utils.py(229) : Diversity Loss: 9.9915, Constructive RL loss: 439.3454
[2026-09-04 15:05:26] utils.py(229) : Rank 0 >> Epoch 1: Train (60%)
[2026-09-04 15:05:26] utils.py(229) : [Construction] Score: 28.6902,  Loss: 434.7545,  Infeasible_rate: [100.0000%, 100.0000%], out: 56.6473, out_nodes: 19, Feasible_dist: 0.0000
[2026-09-04 15:05:26] utils.py(229) : [Improvement] Score: 120.9091 [BSF: 119.9368],  Loss: 6.9642,  Infeasible_rate: [100.0000%, 100.0000%], out: 111.9592, out_nodes: 45, Feasible_dist: 0.0000, Entropy: 2.5274
[2026-09-04 15:05:26] utils.py(229) : Diversity Loss: 10.0059, Constructive RL loss: 434.8546
[2026-09-04 15:05:29] utils.py(229) : Rank 0 >> Epoch 1: Train (60%)
[2026-09-04 15:05:29] utils.py(229) : [Construction] Score: 28.7792,  Loss: 430.3765,  Infeasible_rate: [100.0000%, 100.0000%], out: 56.1197, out_nodes: 19, Feasible_dist: 0.0000
[2026-09-04 15:05:29] utils.py(229) : [Improvement] Score: 120.2892 [BSF: 119.3250],  Loss: 6.8976,  Infeasible_rate: [100.0000%, 100.0000%], out: 110.9262, out_nodes: 44, Feasible_dist: 0.0000, Entropy: 2.5309
[2026-09-04 15:05:29] utils.py(229) : Diversity Loss: 10.0213, Constructive RL loss: 430.4768
[2026-09-04 15:05:32] utils.py(229) : Rank 0 >> Epoch 1: Train (65%)
[2026-09-04 15:05:32] utils.py(229) : [Construction] Score: 28.8826,  Loss: 426.1500,  Infeasible_rate: [100.0000%, 100.0000%], out: 55.5917, out_nodes: 19, Feasible_dist: 0.0000
[2026-09-04 15:05:32] utils.py(229) : [Improvement] Score: 119.6779 [BSF: 118.7159],  Loss: 6.8323,  Infeasible_rate: [100.0000%, 100.0000%], out: 109.9003, out_nodes: 44, Feasible_dist: 0.0000, Entropy: 2.5343
[2026-09-04 15:05:32] utils.py(229) : Diversity Loss: 10.0344, Constructive RL loss: 426.2504
[2026-09-04 15:05:34] utils.py(229) : Rank 0 >> Epoch 1: Train (65%)
[2026-09-04 15:05:34] utils.py(229) : [Construction] Score: 28.9916,  Loss: 421.9926,  Infeasible_rate: [100.0000%, 100.0000%], out: 55.0766, out_nodes: 19, Feasible_dist: 0.0000
[2026-09-04 15:05:34] utils.py(229) : [Improvement] Score: 119.0864 [BSF: 118.1311],  Loss: 6.7687,  Infeasible_rate: [100.0000%, 100.0000%], out: 108.8960, out_nodes: 44, Feasible_dist: 0.0000, Entropy: 2.5374
[2026-09-04 15:05:34] utils.py(229) : Diversity Loss: 10.0487, Constructive RL loss: 422.0931
[2026-09-04 15:05:37] utils.py(229) : Rank 0 >> Epoch 1: Train (65%)
[2026-09-04 15:05:37] utils.py(229) : [Construction] Score: 29.0850,  Loss: 417.9252,  Infeasible_rate: [100.0000%, 100.0000%], out: 54.5702, out_nodes: 19, Feasible_dist: 0.0000
[2026-09-04 15:05:37] utils.py(229) : [Improvement] Score: 118.4814 [BSF: 117.5319],  Loss: 6.7055,  Infeasible_rate: [100.0000%, 100.0000%], out: 107.9109, out_nodes: 44, Feasible_dist: 0.0000, Entropy: 2.5401
[2026-09-04 15:05:37] utils.py(229) : Diversity Loss: 10.0614, Constructive RL loss: 418.0258
[2026-09-04 15:05:40] utils.py(229) : Rank 0 >> Epoch 1: Train (65%)
[2026-09-04 15:05:40] utils.py(229) : [Construction] Score: 29.1750,  Loss: 413.9371,  Infeasible_rate: [100.0000%, 100.0000%], out: 54.0727, out_nodes: 19, Feasible_dist: 0.0000
[2026-09-04 15:05:40] utils.py(229) : [Improvement] Score: 117.8934 [BSF: 116.9508],  Loss: 6.6438,  Infeasible_rate: [100.0000%, 100.0000%], out: 106.9453, out_nodes: 43, Feasible_dist: 0.0000, Entropy: 2.5426
[2026-09-04 15:05:40] utils.py(229) : Diversity Loss: 10.0754, Constructive RL loss: 414.0379
[2026-09-04 15:05:42] utils.py(229) : Rank 0 >> Epoch 1: Train (65%)
[2026-09-04 15:05:42] utils.py(229) : [Construction] Score: 29.2754,  Loss: 409.9872,  Infeasible_rate: [100.0000%, 100.0000%], out: 53.5851, out_nodes: 19, Feasible_dist: 0.0000
[2026-09-04 15:05:42] utils.py(229) : [Improvement] Score: 117.3345 [BSF: 116.3988],  Loss: 6.5822,  Infeasible_rate: [100.0000%, 100.0000%], out: 105.9958, out_nodes: 43, Feasible_dist: 0.0000, Entropy: 2.5461
[2026-09-04 15:05:42] utils.py(229) : Diversity Loss: 10.0887, Constructive RL loss: 410.0881
[2026-09-04 15:05:45] utils.py(229) : Rank 0 >> Epoch 1: Train (65%)
[2026-09-04 15:05:45] utils.py(229) : [Construction] Score: 29.3935,  Loss: 406.1809,  Infeasible_rate: [100.0000%, 100.0000%], out: 53.1077, out_nodes: 18, Feasible_dist: 0.0000
[2026-09-04 15:05:45] utils.py(229) : [Improvement] Score: 116.8051 [BSF: 115.8761],  Loss: 6.5236,  Infeasible_rate: [100.0000%, 100.0000%], out: 105.0621, out_nodes: 43, Feasible_dist: 0.0000, Entropy: 2.5491
[2026-09-04 15:05:45] utils.py(229) : Diversity Loss: 10.1029, Constructive RL loss: 406.2819
[2026-09-04 15:05:48] utils.py(229) : Rank 0 >> Epoch 1: Train (65%)
[2026-09-04 15:05:48] utils.py(229) : [Construction] Score: 29.4717,  Loss: 402.4152,  Infeasible_rate: [100.0000%, 100.0000%], out: 52.6392, out_nodes: 18, Feasible_dist: 0.0000
[2026-09-04 15:05:48] utils.py(229) : [Improvement] Score: 116.2526 [BSF: 115.3288],  Loss: 6.4641,  Infeasible_rate: [100.0000%, 100.0000%], out: 104.1524, out_nodes: 42, Feasible_dist: 0.0000, Entropy: 2.5516
[2026-09-04 15:05:48] utils.py(229) : Diversity Loss: 10.1167, Constructive RL loss: 402.5164
[2026-09-04 15:05:50] utils.py(229) : Rank 0 >> Epoch 1: Train (65%)
[2026-09-04 15:05:50] utils.py(229) : [Construction] Score: 29.5709,  Loss: 398.7256,  Infeasible_rate: [100.0000%, 100.0000%], out: 52.1758, out_nodes: 18, Feasible_dist: 0.0000
[2026-09-04 15:05:50] utils.py(229) : [Improvement] Score: 115.7323 [BSF: 114.8137],  Loss: 6.4075,  Infeasible_rate: [100.0000%, 100.0000%], out: 103.2547, out_nodes: 42, Feasible_dist: 0.0000, Entropy: 2.5546
[2026-09-04 15:05:50] utils.py(229) : Diversity Loss: 10.1299, Constructive RL loss: 398.8270
[2026-09-04 15:05:53] utils.py(229) : Rank 0 >> Epoch 1: Train (70%)
[2026-09-04 15:05:53] utils.py(229) : [Construction] Score: 29.6793,  Loss: 395.1214,  Infeasible_rate: [100.0000%, 100.0000%], out: 51.7194, out_nodes: 18, Feasible_dist: 0.0000
[2026-09-04 15:05:53] utils.py(229) : [Improvement] Score: 115.2152 [BSF: 114.3023],  Loss: 6.3512,  Infeasible_rate: [100.0000%, 100.0000%], out: 102.3666, out_nodes: 42, Feasible_dist: 0.0000, Entropy: 2.5572
[2026-09-04 15:05:53] utils.py(229) : Diversity Loss: 10.1414, Constructive RL loss: 395.2228
[2026-09-04 15:05:56] utils.py(229) : Rank 0 >> Epoch 1: Train (70%)
[2026-09-04 15:05:56] utils.py(229) : [Construction] Score: 29.7738,  Loss: 391.5776,  Infeasible_rate: [100.0000%, 100.0000%], out: 51.2700, out_nodes: 18, Feasible_dist: 0.0000
[2026-09-04 15:05:56] utils.py(229) : [Improvement] Score: 114.6967 [BSF: 113.7902],  Loss: 6.2951,  Infeasible_rate: [100.0000%, 100.0000%], out: 101.4958, out_nodes: 42, Feasible_dist: 0.0000, Entropy: 2.5597
[2026-09-04 15:05:56] utils.py(229) : Diversity Loss: 10.1538, Constructive RL loss: 391.6792
[2026-09-04 15:05:59] utils.py(229) : Rank 0 >> Epoch 1: Train (70%)
[2026-09-04 15:05:59] utils.py(229) : [Construction] Score: 29.8877,  Loss: 388.0785,  Infeasible_rate: [100.0000%, 100.0000%], out: 50.8287, out_nodes: 18, Feasible_dist: 0.0000
[2026-09-04 15:05:59] utils.py(229) : [Improvement] Score: 114.2133 [BSF: 113.3117],  Loss: 6.2411,  Infeasible_rate: [100.0000%, 100.0000%], out: 100.6380, out_nodes: 41, Feasible_dist: 0.0000, Entropy: 2.5623
[2026-09-04 15:05:59] utils.py(229) : Diversity Loss: 10.1653, Constructive RL loss: 388.1802
[2026-09-04 15:06:01] utils.py(229) : Rank 0 >> Epoch 1: Train (70%)
[2026-09-04 15:06:01] utils.py(229) : [Construction] Score: 29.9765,  Loss: 384.6427,  Infeasible_rate: [100.0000%, 100.0000%], out: 50.3942, out_nodes: 17, Feasible_dist: 0.0000
[2026-09-04 15:06:01] utils.py(229) : [Improvement] Score: 113.7007 [BSF: 112.8055],  Loss: 6.1867,  Infeasible_rate: [100.0000%, 100.0000%], out: 99.7955, out_nodes: 41, Feasible_dist: 0.0000, Entropy: 2.5656
[2026-09-04 15:06:01] utils.py(229) : Diversity Loss: 10.1775, Constructive RL loss: 384.7445
[2026-09-04 15:06:04] utils.py(229) : Rank 0 >> Epoch 1: Train (70%)
[2026-09-04 15:06:04] utils.py(229) : [Construction] Score: 30.0717,  Loss: 381.2952,  Infeasible_rate: [100.0000%, 100.0000%], out: 49.9669, out_nodes: 17, Feasible_dist: 0.0000
[2026-09-04 15:06:04] utils.py(229) : [Improvement] Score: 113.2081 [BSF: 112.3171],  Loss: 6.1342,  Infeasible_rate: [100.0000%, 100.0000%], out: 98.9659, out_nodes: 41, Feasible_dist: 0.0000, Entropy: 2.5684
[2026-09-04 15:06:04] utils.py(229) : Diversity Loss: 10.1885, Constructive RL loss: 381.3971
[2026-09-04 15:06:07] utils.py(229) : Rank 0 >> Epoch 1: Train (70%)
[2026-09-04 15:06:07] utils.py(229) : [Construction] Score: 30.1584,  Loss: 377.9490,  Infeasible_rate: [100.0000%, 100.0000%], out: 49.5491, out_nodes: 17, Feasible_dist: 0.0000
[2026-09-04 15:06:07] utils.py(229) : [Improvement] Score: 112.7138 [BSF: 111.8286],  Loss: 6.0823,  Infeasible_rate: [100.0000%, 100.0000%], out: 98.1552, out_nodes: 41, Feasible_dist: 0.0000, Entropy: 2.5709
[2026-09-04 15:06:07] utils.py(229) : Diversity Loss: 10.2005, Constructive RL loss: 378.0510
[2026-09-04 15:06:10] utils.py(229) : Rank 0 >> Epoch 1: Train (70%)
[2026-09-04 15:06:10] utils.py(229) : [Construction] Score: 30.2472,  Loss: 374.6751,  Infeasible_rate: [100.0000%, 100.0000%], out: 49.1372, out_nodes: 17, Feasible_dist: 0.0000
[2026-09-04 15:06:10] utils.py(229) : [Improvement] Score: 112.2279 [BSF: 111.3488],  Loss: 6.0315,  Infeasible_rate: [100.0000%, 100.0000%], out: 97.3544, out_nodes: 40, Feasible_dist: 0.0000, Entropy: 2.5736
[2026-09-04 15:06:10] utils.py(229) : Diversity Loss: 10.2132, Constructive RL loss: 374.7772
[2026-09-04 15:06:13] utils.py(229) : Rank 0 >> Epoch 1: Train (70%)
[2026-09-04 15:06:13] utils.py(229) : [Construction] Score: 30.3353,  Loss: 371.4871,  Infeasible_rate: [100.0000%, 100.0000%], out: 48.7308, out_nodes: 17, Feasible_dist: 0.0000
[2026-09-04 15:06:13] utils.py(229) : [Improvement] Score: 111.7587 [BSF: 110.8826],  Loss: 5.9810,  Infeasible_rate: [100.0000%, 100.0000%], out: 96.5660, out_nodes: 40, Feasible_dist: 0.0000, Entropy: 2.5760
[2026-09-04 15:06:13] utils.py(229) : Diversity Loss: 10.2241, Constructive RL loss: 371.5893
[2026-09-04 15:06:16] utils.py(229) : Rank 0 >> Epoch 1: Train (75%)
[2026-09-04 15:06:16] utils.py(229) : [Construction] Score: 30.4400,  Loss: 368.3381,  Infeasible_rate: [100.0000%, 100.0000%], out: 48.3302, out_nodes: 17, Feasible_dist: 0.0000
[2026-09-04 15:06:16] utils.py(229) : [Improvement] Score: 111.3079 [BSF: 110.4319],  Loss: 5.9314,  Infeasible_rate: [100.0000%, 100.0000%], out: 95.7911, out_nodes: 40, Feasible_dist: 0.0000, Entropy: 2.5785
[2026-09-04 15:06:16] utils.py(229) : Diversity Loss: 10.2346, Constructive RL loss: 368.4405
[2026-09-04 15:06:18] utils.py(229) : Rank 0 >> Epoch 1: Train (75%)
[2026-09-04 15:06:18] utils.py(229) : [Construction] Score: 30.5338,  Loss: 365.2626,  Infeasible_rate: [100.0000%, 100.0000%], out: 47.9355, out_nodes: 17, Feasible_dist: 0.0000
[2026-09-04 15:06:18] utils.py(229) : [Improvement] Score: 110.8572 [BSF: 109.9830],  Loss: 5.8828,  Infeasible_rate: [100.0000%, 100.0000%], out: 95.0256, out_nodes: 40, Feasible_dist: 0.0000, Entropy: 2.5813
[2026-09-04 15:06:18] utils.py(229) : Diversity Loss: 10.2437, Constructive RL loss: 365.3650
[2026-09-04 15:06:21] utils.py(229) : Rank 0 >> Epoch 1: Train (75%)
[2026-09-04 15:06:21] utils.py(229) : [Construction] Score: 30.6271,  Loss: 362.2555,  Infeasible_rate: [100.0000%, 100.0000%], out: 47.5478, out_nodes: 17, Feasible_dist: 0.0000
[2026-09-04 15:06:21] utils.py(229) : [Improvement] Score: 110.4124 [BSF: 109.5402],  Loss: 5.8350,  Infeasible_rate: [100.0000%, 100.0000%], out: 94.2717, out_nodes: 39, Feasible_dist: 0.0000, Entropy: 2.5838
[2026-09-04 15:06:21] utils.py(229) : Diversity Loss: 10.2536, Constructive RL loss: 362.3580
[2026-09-04 15:06:24] utils.py(229) : Rank 0 >> Epoch 1: Train (75%)
[2026-09-04 15:06:24] utils.py(229) : [Construction] Score: 30.7190,  Loss: 359.2678,  Infeasible_rate: [100.0000%, 100.0000%], out: 47.1669, out_nodes: 16, Feasible_dist: 0.0000
[2026-09-04 15:06:24] utils.py(229) : [Improvement] Score: 109.9758 [BSF: 109.1062],  Loss: 5.7877,  Infeasible_rate: [100.0000%, 100.0000%], out: 93.5319, out_nodes: 39, Feasible_dist: 0.0000, Entropy: 2.5866
[2026-09-04 15:06:24] utils.py(229) : Diversity Loss: 10.2637, Constructive RL loss: 359.3704
[2026-09-04 15:06:27] utils.py(229) : Rank 0 >> Epoch 1: Train (75%)
[2026-09-04 15:06:27] utils.py(229) : [Construction] Score: 30.8205,  Loss: 356.3478,  Infeasible_rate: [100.0000%, 100.0000%], out: 46.7909, out_nodes: 16, Feasible_dist: 0.0000
[2026-09-04 15:06:27] utils.py(229) : [Improvement] Score: 109.5532 [BSF: 108.6880],  Loss: 5.7414,  Infeasible_rate: [100.0000%, 100.0000%], out: 92.8020, out_nodes: 39, Feasible_dist: 0.0000, Entropy: 2.5895
[2026-09-04 15:06:27] utils.py(229) : Diversity Loss: 10.2723, Constructive RL loss: 356.4505
[2026-09-04 15:06:30] utils.py(229) : Rank 0 >> Epoch 1: Train (75%)
[2026-09-04 15:06:30] utils.py(229) : [Construction] Score: 30.9103,  Loss: 353.4719,  Infeasible_rate: [100.0000%, 100.0000%], out: 46.4211, out_nodes: 16, Feasible_dist: 0.0000
[2026-09-04 15:06:30] utils.py(229) : [Improvement] Score: 109.1283 [BSF: 108.2679],  Loss: 5.6957,  Infeasible_rate: [100.0000%, 100.0000%], out: 92.0834, out_nodes: 39, Feasible_dist: 0.0000, Entropy: 2.5918
[2026-09-04 15:06:30] utils.py(229) : Diversity Loss: 10.2823, Constructive RL loss: 353.5747
[2026-09-04 15:06:32] utils.py(229) : Rank 0 >> Epoch 1: Train (75%)
[2026-09-04 15:06:32] utils.py(229) : [Construction] Score: 31.0124,  Loss: 350.6440,  Infeasible_rate: [100.0000%, 100.0000%], out: 46.0568, out_nodes: 16, Feasible_dist: 0.0000
[2026-09-04 15:06:32] utils.py(229) : [Improvement] Score: 108.7300 [BSF: 107.8736],  Loss: 5.6516,  Infeasible_rate: [100.0000%, 100.0000%], out: 91.3794, out_nodes: 39, Feasible_dist: 0.0000, Entropy: 2.5941
[2026-09-04 15:06:32] utils.py(229) : Diversity Loss: 10.2923, Constructive RL loss: 350.7469
[2026-09-04 15:06:35] utils.py(229) : Rank 0 >> Epoch 1: Train (75%)
[2026-09-04 15:06:35] utils.py(229) : [Construction] Score: 31.1077,  Loss: 347.8333,  Infeasible_rate: [100.0000%, 100.0000%], out: 45.6982, out_nodes: 16, Feasible_dist: 0.0000
[2026-09-04 15:06:35] utils.py(229) : [Improvement] Score: 108.3332 [BSF: 107.4802],  Loss: 5.6078,  Infeasible_rate: [100.0000%, 100.0000%], out: 90.6864, out_nodes: 38, Feasible_dist: 0.0000, Entropy: 2.5966
[2026-09-04 15:06:35] utils.py(229) : Diversity Loss: 10.3018, Constructive RL loss: 347.9363
[2026-09-04 15:06:38] utils.py(229) : Rank 0 >> Epoch 1: Train (80%)
[2026-09-04 15:06:38] utils.py(229) : [Construction] Score: 31.1957,  Loss: 345.1176,  Infeasible_rate: [100.0000%, 100.0000%], out: 45.3446, out_nodes: 16, Feasible_dist: 0.0000
[2026-09-04 15:06:38] utils.py(229) : [Improvement] Score: 107.9273 [BSF: 107.0766],  Loss: 5.5643,  Infeasible_rate: [100.0000%, 100.0000%], out: 90.0005, out_nodes: 38, Feasible_dist: 0.0000, Entropy: 2.5988
[2026-09-04 15:06:38] utils.py(229) : Diversity Loss: 10.3117, Constructive RL loss: 345.2207
[2026-09-04 15:06:41] utils.py(229) : Rank 0 >> Epoch 1: Train (80%)
[2026-09-04 15:06:41] utils.py(229) : [Construction] Score: 31.2684,  Loss: 342.4215,  Infeasible_rate: [100.0000%, 100.0000%], out: 44.9969, out_nodes: 16, Feasible_dist: 0.0000
[2026-09-04 15:06:41] utils.py(229) : [Improvement] Score: 107.5151 [BSF: 106.6658],  Loss: 5.5215,  Infeasible_rate: [100.0000%, 100.0000%], out: 89.3249, out_nodes: 38, Feasible_dist: 0.0000, Entropy: 2.6017
[2026-09-04 15:06:41] utils.py(229) : Diversity Loss: 10.3212, Constructive RL loss: 342.5247
[2026-09-04 15:06:44] utils.py(229) : Rank 0 >> Epoch 1: Train (80%)
[2026-09-04 15:06:44] utils.py(229) : [Construction] Score: 31.3670,  Loss: 339.7721,  Infeasible_rate: [100.0000%, 100.0000%], out: 44.6547, out_nodes: 16, Feasible_dist: 0.0000
[2026-09-04 15:06:44] utils.py(229) : [Improvement] Score: 107.1358 [BSF: 106.2905],  Loss: 5.4789,  Infeasible_rate: [100.0000%, 100.0000%], out: 88.6609, out_nodes: 38, Feasible_dist: 0.0000, Entropy: 2.6038
[2026-09-04 15:06:44] utils.py(229) : Diversity Loss: 10.3301, Constructive RL loss: 339.8754
[2026-09-04 15:06:47] utils.py(229) : Rank 0 >> Epoch 1: Train (80%)
[2026-09-04 15:06:47] utils.py(229) : [Construction] Score: 31.4485,  Loss: 337.1564,  Infeasible_rate: [100.0000%, 100.0000%], out: 44.3167, out_nodes: 15, Feasible_dist: 0.0000
[2026-09-04 15:06:47] utils.py(229) : [Improvement] Score: 106.7421 [BSF: 105.8992],  Loss: 5.4377,  Infeasible_rate: [100.0000%, 100.0000%], out: 88.0070, out_nodes: 38, Feasible_dist: 0.0000, Entropy: 2.6061
[2026-09-04 15:06:47] utils.py(229) : Diversity Loss: 10.3400, Constructive RL loss: 337.2598
[2026-09-04 15:06:49] utils.py(229) : Rank 0 >> Epoch 1: Train (80%)
[2026-09-04 15:06:49] utils.py(229) : [Construction] Score: 31.5371,  Loss: 334.5805,  Infeasible_rate: [100.0000%, 100.0000%], out: 43.9838, out_nodes: 15, Feasible_dist: 0.0000
[2026-09-04 15:06:49] utils.py(229) : [Improvement] Score: 106.3616 [BSF: 105.5239],  Loss: 5.3970,  Infeasible_rate: [100.0000%, 100.0000%], out: 87.3620, out_nodes: 37, Feasible_dist: 0.0000, Entropy: 2.6082
[2026-09-04 15:06:49] utils.py(229) : Diversity Loss: 10.3492, Constructive RL loss: 334.6840
[2026-09-04 15:06:52] utils.py(229) : Rank 0 >> Epoch 1: Train (80%)
[2026-09-04 15:06:52] utils.py(229) : [Construction] Score: 31.6586,  Loss: 332.0342,  Infeasible_rate: [100.0000%, 100.0000%], out: 43.6564, out_nodes: 15, Feasible_dist: 0.0000
[2026-09-04 15:06:52] utils.py(229) : [Improvement] Score: 106.0304 [BSF: 105.1946],  Loss: 5.3567,  Infeasible_rate: [100.0000%, 100.0000%], out: 86.7284, out_nodes: 37, Feasible_dist: 0.0000, Entropy: 2.6108
[2026-09-04 15:06:52] utils.py(229) : Diversity Loss: 10.3556, Constructive RL loss: 332.1378
[2026-09-04 15:06:55] utils.py(229) : Rank 0 >> Epoch 1: Train (80%)
[2026-09-04 15:06:55] utils.py(229) : [Construction] Score: 31.7266,  Loss: 329.5119,  Infeasible_rate: [100.0000%, 100.0000%], out: 43.3341, out_nodes: 15, Feasible_dist: 0.0000
[2026-09-04 15:06:55] utils.py(229) : [Improvement] Score: 105.6503 [BSF: 104.8179],  Loss: 5.3170,  Infeasible_rate: [100.0000%, 100.0000%], out: 86.1034, out_nodes: 37, Feasible_dist: 0.0000, Entropy: 2.6130
[2026-09-04 15:06:55] utils.py(229) : Diversity Loss: 10.3660, Constructive RL loss: 329.6156
[2026-09-04 15:06:58] utils.py(229) : Rank 0 >> Epoch 1: Train (80%)
[2026-09-04 15:06:58] utils.py(229) : [Construction] Score: 31.8124,  Loss: 327.0633,  Infeasible_rate: [100.0000%, 100.0000%], out: 43.0159, out_nodes: 15, Feasible_dist: 0.0000
[2026-09-04 15:06:58] utils.py(229) : [Improvement] Score: 105.2873 [BSF: 104.4602],  Loss: 5.2780,  Infeasible_rate: [100.0000%, 100.0000%], out: 85.4858, out_nodes: 37, Feasible_dist: 0.0000, Entropy: 2.6157
[2026-09-04 15:06:58] utils.py(229) : Diversity Loss: 10.3734, Constructive RL loss: 327.1670
[2026-09-04 15:07:01] utils.py(229) : Rank 0 >> Epoch 1: Train (85%)
[2026-09-04 15:07:01] utils.py(229) : [Construction] Score: 31.8940,  Loss: 324.6688,  Infeasible_rate: [100.0000%, 100.0000%], out: 42.7026, out_nodes: 15, Feasible_dist: 0.0000
[2026-09-04 15:07:01] utils.py(229) : [Improvement] Score: 104.9189 [BSF: 104.0951],  Loss: 5.2396,  Infeasible_rate: [100.0000%, 100.0000%], out: 84.8760, out_nodes: 37, Feasible_dist: 0.0000, Entropy: 2.6181
[2026-09-04 15:07:01] utils.py(229) : Diversity Loss: 10.3816, Constructive RL loss: 324.7726
[2026-09-04 15:07:03] utils.py(229) : Rank 0 >> Epoch 1: Train (85%)
[2026-09-04 15:07:03] utils.py(229) : [Construction] Score: 31.9967,  Loss: 322.2732,  Infeasible_rate: [100.0000%, 100.0000%], out: 42.3935, out_nodes: 15, Feasible_dist: 0.0000
[2026-09-04 15:07:03] utils.py(229) : [Improvement] Score: 104.5939 [BSF: 103.7693],  Loss: 5.2020,  Infeasible_rate: [100.0000%, 100.0000%], out: 84.2779, out_nodes: 36, Feasible_dist: 0.0000, Entropy: 2.6194
[2026-09-04 15:07:03] utils.py(229) : Diversity Loss: 10.3920, Constructive RL loss: 322.3771
[2026-09-04 15:07:06] utils.py(229) : Rank 0 >> Epoch 1: Train (85%)
[2026-09-04 15:07:06] utils.py(229) : [Construction] Score: 32.0893,  Loss: 319.9232,  Infeasible_rate: [100.0000%, 100.0000%], out: 42.0888, out_nodes: 15, Feasible_dist: 0.0000
[2026-09-04 15:07:06] utils.py(229) : [Improvement] Score: 104.2504 [BSF: 103.4289],  Loss: 5.1648,  Infeasible_rate: [100.0000%, 100.0000%], out: 83.6855, out_nodes: 36, Feasible_dist: 0.0000, Entropy: 2.6213
[2026-09-04 15:07:06] utils.py(229) : Diversity Loss: 10.3993, Constructive RL loss: 320.0272
[2026-09-04 15:07:09] utils.py(229) : Rank 0 >> Epoch 1: Train (85%)
[2026-09-04 15:07:09] utils.py(229) : [Construction] Score: 32.1722,  Loss: 317.6142,  Infeasible_rate: [100.0000%, 100.0000%], out: 41.7881, out_nodes: 15, Feasible_dist: 0.0000
[2026-09-04 15:07:09] utils.py(229) : [Improvement] Score: 103.9155 [BSF: 103.0980],  Loss: 5.1280,  Infeasible_rate: [100.0000%, 100.0000%], out: 83.1019, out_nodes: 36, Feasible_dist: 0.0000, Entropy: 2.6232
[2026-09-04 15:07:09] utils.py(229) : Diversity Loss: 10.4068, Constructive RL loss: 317.7183
[2026-09-04 15:07:12] utils.py(229) : Rank 0 >> Epoch 1: Train (85%)
[2026-09-04 15:07:12] utils.py(229) : [Construction] Score: 32.2544,  Loss: 315.3354,  Infeasible_rate: [100.0000%, 100.0000%], out: 41.4919, out_nodes: 14, Feasible_dist: 0.0000
[2026-09-04 15:07:12] utils.py(229) : [Improvement] Score: 103.5773 [BSF: 102.7645],  Loss: 5.0915,  Infeasible_rate: [100.0000%, 100.0000%], out: 82.5264, out_nodes: 36, Feasible_dist: 0.0000, Entropy: 2.6252
[2026-09-04 15:07:12] utils.py(229) : Diversity Loss: 10.4136, Constructive RL loss: 315.4396
[2026-09-04 15:07:15] utils.py(229) : Rank 0 >> Epoch 1: Train (85%)
[2026-09-04 15:07:15] utils.py(229) : [Construction] Score: 32.3145,  Loss: 313.0953,  Infeasible_rate: [100.0000%, 100.0000%], out: 41.2000, out_nodes: 14, Feasible_dist: 0.0000
[2026-09-04 15:07:15] utils.py(229) : [Improvement] Score: 103.2214 [BSF: 102.4112],  Loss: 5.0554,  Infeasible_rate: [100.0000%, 100.0000%], out: 81.9599, out_nodes: 36, Feasible_dist: 0.0000, Entropy: 2.6275
[2026-09-04 15:07:15] utils.py(229) : Diversity Loss: 10.4214, Constructive RL loss: 313.1995
[2026-09-04 15:07:17] utils.py(229) : Rank 0 >> Epoch 1: Train (85%)
[2026-09-04 15:07:17] utils.py(229) : [Construction] Score: 32.3954,  Loss: 310.8832,  Infeasible_rate: [100.0000%, 100.0000%], out: 40.9121, out_nodes: 14, Feasible_dist: 0.0000
[2026-09-04 15:07:17] utils.py(229) : [Improvement] Score: 102.8988 [BSF: 102.0916],  Loss: 5.0199,  Infeasible_rate: [100.0000%, 100.0000%], out: 81.4028, out_nodes: 35, Feasible_dist: 0.0000, Entropy: 2.6293
[2026-09-04 15:07:17] utils.py(229) : Diversity Loss: 10.4290, Constructive RL loss: 310.9875
[2026-09-04 15:07:20] utils.py(229) : Rank 0 >> Epoch 1: Train (85%)
[2026-09-04 15:07:20] utils.py(229) : [Construction] Score: 32.4946,  Loss: 308.7048,  Infeasible_rate: [100.0000%, 100.0000%], out: 40.6281, out_nodes: 14, Feasible_dist: 0.0000
[2026-09-04 15:07:20] utils.py(229) : [Improvement] Score: 102.6008 [BSF: 101.7973],  Loss: 4.9851,  Infeasible_rate: [100.0000%, 100.0000%], out: 80.8519, out_nodes: 35, Feasible_dist: 0.0000, Entropy: 2.6311
[2026-09-04 15:07:20] utils.py(229) : Diversity Loss: 10.4361, Constructive RL loss: 308.8091
[2026-09-04 15:07:23] utils.py(229) : Rank 0 >> Epoch 1: Train (90%)
[2026-09-04 15:07:23] utils.py(229) : [Construction] Score: 32.5851,  Loss: 306.5514,  Infeasible_rate: [100.0000%, 100.0000%], out: 40.3480, out_nodes: 14, Feasible_dist: 0.0000
[2026-09-04 15:07:23] utils.py(229) : [Improvement] Score: 102.2953 [BSF: 101.4947],  Loss: 4.9509,  Infeasible_rate: [100.0000%, 100.0000%], out: 80.3086, out_nodes: 35, Feasible_dist: 0.0000, Entropy: 2.6330
[2026-09-04 15:07:23] utils.py(229) : Diversity Loss: 10.4449, Constructive RL loss: 306.6558
[2026-09-04 15:07:26] utils.py(229) : Rank 0 >> Epoch 1: Train (90%)
[2026-09-04 15:07:26] utils.py(229) : [Construction] Score: 32.6618,  Loss: 304.4237,  Infeasible_rate: [100.0000%, 100.0000%], out: 40.0722, out_nodes: 14, Feasible_dist: 0.0000
[2026-09-04 15:07:26] utils.py(229) : [Improvement] Score: 101.9814 [BSF: 101.1831],  Loss: 4.9172,  Infeasible_rate: [100.0000%, 100.0000%], out: 79.7725, out_nodes: 35, Feasible_dist: 0.0000, Entropy: 2.6348
[2026-09-04 15:07:26] utils.py(229) : Diversity Loss: 10.4531, Constructive RL loss: 304.5282
[2026-09-04 15:07:29] utils.py(229) : Rank 0 >> Epoch 1: Train (90%)
[2026-09-04 15:07:29] utils.py(229) : [Construction] Score: 32.7380,  Loss: 302.3239,  Infeasible_rate: [100.0000%, 100.0000%], out: 39.7997, out_nodes: 14, Feasible_dist: 0.0000
[2026-09-04 15:07:29] utils.py(229) : [Improvement] Score: 101.6657 [BSF: 100.8710],  Loss: 4.8834,  Infeasible_rate: [100.0000%, 100.0000%], out: 79.2415, out_nodes: 35, Feasible_dist: 0.0000, Entropy: 2.6363
[2026-09-04 15:07:29] utils.py(229) : Diversity Loss: 10.4611, Constructive RL loss: 302.4285
[2026-09-04 15:07:31] utils.py(229) : Rank 0 >> Epoch 1: Train (90%)
[2026-09-04 15:07:31] utils.py(229) : [Construction] Score: 32.8096,  Loss: 300.2507,  Infeasible_rate: [100.0000%, 100.0000%], out: 39.5308, out_nodes: 14, Feasible_dist: 0.0000
[2026-09-04 15:07:31] utils.py(229) : [Improvement] Score: 101.3519 [BSF: 100.5601],  Loss: 4.8504,  Infeasible_rate: [100.0000%, 100.0000%], out: 78.7190, out_nodes: 35, Feasible_dist: 0.0000, Entropy: 2.6384
[2026-09-04 15:07:31] utils.py(229) : Diversity Loss: 10.4694, Constructive RL loss: 300.3554
[2026-09-04 15:07:34] utils.py(229) : Rank 0 >> Epoch 1: Train (90%)
[2026-09-04 15:07:34] utils.py(229) : [Construction] Score: 32.8839,  Loss: 298.2054,  Infeasible_rate: [100.0000%, 100.0000%], out: 39.2659, out_nodes: 14, Feasible_dist: 0.0000
[2026-09-04 15:07:34] utils.py(229) : [Improvement] Score: 101.0526 [BSF: 100.2628],  Loss: 4.8181,  Infeasible_rate: [100.0000%, 100.0000%], out: 78.2045, out_nodes: 34, Feasible_dist: 0.0000, Entropy: 2.6400
[2026-09-04 15:07:34] utils.py(229) : Diversity Loss: 10.4762, Constructive RL loss: 298.3102
[2026-09-04 15:07:37] utils.py(229) : Rank 0 >> Epoch 1: Train (90%)
[2026-09-04 15:07:37] utils.py(229) : [Construction] Score: 32.9642,  Loss: 296.2030,  Infeasible_rate: [100.0000%, 100.0000%], out: 39.0044, out_nodes: 14, Feasible_dist: 0.0000
[2026-09-04 15:07:37] utils.py(229) : [Improvement] Score: 100.7724 [BSF: 99.9847],  Loss: 4.7856,  Infeasible_rate: [100.0000%, 100.0000%], out: 77.6991, out_nodes: 34, Feasible_dist: 0.0000, Entropy: 2.6419
[2026-09-04 15:07:37] utils.py(229) : Diversity Loss: 10.4827, Constructive RL loss: 296.3078
[2026-09-04 15:07:40] utils.py(229) : Rank 0 >> Epoch 1: Train (90%)
[2026-09-04 15:07:40] utils.py(229) : [Construction] Score: 33.0273,  Loss: 294.2129,  Infeasible_rate: [100.0000%, 100.0000%], out: 38.7461, out_nodes: 14, Feasible_dist: 0.0000
[2026-09-04 15:07:40] utils.py(229) : [Improvement] Score: 100.4652 [BSF: 99.6805],  Loss: 4.7537,  Infeasible_rate: [100.0000%, 100.0000%], out: 77.1965, out_nodes: 34, Feasible_dist: 0.0000, Entropy: 2.6437
[2026-09-04 15:07:40] utils.py(229) : Diversity Loss: 10.4902, Constructive RL loss: 294.3178
[2026-09-04 15:07:43] utils.py(229) : Rank 0 >> Epoch 1: Train (90%)
[2026-09-04 15:07:43] utils.py(229) : [Construction] Score: 33.1102,  Loss: 292.2447,  Infeasible_rate: [100.0000%, 100.0000%], out: 38.4916, out_nodes: 13, Feasible_dist: 0.0000
[2026-09-04 15:07:43] utils.py(229) : [Improvement] Score: 100.1845 [BSF: 99.4027],  Loss: 4.7222,  Infeasible_rate: [100.0000%, 100.0000%], out: 76.7023, out_nodes: 34, Feasible_dist: 0.0000, Entropy: 2.6449
[2026-09-04 15:07:43] utils.py(229) : Diversity Loss: 10.4990, Constructive RL loss: 292.3497
[2026-09-04 15:07:46] utils.py(229) : Rank 0 >> Epoch 1: Train (95%)
[2026-09-04 15:07:46] utils.py(229) : [Construction] Score: 33.1982,  Loss: 290.2898,  Infeasible_rate: [100.0000%, 100.0000%], out: 38.2401, out_nodes: 13, Feasible_dist: 0.0000
[2026-09-04 15:07:46] utils.py(229) : [Improvement] Score: 99.9186 [BSF: 99.1386],  Loss: 4.6921,  Infeasible_rate: [100.0000%, 100.0000%], out: 76.2137, out_nodes: 34, Feasible_dist: 0.0000, Entropy: 2.6464
[2026-09-04 15:07:46] utils.py(229) : Diversity Loss: 10.5070, Constructive RL loss: 290.3949
[2026-09-04 15:07:48] utils.py(229) : Rank 0 >> Epoch 1: Train (95%)
[2026-09-04 15:07:48] utils.py(229) : [Construction] Score: 33.2846,  Loss: 288.3786,  Infeasible_rate: [100.0000%, 100.0000%], out: 37.9921, out_nodes: 13, Feasible_dist: 0.0000
[2026-09-04 15:07:48] utils.py(229) : [Improvement] Score: 99.6525 [BSF: 98.8759],  Loss: 4.6618,  Infeasible_rate: [100.0000%, 100.0000%], out: 75.7312, out_nodes: 34, Feasible_dist: 0.0000, Entropy: 2.6484
[2026-09-04 15:07:48] utils.py(229) : Diversity Loss: 10.5144, Constructive RL loss: 288.4838
[2026-09-04 15:07:51] utils.py(229) : Rank 0 >> Epoch 1: Train (95%)
[2026-09-04 15:07:51] utils.py(229) : [Construction] Score: 33.3531,  Loss: 286.5113,  Infeasible_rate: [100.0000%, 100.0000%], out: 37.7470, out_nodes: 13, Feasible_dist: 0.0000
[2026-09-04 15:07:51] utils.py(229) : [Improvement] Score: 99.3671 [BSF: 98.5934],  Loss: 4.6316,  Infeasible_rate: [100.0000%, 100.0000%], out: 75.2531, out_nodes: 34, Feasible_dist: 0.0000, Entropy: 2.6501
[2026-09-04 15:07:51] utils.py(229) : Diversity Loss: 10.5224, Constructive RL loss: 286.6166
[2026-09-04 15:07:54] utils.py(229) : Rank 0 >> Epoch 1: Train (95%)
[2026-09-04 15:07:54] utils.py(229) : [Construction] Score: 33.4289,  Loss: 284.6552,  Infeasible_rate: [100.0000%, 100.0000%], out: 37.5051, out_nodes: 13, Feasible_dist: 0.0000
[2026-09-04 15:07:54] utils.py(229) : [Improvement] Score: 99.0981 [BSF: 98.3261],  Loss: 4.6020,  Infeasible_rate: [100.0000%, 100.0000%], out: 74.7828, out_nodes: 33, Feasible_dist: 0.0000, Entropy: 2.6516
[2026-09-04 15:07:54] utils.py(229) : Diversity Loss: 10.5292, Constructive RL loss: 284.7605
[2026-09-04 15:07:57] utils.py(229) : Rank 0 >> Epoch 1: Train (95%)
[2026-09-04 15:07:57] utils.py(229) : [Construction] Score: 33.5004,  Loss: 282.8161,  Infeasible_rate: [100.0000%, 100.0000%], out: 37.2662, out_nodes: 13, Feasible_dist: 0.0000
[2026-09-04 15:07:57] utils.py(229) : [Improvement] Score: 98.8352 [BSF: 98.0656],  Loss: 4.5730,  Infeasible_rate: [100.0000%, 100.0000%], out: 74.3199, out_nodes: 33, Feasible_dist: 0.0000, Entropy: 2.6537
[2026-09-04 15:07:57] utils.py(229) : Diversity Loss: 10.5361, Constructive RL loss: 282.9214
[2026-09-04 15:08:00] utils.py(229) : Rank 0 >> Epoch 1: Train (95%)
[2026-09-04 15:08:00] utils.py(229) : [Construction] Score: 33.5560,  Loss: 281.0146,  Infeasible_rate: [100.0000%, 100.0000%], out: 37.0305, out_nodes: 13, Feasible_dist: 0.0000
[2026-09-04 15:08:00] utils.py(229) : [Improvement] Score: 98.5480 [BSF: 97.7807],  Loss: 4.5440,  Infeasible_rate: [100.0000%, 100.0000%], out: 73.8610, out_nodes: 33, Feasible_dist: 0.0000, Entropy: 2.6555
[2026-09-04 15:08:00] utils.py(229) : Diversity Loss: 10.5444, Constructive RL loss: 281.1201
[2026-09-04 15:08:03] utils.py(229) : Rank 0 >> Epoch 1: Train (95%)
[2026-09-04 15:08:03] utils.py(229) : [Construction] Score: 33.6052,  Loss: 279.2210,  Infeasible_rate: [100.0000%, 100.0000%], out: 36.7976, out_nodes: 13, Feasible_dist: 0.0000
[2026-09-04 15:08:03] utils.py(229) : [Improvement] Score: 98.2637 [BSF: 97.4999],  Loss: 4.5158,  Infeasible_rate: [100.0000%, 100.0000%], out: 73.4080, out_nodes: 33, Feasible_dist: 0.0000, Entropy: 2.6570
[2026-09-04 15:08:03] utils.py(229) : Diversity Loss: 10.5516, Constructive RL loss: 279.3265
[2026-09-04 15:08:05] utils.py(229) : Rank 0 >> Epoch 1: Train (95%)
[2026-09-04 15:08:05] utils.py(229) : [Construction] Score: 33.6657,  Loss: 277.4539,  Infeasible_rate: [100.0000%, 100.0000%], out: 36.5679, out_nodes: 13, Feasible_dist: 0.0000
[2026-09-04 15:08:05] utils.py(229) : [Improvement] Score: 97.9946 [BSF: 97.2336],  Loss: 4.4874,  Infeasible_rate: [100.0000%, 100.0000%], out: 72.9620, out_nodes: 33, Feasible_dist: 0.0000, Entropy: 2.6587
[2026-09-04 15:08:05] utils.py(229) : Diversity Loss: 10.5587, Constructive RL loss: 277.5595
[2026-09-04 15:08:07] utils.py(229) : Rank 0 >> Epoch 1: Train (95%)
[2026-09-04 15:08:07] utils.py(229) : [Construction] Score: 33.6657,  Loss: 277.4539,  Infeasible_rate: [100.0000%, 100.0000%], out: 36.5679, out_nodes: 13, Feasible_dist: 0.0000
[2026-09-04 15:08:07] utils.py(229) : [Improvement] Score: 97.9946 [BSF: 97.2336],  Loss: 4.4874,  Infeasible_rate: [100.0000%, 100.0000%], out: 72.9620, out_nodes: 33, Feasible_dist: 0.0000, Entropy: 2.6587
[2026-09-04 15:08:07] utils.py(229) : Diversity Loss: 10.5587, Constructive RL loss: 277.5595
[2026-09-04 15:08:07] utils.py(229) : dummy_size: 35.11875
[2026-09-04 15:08:07] utils.py(229) : Rank 0 >> Epoch 1/10: Time Est.: Elapsed[6.44m], Remain[58.00m]
[2026-09-04 15:08:07] utils.py(229) : >> Val 64 instances.
[2026-09-04 15:08:07] utils.py(229) : >> validation eval type:
[2026-09-04 15:08:07] utils.py(229) : argmax
[2026-09-04 15:08:07] utils.py(229) : Rank 0 >> val construction time:
[2026-09-04 15:08:07] utils.py(229) : 0.39147138595581055
[2026-09-04 15:08:07] utils.py(229) : ! solution size:
[2026-09-04 15:08:07] utils.py(229) : torch.Size([256, 1, 100])
[2026-09-04 15:08:10] utils.py(229) : Rank 0 >> val improvement time:
[2026-09-04 15:08:10] utils.py(229) : 2.6716086864471436
[2026-09-04 15:08:10] utils.py(229) : Rank 0 >> val reconstruction time [w. mask]:
[2026-09-04 15:08:10] utils.py(229) : 0.32991647720336914
[2026-09-04 15:08:11] utils.py(229) : Rank 0 >> val construction time:
[2026-09-04 15:08:11] utils.py(229) : 0.3392369747161865
[2026-09-04 15:08:11] utils.py(229) : ! solution size:
[2026-09-04 15:08:11] utils.py(229) : torch.Size([256, 1, 100])
[2026-09-04 15:08:13] utils.py(229) : Rank 0 >> val improvement time:
[2026-09-04 15:08:13] utils.py(229) : 2.632582902908325
[2026-09-04 15:08:14] utils.py(229) : Rank 0 >> val reconstruction time [w. mask]:
[2026-09-04 15:08:14] utils.py(229) : 0.3354225158691406
[2026-09-04 15:08:14] utils.py(229) : >> Only feasible solutions are under consideration!
[2026-09-04 15:08:14] utils.py(229) : >> Only feasible solutions are under consideration!
[2026-09-04 15:08:14] utils.py(229) : >> Load optimal solution from: ./data/VRPBLTW/or_tools_200s_vrpbltw50_uniform.pkl
[2026-09-04 15:08:14] utils.py(229) : Rank 0 >> Val Score on vrpbltw50_uniform.pkl: [Construction] NO_AUG_Score: nan, NO_AUG_Gap: nan% --> AUG_Score: nan, AUG_Gap: nan%; Infeasible rate: 100.0% (solution-level), 100.0% (instance-level)
[2026-09-04 15:08:14] utils.py(229) : Rank 0 >> Val Score on vrpbltw50_uniform.pkl: [Improvement] NO_AUG_Score: nan, NO_AUG_Gap: nan% --> AUG_Score: nan, AUG_Gap: nan%; Infeasible rate: 100.0% (solution-level), 100.0% (instance-level)
[2026-09-04 15:08:14] utils.py(229) : Rank 0 >> Val Score on vrpbltw50_uniform.pkl: [w. mask] NO_AUG_Score: 47.4906, NO_AUG_Gap: 239.2833% --> AUG_Score: 45.8932, AUG_Gap: 227.8949%; Infeasible rate: 0.0% (solution-level), 0.0% (instance-level)
[2026-09-04 15:08:14] utils.py(229) : ================================================================================
[2026-09-04 15:15:54] utils.py(229) : Rank 0 >> Epoch 2: Train (95%)
[2026-09-04 15:15:54] utils.py(229) : [Construction] Score: 45.8899,  Loss: -1.4031,  Infeasible_rate: [100.0000%, 100.0000%], out: 0.0010, out_nodes: 0, Feasible_dist: 0.0000
[2026-09-04 15:15:54] utils.py(229) : [Improvement] Score: 56.8700 [BSF: 56.5097],  Loss: 0.0128,  Infeasible_rate: [100.0000%, 100.0000%], out: 1.6793, out_nodes: 10, Feasible_dist: 0.0000, Entropy: 2.8989
[2026-09-04 15:15:54] utils.py(229) : Diversity Loss: 11.9396, Constructive RL loss: -1.2837
[2026-09-04 15:15:54] utils.py(229) : dummy_size: 48.85
[2026-09-04 15:15:54] utils.py(229) : Rank 0 >> Epoch 2/10: Time Est.: Elapsed[14.22m], Remain[56.89m]
[2026-09-04 15:15:54] utils.py(229) : Rank 0 >> Best model of improvement saved!
[2026-09-04 15:15:54] utils.py(229) : >> Val 64 instances.
[2026-09-04 15:15:54] utils.py(229) : >> validation eval type:
[2026-09-04 15:15:54] utils.py(229) : argmax
[2026-09-04 15:15:54] utils.py(229) : Rank 0 >> val construction time:
[2026-09-04 15:15:54] utils.py(229) : 0.39168524742126465
[2026-09-04 15:15:54] utils.py(229) : ! solution size:
[2026-09-04 15:15:54] utils.py(229) : torch.Size([256, 1, 100])
[2026-09-04 15:15:57] utils.py(229) : Rank 0 >> val improvement time:
[2026-09-04 15:15:57] utils.py(229) : 2.7343661785125732
[2026-09-04 15:15:57] utils.py(229) : Rank 0 >> val reconstruction time [w. mask]:
[2026-09-04 15:15:57] utils.py(229) : 0.3322162628173828
[2026-09-04 15:15:58] utils.py(229) : Rank 0 >> val construction time:
[2026-09-04 15:15:58] utils.py(229) : 0.3174452781677246
[2026-09-04 15:15:58] utils.py(229) : ! solution size:
[2026-09-04 15:15:58] utils.py(229) : torch.Size([256, 1, 100])
[2026-09-04 15:16:00] utils.py(229) : Rank 0 >> val improvement time:
[2026-09-04 15:16:00] utils.py(229) : 2.617112398147583
[2026-09-04 15:16:01] utils.py(229) : Rank 0 >> val reconstruction time [w. mask]:
[2026-09-04 15:16:01] utils.py(229) : 0.33885693550109863
[2026-09-04 15:16:01] utils.py(229) : >> Only feasible solutions are under consideration!
[2026-09-04 15:16:01] utils.py(229) : >> Only feasible solutions are under consideration!
[2026-09-04 15:16:01] utils.py(229) : >> Load optimal solution from: ./data/VRPBLTW/or_tools_200s_vrpbltw50_uniform.pkl
[2026-09-04 15:16:01] utils.py(229) : Rank 0 >> Val Score on vrpbltw50_uniform.pkl: [Construction] NO_AUG_Score: nan, NO_AUG_Gap: nan% --> AUG_Score: nan, AUG_Gap: nan%; Infeasible rate: 100.0% (solution-level), 100.0% (instance-level)
[2026-09-04 15:16:01] utils.py(229) : Rank 0 >> Val Score on vrpbltw50_uniform.pkl: [Improvement] NO_AUG_Score: nan, NO_AUG_Gap: nan% --> AUG_Score: nan, AUG_Gap: nan%; Infeasible rate: 100.0% (solution-level), 100.0% (instance-level)
[2026-09-04 15:16:01] utils.py(229) : Rank 0 >> Val Score on vrpbltw50_uniform.pkl: [w. mask] NO_AUG_Score: 48.1585, NO_AUG_Gap: 244.0755% --> AUG_Score: 46.7491, AUG_Gap: 233.9521%; Infeasible rate: 0.0% (solution-level), 0.0% (instance-level)
[2026-09-04 15:16:01] utils.py(229) : ================================================================================
[2026-09-04 15:23:34] utils.py(229) : Rank 0 >> Epoch 3: Train (95%)
[2026-09-04 15:23:34] utils.py(229) : [Construction] Score: 45.6310,  Loss: -0.6703,  Infeasible_rate: [100.0000%, 100.0000%], out: 0.0001, out_nodes: 0, Feasible_dist: 0.0000
[2026-09-04 15:23:34] utils.py(229) : [Improvement] Score: 56.4019 [BSF: 55.8651],  Loss: 0.0063,  Infeasible_rate: [100.0000%, 100.0000%], out: 1.8997, out_nodes: 10, Feasible_dist: 0.0000, Entropy: 2.9083
[2026-09-04 15:23:34] utils.py(229) : Diversity Loss: 12.4475, Constructive RL loss: -0.5458
[2026-09-04 15:23:34] utils.py(229) : dummy_size: 47.81875
[2026-09-04 15:23:34] utils.py(229) : Rank 0 >> Epoch 3/10: Time Est.: Elapsed[21.89m], Remain[51.07m]
[2026-09-04 15:23:34] utils.py(229) : Rank 0 >> Best model of improvement saved!
[2026-09-04 15:23:34] utils.py(229) : ================================================================================
