wandb: [wandb.login()] Loaded credentials for https://api.wandb.ai from /home/shora/.netrc.
wandb: Currently logged in as: shoraaa (shoraaa-vnu) to https://api.wandb.ai. Use `wandb login --relogin` to force relogin
wandb: setting up run 4614msvy
wandb: Tracking run with wandb version 0.28.1
wandb: Run data is saved locally in /home/shora/Research/PRISM/baselines/CaR-constraint/wandb/run-20260903_225938-4614msvy
wandb: Run `wandb offline` to turn off syncing.
wandb: Syncing run 20260903_235933train_attr
wandb:  View project at https://wandb.ai/shoraaa-vnu/unified_solver
wandb:  View run at https://wandb.ai/shoraaa-vnu/unified_solver/runs/4614msvy
{'POMO_checkpoint': '../PIP-constraint/POMO+PIP/pretrained/TSPTW/tsptw50_hard/POMO_star/epoch-10000.pt',
 'accumulation_steps': 8,
 'active_constraints': ['backhaul', 'route_limit', 'time_window'],
 'amp_training': True,
 'aspect_num': 2,
 'aux_mask': True,
 'backhaul_mask': 'soft',
 'baseline': 'group',
 'best_solution_path': None,
 'bonus_for_construction': False,
 'boundary': 0.5,
 'checkpoint': None,
 'clean_cache': False,
 'coefficient': 100,
 'consequence_hidden_dim': 16,
 'constraint_number': 4,
 'constraint_repr': 'attr',
 'decoder_layer_num': 1,
 'diversity': 'kendall_tau_distance',
 'diversity_loss': True,
 'diversity_reward': False,
 'diversity_weight': 0.01,
 'dual_decoder': False,
 'dummy_improve_selected': 'random',
 'dummy_improve_steps': 0,
 'dynamic_coefficient': False,
 'embedding_dim': 128,
 'empty_cache_per_batch': True,
 'enable_eas': False,
 'encoder_layer_num': 6,
 'epochs': 10,
 'epsilon': 3.67,
 'epsilon_base': 5.0,
 'epsilon_decay_beta': 0.001,
 'eval_only': False,
 'eval_type': 'argmax',
 'extra_bonus': False,
 'extra_weight': 0.1,
 'ff_hidden_dim': 512,
 'fsb_dist_only': True,
 'fsb_reward_only': True,
 'fsb_reward_plus': False,
 'fsb_start_delay': 10000,
 'gamma': 0.1,
 'generate_PI_mask': False,
 'gpu_id': '0',
 'gumbel': False,
 'hardness': 'hard',
 'head_num': 8,
 'imitation_learning': True,
 'imitation_loss_weight': 1.0,
 'impr_encoder_start_idx': 0,
 'improve_start_when_dummy_ok': False,
 'improve_steps': 5,
 'improvement_method': 'kopt',
 'improvement_only': False,
 'infsb_dist_penalty': False,
 'init_sol_strategy': 'POMO',
 'insert_before': True,
 'is_lib': False,
 'iterations': 200,
 'iterations_impr': 20,
 'k_max': 4,
 'k_unconfident': 10,
 'lazy_pip_model': False,
 'load_optimizer': True,
 'load_which_pip': 'train_fsb_bsf',
 'log_dir': 'results/composition/train_attr',
 'logit_clipping': 10,
 'lr': 0.0001,
 'max_dummy_size': 18,
 'milestones': [4501],
 'model_save_interval': 5,
 'model_type': 'SINGLE',
 'multi_processing': False,
 'multiple_gpu': False,
 'n2s_decoder': False,
 'neighborhood_search': False,
 'no_cuda': False,
 'non_linear': None,
 'non_linear_cons': False,
 'norm': 'instance',
 'norm_loc': 'norm_last',
 'occ_gpu': 0.0,
 'out_node_reward': True,
 'out_reward': True,
 'pairwise_merge': 'feature,attention',
 'penalty_factor': 1.0,
 'penalty_normalize': False,
 'pip_checkpoint': None,
 'pip_decoder': False,
 'pip_last_growup': 50,
 'pip_step': 1,
 'pip_update_epoch': 20,
 'pip_update_interval': 1000,
 'pomo_feasible_start': False,
 'pomo_size': 50,
 'pomo_start': False,
 'problem': 'VRPBLTW',
 'problem_size': 50,
 'probs_return': False,
 'qkv_dim': 16,
 'random_delta_t': 0,
 'reconstruct': False,
 'reconstruct_bonus_weight': 1.0,
 'reconstruct_improve_bonus': False,
 'refinement_history_path': None,
 'repeats': 1,
 'reward_gating': False,
 'rm_num': 1,
 'sample_size': 1,
 'seed': 1234,
 'select_strategy': 'quality',
 'select_top_k': 10,
 'select_top_k_val': 1,
 'seperate_obj_penalty': False,
 'simulation_stop_epoch': 100,
 'soft_constrained': True,
 'sop_variant': 1,
 'sqrt_embedding_dim': 11.313708498984761,
 'stochastic_probability': 0.5,
 'subgradient': False,
 'subgradient_lr': 0.1,
 'succ_attention_bias': 1.0,
 'supplement_feature_dim': 17,
 'tb_logger': False,
 'test_batch_size': 10000,
 'test_dataset': None,
 'test_episodes': 10000,
 'test_opt_path': None,
 'test_pomo_size': 1,
 'total_history': 3,
 'train_batch_size': 16,
 'train_episodes': 2560,
 'tw_normalize': True,
 'uncertainty_weight': False,
 'unified_decoder': False,
 'unified_encoder': True,
 'use_fast_attention': True,
 'use_real_PI_mask': False,
 'v_range': 6.0,
 'val_dataset': ['vrpbltw50_uniform.pkl'],
 'val_episodes': 64,
 'val_init_sol_strategy': 'POMO',
 'val_opt_path': None,
 'val_pomo_size': 1,
 'val_reconstruct_times': 1,
 'validation_batch_size': 32,
 'validation_improve_steps': 20,
 'validation_interval': 2,
 'wandb_logger': True,
 'weight_decay': 1e-06,
 'which_feature': 'both',
 'with_RNN': True,
 'with_bonus': False,
 'with_explore_stat_feature': True,
 'with_infsb_feature': True,
 'with_regular': False,
 'wo_node_penalty': False,
 'wo_tour_penalty': False,
 'world_size': 1}
>> Log Path: results/composition/train_attr/20260903_235933train_attr
>> No occupation needed
>> USE_CUDA: True, CUDA_DEVICE_NUM: 0
>> Start VRPBLTW Training using SINGLE Model ...
[2026-09-03 22:59:39] utils.py(229) : >> Use unified encoder for Improvement and Construction!
[2026-09-03 22:59:39] utils.py(229) : >> Use kopt decoder for Improvement!
[2026-09-03 22:59:39] utils.py(229) : lambda_:
[2026-09-03 22:59:39] utils.py(229) : 1.0
[2026-09-03 22:59:40] utils.py(229) : Number of Parameters: 1642336
[2026-09-03 22:59:40] utils.py(229) : [copy_all_src] Warning: /home/shora/Research/PRISM/baselines/CaR-constraint/_ops.py not found. Skipping.
[2026-09-03 22:59:40] utils.py(229) : [copy_all_src] Warning: /home/shora/Research/PRISM/baselines/CaR-constraint/_classes.py not found. Skipping.
[2026-09-03 22:59:40] utils.py(229) : ================================================================================
[2026-09-03 22:59:41] utils.py(229) : Rank 0 >> Epoch 1: Train (0%)
[2026-09-03 22:59:41] utils.py(229) : [Construction] Score: 27.0142,  Loss: 296.9694,  Infeasible_rate: [100.0000%, 100.0000%], out: 121.6552, out_nodes: 25, Feasible_dist: 0.0000
[2026-09-03 22:59:41] utils.py(229) : [Improvement] Score: 147.2660 [BSF: 147.2660],  Loss: 17.5683,  Infeasible_rate: [100.0000%, 100.0000%], out: 171.8140, out_nodes: 56, Feasible_dist: 0.0000, Entropy: 2.4803
[2026-09-03 22:59:41] utils.py(229) : Diversity Loss: 10.0289, Constructive RL loss: 297.0698
[2026-09-03 22:59:43] utils.py(229) : Rank 0 >> Epoch 1: Train (0%)
[2026-09-03 22:59:43] utils.py(229) : [Construction] Score: 27.1116,  Loss: 317.7987,  Infeasible_rate: [100.0000%, 100.0000%], out: 114.3392, out_nodes: 25, Feasible_dist: 0.0000
[2026-09-03 22:59:43] utils.py(229) : [Improvement] Score: 149.5993 [BSF: 149.5993],  Loss: 15.8666,  Infeasible_rate: [100.0000%, 100.0000%], out: 167.1336, out_nodes: 56, Feasible_dist: 0.0000, Entropy: 2.4282
[2026-09-03 22:59:43] utils.py(229) : Diversity Loss: 10.0004, Constructive RL loss: 317.8988
[2026-09-03 22:59:45] utils.py(229) : Rank 0 >> Epoch 1: Train (0%)
[2026-09-03 22:59:45] utils.py(229) : [Construction] Score: 27.0922,  Loss: 360.2464,  Infeasible_rate: [100.0000%, 100.0000%], out: 115.2691, out_nodes: 25, Feasible_dist: 0.0000
[2026-09-03 22:59:45] utils.py(229) : [Improvement] Score: 149.6964 [BSF: 149.6964],  Loss: 18.7681,  Infeasible_rate: [100.0000%, 100.0000%], out: 169.0244, out_nodes: 56, Feasible_dist: 0.0000, Entropy: 2.4309
[2026-09-03 22:59:45] utils.py(229) : Diversity Loss: 10.0388, Constructive RL loss: 360.3468
[2026-09-03 22:59:46] utils.py(229) : Rank 0 >> Epoch 1: Train (0%)
[2026-09-03 22:59:46] utils.py(229) : [Construction] Score: 27.3138,  Loss: 361.4361,  Infeasible_rate: [100.0000%, 100.0000%], out: 117.5785, out_nodes: 25, Feasible_dist: 0.0000
[2026-09-03 22:59:46] utils.py(229) : [Improvement] Score: 152.2980 [BSF: 152.1389],  Loss: 20.5956,  Infeasible_rate: [100.0000%, 100.0000%], out: 170.0303, out_nodes: 57, Feasible_dist: 0.0000, Entropy: 2.4206
[2026-09-03 22:59:46] utils.py(229) : Diversity Loss: 10.0378, Constructive RL loss: 361.5365
[2026-09-03 22:59:48] utils.py(229) : Rank 0 >> Epoch 1: Train (0%)
[2026-09-03 22:59:48] utils.py(229) : [Construction] Score: 27.3321,  Loss: 348.2624,  Infeasible_rate: [100.0000%, 100.0000%], out: 114.3688, out_nodes: 25, Feasible_dist: 0.0000
[2026-09-03 22:59:48] utils.py(229) : [Improvement] Score: 152.2271 [BSF: 152.0999],  Loss: 20.5707,  Infeasible_rate: [100.0000%, 100.0000%], out: 169.3438, out_nodes: 56, Feasible_dist: 0.0000, Entropy: 2.4293
[2026-09-03 22:59:48] utils.py(229) : Diversity Loss: 10.0449, Constructive RL loss: 348.3629
[2026-09-03 22:59:49] utils.py(229) : Rank 0 >> Epoch 1: Train (0%)
[2026-09-03 22:59:49] utils.py(229) : [Construction] Score: 27.3507,  Loss: 353.8060,  Infeasible_rate: [100.0000%, 100.0000%], out: 116.0824, out_nodes: 25, Feasible_dist: 0.0000
[2026-09-03 22:59:49] utils.py(229) : [Improvement] Score: 152.0083 [BSF: 151.9023],  Loss: 19.9103,  Infeasible_rate: [100.0000%, 100.0000%], out: 169.0635, out_nodes: 56, Feasible_dist: 0.0000, Entropy: 2.4130
[2026-09-03 22:59:49] utils.py(229) : Diversity Loss: 10.0457, Constructive RL loss: 353.9065
[2026-09-03 22:59:51] utils.py(229) : Rank 0 >> Epoch 1: Train (0%)
[2026-09-03 22:59:51] utils.py(229) : [Construction] Score: 27.3460,  Loss: 361.5770,  Infeasible_rate: [100.0000%, 100.0000%], out: 115.9886, out_nodes: 25, Feasible_dist: 0.0000
[2026-09-03 22:59:51] utils.py(229) : [Improvement] Score: 152.6142 [BSF: 152.5233],  Loss: 20.8840,  Infeasible_rate: [100.0000%, 100.0000%], out: 171.5950, out_nodes: 57, Feasible_dist: 0.0000, Entropy: 2.4084
[2026-09-03 22:59:51] utils.py(229) : Diversity Loss: 10.0478, Constructive RL loss: 361.6775
[2026-09-03 22:59:52] utils.py(229) : Rank 0 >> Epoch 1: Train (0%)
[2026-09-03 22:59:52] utils.py(229) : [Construction] Score: 27.4498,  Loss: 360.0308,  Infeasible_rate: [100.0000%, 100.0000%], out: 117.1294, out_nodes: 25, Feasible_dist: 0.0000
[2026-09-03 22:59:52] utils.py(229) : [Improvement] Score: 155.5607 [BSF: 155.4812],  Loss: 20.8762,  Infeasible_rate: [100.0000%, 100.0000%], out: 171.5636, out_nodes: 57, Feasible_dist: 0.0000, Entropy: 2.4120
[2026-09-03 22:59:52] utils.py(229) : Diversity Loss: 10.0486, Constructive RL loss: 360.1313
[2026-09-03 22:59:54] utils.py(229) : Rank 0 >> Epoch 1: Train (5%)
[2026-09-03 22:59:54] utils.py(229) : [Construction] Score: 27.4016,  Loss: 355.2888,  Infeasible_rate: [100.0000%, 100.0000%], out: 117.1957, out_nodes: 25, Feasible_dist: 0.0000
[2026-09-03 22:59:54] utils.py(229) : [Improvement] Score: 157.1343 [BSF: 157.0636],  Loss: 20.9177,  Infeasible_rate: [100.0000%, 100.0000%], out: 172.4917, out_nodes: 57, Feasible_dist: 0.0000, Entropy: 2.4092
[2026-09-03 22:59:54] utils.py(229) : Diversity Loss: 10.0496, Constructive RL loss: 355.3893
[2026-09-03 22:59:55] utils.py(229) : Rank 0 >> Epoch 1: Train (5%)
[2026-09-03 22:59:55] utils.py(229) : [Construction] Score: 27.3894,  Loss: 348.2879,  Infeasible_rate: [100.0000%, 100.0000%], out: 118.7784, out_nodes: 25, Feasible_dist: 0.0000
[2026-09-03 22:59:55] utils.py(229) : [Improvement] Score: 157.4687 [BSF: 157.4050],  Loss: 21.6107,  Infeasible_rate: [100.0000%, 100.0000%], out: 174.0584, out_nodes: 57, Feasible_dist: 0.0000, Entropy: 2.4024
[2026-09-03 22:59:55] utils.py(229) : Diversity Loss: 10.0476, Constructive RL loss: 348.3883
[2026-09-03 22:59:57] utils.py(229) : Rank 0 >> Epoch 1: Train (5%)
[2026-09-03 22:59:57] utils.py(229) : [Construction] Score: 27.4484,  Loss: 348.2896,  Infeasible_rate: [100.0000%, 100.0000%], out: 117.7349, out_nodes: 25, Feasible_dist: 0.0000
[2026-09-03 22:59:57] utils.py(229) : [Improvement] Score: 159.6432 [BSF: 159.4709],  Loss: 21.0643,  Infeasible_rate: [100.0000%, 100.0000%], out: 174.5794, out_nodes: 57, Feasible_dist: 0.0000, Entropy: 2.3991
[2026-09-03 22:59:57] utils.py(229) : Diversity Loss: 10.0482, Constructive RL loss: 348.3901
[2026-09-03 22:59:58] utils.py(229) : Rank 0 >> Epoch 1: Train (5%)
[2026-09-03 22:59:58] utils.py(229) : [Construction] Score: 27.4789,  Loss: 340.4311,  Infeasible_rate: [100.0000%, 100.0000%], out: 116.8258, out_nodes: 25, Feasible_dist: 0.0000
[2026-09-03 22:59:58] utils.py(229) : [Improvement] Score: 160.7547 [BSF: 160.5851],  Loss: 20.6025,  Infeasible_rate: [100.0000%, 100.0000%], out: 174.1011, out_nodes: 57, Feasible_dist: 0.0000, Entropy: 2.4038
[2026-09-03 22:59:58] utils.py(229) : Diversity Loss: 10.0459, Constructive RL loss: 340.5315
[2026-09-03 22:59:59] utils.py(229) : Rank 0 >> Epoch 1: Train (5%)
[2026-09-03 22:59:59] utils.py(229) : [Construction] Score: 27.5130,  Loss: 339.1589,  Infeasible_rate: [100.0000%, 100.0000%], out: 116.0534, out_nodes: 25, Feasible_dist: 0.0000
[2026-09-03 22:59:59] utils.py(229) : [Improvement] Score: 160.8083 [BSF: 160.6517],  Loss: 20.6289,  Infeasible_rate: [100.0000%, 100.0000%], out: 174.0605, out_nodes: 57, Feasible_dist: 0.0000, Entropy: 2.4007
[2026-09-03 22:59:59] utils.py(229) : Diversity Loss: 10.0417, Constructive RL loss: 339.2593
[2026-09-03 23:00:01] utils.py(229) : Rank 0 >> Epoch 1: Train (5%)
[2026-09-03 23:00:01] utils.py(229) : [Construction] Score: 27.4819,  Loss: 338.7828,  Infeasible_rate: [100.0000%, 100.0000%], out: 115.8272, out_nodes: 25, Feasible_dist: 0.0000
[2026-09-03 23:00:01] utils.py(229) : [Improvement] Score: 160.3332 [BSF: 160.1877],  Loss: 20.3834,  Infeasible_rate: [100.0000%, 100.0000%], out: 173.8788, out_nodes: 57, Feasible_dist: 0.0000, Entropy: 2.4013
[2026-09-03 23:00:01] utils.py(229) : Diversity Loss: 10.0472, Constructive RL loss: 338.8833
[2026-09-03 23:00:02] utils.py(229) : Rank 0 >> Epoch 1: Train (5%)
[2026-09-03 23:00:02] utils.py(229) : [Construction] Score: 27.4372,  Loss: 343.3217,  Infeasible_rate: [100.0000%, 100.0000%], out: 115.5014, out_nodes: 25, Feasible_dist: 0.0000
[2026-09-03 23:00:02] utils.py(229) : [Improvement] Score: 160.1898 [BSF: 160.0239],  Loss: 20.2715,  Infeasible_rate: [100.0000%, 100.0000%], out: 174.6305, out_nodes: 57, Feasible_dist: 0.0000, Entropy: 2.3990
[2026-09-03 23:00:02] utils.py(229) : Diversity Loss: 10.0510, Constructive RL loss: 343.4222
[2026-09-03 23:00:04] utils.py(229) : Rank 0 >> Epoch 1: Train (5%)
[2026-09-03 23:00:04] utils.py(229) : [Construction] Score: 27.4490,  Loss: 354.3640,  Infeasible_rate: [100.0000%, 100.0000%], out: 115.5414, out_nodes: 25, Feasible_dist: 0.0000
[2026-09-03 23:00:04] utils.py(229) : [Improvement] Score: 159.6219 [BSF: 159.4664],  Loss: 20.3993,  Infeasible_rate: [100.0000%, 100.0000%], out: 174.8258, out_nodes: 57, Feasible_dist: 0.0000, Entropy: 2.3959
[2026-09-03 23:00:04] utils.py(229) : Diversity Loss: 10.0579, Constructive RL loss: 354.4646
[2026-09-03 23:00:05] utils.py(229) : Rank 0 >> Epoch 1: Train (10%)
[2026-09-03 23:00:05] utils.py(229) : [Construction] Score: 27.4773,  Loss: 354.4763,  Infeasible_rate: [100.0000%, 100.0000%], out: 115.4188, out_nodes: 25, Feasible_dist: 0.0000
[2026-09-03 23:00:05] utils.py(229) : [Improvement] Score: 160.0084 [BSF: 159.8621],  Loss: 20.4069,  Infeasible_rate: [100.0000%, 100.0000%], out: 175.0886, out_nodes: 57, Feasible_dist: 0.0000, Entropy: 2.3967
[2026-09-03 23:00:05] utils.py(229) : Diversity Loss: 10.0559, Constructive RL loss: 354.5769
[2026-09-03 23:00:06] utils.py(229) : Rank 0 >> Epoch 1: Train (10%)
[2026-09-03 23:00:06] utils.py(229) : [Construction] Score: 27.4314,  Loss: 352.4053,  Infeasible_rate: [100.0000%, 100.0000%], out: 115.0451, out_nodes: 25, Feasible_dist: 0.0000
[2026-09-03 23:00:06] utils.py(229) : [Improvement] Score: 159.7662 [BSF: 159.6279],  Loss: 20.0664,  Infeasible_rate: [100.0000%, 100.0000%], out: 175.0295, out_nodes: 57, Feasible_dist: 0.0000, Entropy: 2.3949
[2026-09-03 23:00:06] utils.py(229) : Diversity Loss: 10.0537, Constructive RL loss: 352.5059
[2026-09-03 23:00:08] utils.py(229) : Rank 0 >> Epoch 1: Train (10%)
[2026-09-03 23:00:08] utils.py(229) : [Construction] Score: 27.4524,  Loss: 352.3565,  Infeasible_rate: [100.0000%, 100.0000%], out: 114.8780, out_nodes: 25, Feasible_dist: 0.0000
[2026-09-03 23:00:08] utils.py(229) : [Improvement] Score: 159.6773 [BSF: 159.5464],  Loss: 20.1410,  Infeasible_rate: [100.0000%, 100.0000%], out: 175.3306, out_nodes: 57, Feasible_dist: 0.0000, Entropy: 2.3961
[2026-09-03 23:00:08] utils.py(229) : Diversity Loss: 10.0578, Constructive RL loss: 352.4571
[2026-09-03 23:00:09] utils.py(229) : Rank 0 >> Epoch 1: Train (10%)
[2026-09-03 23:00:09] utils.py(229) : [Construction] Score: 27.3591,  Loss: 358.0551,  Infeasible_rate: [100.0000%, 100.0000%], out: 114.8198, out_nodes: 25, Feasible_dist: 0.0000
[2026-09-03 23:00:09] utils.py(229) : [Improvement] Score: 159.6513 [BSF: 159.4670],  Loss: 20.3770,  Infeasible_rate: [100.0000%, 100.0000%], out: 175.1463, out_nodes: 57, Feasible_dist: 0.0000, Entropy: 2.3949
[2026-09-03 23:00:09] utils.py(229) : Diversity Loss: 10.0609, Constructive RL loss: 358.1557
[2026-09-03 23:00:11] utils.py(229) : Rank 0 >> Epoch 1: Train (10%)
[2026-09-03 23:00:11] utils.py(229) : [Construction] Score: 27.3356,  Loss: 354.8837,  Infeasible_rate: [100.0000%, 100.0000%], out: 114.5714, out_nodes: 25, Feasible_dist: 0.0000
[2026-09-03 23:00:11] utils.py(229) : [Improvement] Score: 159.2397 [BSF: 159.0643],  Loss: 20.3846,  Infeasible_rate: [100.0000%, 100.0000%], out: 174.9469, out_nodes: 57, Feasible_dist: 0.0000, Entropy: 2.3958
[2026-09-03 23:00:11] utils.py(229) : Diversity Loss: 10.0555, Constructive RL loss: 354.9842
[2026-09-03 23:00:12] utils.py(229) : Rank 0 >> Epoch 1: Train (10%)
[2026-09-03 23:00:12] utils.py(229) : [Construction] Score: 27.3727,  Loss: 352.9503,  Infeasible_rate: [100.0000%, 100.0000%], out: 114.5177, out_nodes: 25, Feasible_dist: 0.0000
[2026-09-03 23:00:12] utils.py(229) : [Improvement] Score: 158.9785 [BSF: 158.8110],  Loss: 20.2717,  Infeasible_rate: [100.0000%, 100.0000%], out: 174.6261, out_nodes: 57, Feasible_dist: 0.0000, Entropy: 2.3921
[2026-09-03 23:00:12] utils.py(229) : Diversity Loss: 10.0541, Constructive RL loss: 353.0508
[2026-09-03 23:00:14] utils.py(229) : Rank 0 >> Epoch 1: Train (10%)
[2026-09-03 23:00:14] utils.py(229) : [Construction] Score: 27.3219,  Loss: 356.6815,  Infeasible_rate: [100.0000%, 100.0000%], out: 115.5695, out_nodes: 25, Feasible_dist: 0.0000
[2026-09-03 23:00:14] utils.py(229) : [Improvement] Score: 158.8280 [BSF: 158.6679],  Loss: 20.3584,  Infeasible_rate: [100.0000%, 100.0000%], out: 174.5064, out_nodes: 57, Feasible_dist: 0.0000, Entropy: 2.3958
[2026-09-03 23:00:14] utils.py(229) : Diversity Loss: 10.0536, Constructive RL loss: 356.7820
[2026-09-03 23:00:15] utils.py(229) : Rank 0 >> Epoch 1: Train (10%)
[2026-09-03 23:00:15] utils.py(229) : [Construction] Score: 27.2917,  Loss: 360.3002,  Infeasible_rate: [100.0000%, 100.0000%], out: 115.6939, out_nodes: 25, Feasible_dist: 0.0000
[2026-09-03 23:00:15] utils.py(229) : [Improvement] Score: 159.5490 [BSF: 159.3284],  Loss: 20.3018,  Infeasible_rate: [100.0000%, 100.0000%], out: 175.2350, out_nodes: 57, Feasible_dist: 0.0000, Entropy: 2.3984
[2026-09-03 23:00:15] utils.py(229) : Diversity Loss: 10.0570, Constructive RL loss: 360.4007
[2026-09-03 23:00:17] utils.py(229) : Rank 0 >> Epoch 1: Train (15%)
[2026-09-03 23:00:17] utils.py(229) : [Construction] Score: 27.3141,  Loss: 358.3564,  Infeasible_rate: [100.0000%, 100.0000%], out: 115.5422, out_nodes: 26, Feasible_dist: 0.0000
[2026-09-03 23:00:17] utils.py(229) : [Improvement] Score: 159.2042 [BSF: 158.9925],  Loss: 20.2182,  Infeasible_rate: [100.0000%, 100.0000%], out: 174.5546, out_nodes: 57, Feasible_dist: 0.0000, Entropy: 2.3982
[2026-09-03 23:00:17] utils.py(229) : Diversity Loss: 10.0520, Constructive RL loss: 358.4570
[2026-09-03 23:00:18] utils.py(229) : Rank 0 >> Epoch 1: Train (15%)
[2026-09-03 23:00:18] utils.py(229) : [Construction] Score: 27.3527,  Loss: 363.2389,  Infeasible_rate: [100.0000%, 100.0000%], out: 115.1965, out_nodes: 26, Feasible_dist: 0.0000
[2026-09-03 23:00:18] utils.py(229) : [Improvement] Score: 159.1302 [BSF: 158.9267],  Loss: 20.1402,  Infeasible_rate: [100.0000%, 100.0000%], out: 174.3112, out_nodes: 57, Feasible_dist: 0.0000, Entropy: 2.3981
[2026-09-03 23:00:18] utils.py(229) : Diversity Loss: 10.0518, Constructive RL loss: 363.3395
[2026-09-03 23:00:19] utils.py(229) : Rank 0 >> Epoch 1: Train (15%)
[2026-09-03 23:00:19] utils.py(229) : [Construction] Score: 27.3263,  Loss: 362.9604,  Infeasible_rate: [100.0000%, 100.0000%], out: 115.3120, out_nodes: 26, Feasible_dist: 0.0000
[2026-09-03 23:00:19] utils.py(229) : [Improvement] Score: 158.8928 [BSF: 158.6967],  Loss: 20.0348,  Infeasible_rate: [100.0000%, 100.0000%], out: 174.1217, out_nodes: 57, Feasible_dist: 0.0000, Entropy: 2.3986
[2026-09-03 23:00:19] utils.py(229) : Diversity Loss: 10.0555, Constructive RL loss: 363.0609
[2026-09-03 23:00:21] utils.py(229) : Rank 0 >> Epoch 1: Train (15%)
[2026-09-03 23:00:21] utils.py(229) : [Construction] Score: 27.3452,  Loss: 360.6453,  Infeasible_rate: [100.0000%, 100.0000%], out: 115.5702, out_nodes: 26, Feasible_dist: 0.0000
[2026-09-03 23:00:21] utils.py(229) : [Improvement] Score: 158.5430 [BSF: 158.3540],  Loss: 20.3639,  Infeasible_rate: [100.0000%, 100.0000%], out: 173.6625, out_nodes: 57, Feasible_dist: 0.0000, Entropy: 2.4024
[2026-09-03 23:00:21] utils.py(229) : Diversity Loss: 10.0552, Constructive RL loss: 360.7459
[2026-09-03 23:00:22] utils.py(229) : Rank 0 >> Epoch 1: Train (15%)
[2026-09-03 23:00:22] utils.py(229) : [Construction] Score: 27.3372,  Loss: 360.9887,  Infeasible_rate: [100.0000%, 100.0000%], out: 115.4729, out_nodes: 25, Feasible_dist: 0.0000
[2026-09-03 23:00:22] utils.py(229) : [Improvement] Score: 158.6694 [BSF: 158.4869],  Loss: 20.6883,  Infeasible_rate: [100.0000%, 100.0000%], out: 174.1977, out_nodes: 57, Feasible_dist: 0.0000, Entropy: 2.4005
[2026-09-03 23:00:22] utils.py(229) : Diversity Loss: 10.0534, Constructive RL loss: 361.0892
[2026-09-03 23:00:24] utils.py(229) : Rank 0 >> Epoch 1: Train (15%)
[2026-09-03 23:00:24] utils.py(229) : [Construction] Score: 27.3316,  Loss: 360.1225,  Infeasible_rate: [100.0000%, 100.0000%], out: 115.3709, out_nodes: 25, Feasible_dist: 0.0000
[2026-09-03 23:00:24] utils.py(229) : [Improvement] Score: 158.7767 [BSF: 158.5963],  Loss: 20.6570,  Infeasible_rate: [100.0000%, 100.0000%], out: 174.3465, out_nodes: 57, Feasible_dist: 0.0000, Entropy: 2.4002
[2026-09-03 23:00:24] utils.py(229) : Diversity Loss: 10.0526, Constructive RL loss: 360.2230
[2026-09-03 23:00:25] utils.py(229) : Rank 0 >> Epoch 1: Train (15%)
[2026-09-03 23:00:25] utils.py(229) : [Construction] Score: 27.3201,  Loss: 358.4305,  Infeasible_rate: [100.0000%, 100.0000%], out: 115.5330, out_nodes: 26, Feasible_dist: 0.0000
[2026-09-03 23:00:25] utils.py(229) : [Improvement] Score: 158.5804 [BSF: 158.4058],  Loss: 20.6243,  Infeasible_rate: [100.0000%, 100.0000%], out: 173.8428, out_nodes: 57, Feasible_dist: 0.0000, Entropy: 2.3960
[2026-09-03 23:00:25] utils.py(229) : Diversity Loss: 10.0513, Constructive RL loss: 358.5310
[2026-09-03 23:00:27] utils.py(229) : Rank 0 >> Epoch 1: Train (15%)
[2026-09-03 23:00:27] utils.py(229) : [Construction] Score: 27.3213,  Loss: 357.8283,  Infeasible_rate: [100.0000%, 100.0000%], out: 115.1654, out_nodes: 25, Feasible_dist: 0.0000
[2026-09-03 23:00:27] utils.py(229) : [Improvement] Score: 158.2912 [BSF: 158.1114],  Loss: 20.6555,  Infeasible_rate: [100.0000%, 100.0000%], out: 173.5109, out_nodes: 57, Feasible_dist: 0.0000, Entropy: 2.3978
[2026-09-03 23:00:27] utils.py(229) : Diversity Loss: 10.0498, Constructive RL loss: 357.9288
[2026-09-03 23:00:28] utils.py(229) : Rank 0 >> Epoch 1: Train (20%)
[2026-09-03 23:00:28] utils.py(229) : [Construction] Score: 27.3258,  Loss: 357.5594,  Infeasible_rate: [100.0000%, 100.0000%], out: 115.1654, out_nodes: 25, Feasible_dist: 0.0000
[2026-09-03 23:00:28] utils.py(229) : [Improvement] Score: 158.3418 [BSF: 158.1674],  Loss: 20.6303,  Infeasible_rate: [100.0000%, 100.0000%], out: 173.9502, out_nodes: 57, Feasible_dist: 0.0000, Entropy: 2.3966
[2026-09-03 23:00:28] utils.py(229) : Diversity Loss: 10.0492, Constructive RL loss: 357.6599
[2026-09-03 23:00:29] utils.py(229) : Rank 0 >> Epoch 1: Train (20%)
[2026-09-03 23:00:29] utils.py(229) : [Construction] Score: 27.3381,  Loss: 358.6034,  Infeasible_rate: [100.0000%, 100.0000%], out: 115.1647, out_nodes: 25, Feasible_dist: 0.0000
[2026-09-03 23:00:29] utils.py(229) : [Improvement] Score: 158.4921 [BSF: 158.3229],  Loss: 20.8438,  Infeasible_rate: [100.0000%, 100.0000%], out: 174.1000, out_nodes: 57, Feasible_dist: 0.0000, Entropy: 2.3964
[2026-09-03 23:00:29] utils.py(229) : Diversity Loss: 10.0460, Constructive RL loss: 358.7039
[2026-09-03 23:00:31] utils.py(229) : Rank 0 >> Epoch 1: Train (20%)
[2026-09-03 23:00:31] utils.py(229) : [Construction] Score: 27.3261,  Loss: 359.3507,  Infeasible_rate: [100.0000%, 100.0000%], out: 115.0201, out_nodes: 25, Feasible_dist: 0.0000
[2026-09-03 23:00:31] utils.py(229) : [Improvement] Score: 158.0825 [BSF: 157.9043],  Loss: 20.9164,  Infeasible_rate: [100.0000%, 100.0000%], out: 173.6211, out_nodes: 57, Feasible_dist: 0.0000, Entropy: 2.3947
[2026-09-03 23:00:31] utils.py(229) : Diversity Loss: 10.0454, Constructive RL loss: 359.4511
[2026-09-03 23:00:32] utils.py(229) : Rank 0 >> Epoch 1: Train (20%)
[2026-09-03 23:00:32] utils.py(229) : [Construction] Score: 27.3403,  Loss: 357.0290,  Infeasible_rate: [100.0000%, 100.0000%], out: 114.4146, out_nodes: 25, Feasible_dist: 0.0000
[2026-09-03 23:00:32] utils.py(229) : [Improvement] Score: 158.0029 [BSF: 157.7526],  Loss: 20.8149,  Infeasible_rate: [100.0000%, 100.0000%], out: 173.2300, out_nodes: 57, Feasible_dist: 0.0000, Entropy: 2.3937
[2026-09-03 23:00:32] utils.py(229) : Diversity Loss: 10.0445, Constructive RL loss: 357.1294
[2026-09-03 23:00:34] utils.py(229) : Rank 0 >> Epoch 1: Train (20%)
[2026-09-03 23:00:34] utils.py(229) : [Construction] Score: 27.3157,  Loss: 354.1614,  Infeasible_rate: [100.0000%, 100.0000%], out: 114.8651, out_nodes: 25, Feasible_dist: 0.0000
[2026-09-03 23:00:34] utils.py(229) : [Improvement] Score: 158.2709 [BSF: 158.0274],  Loss: 20.8569,  Infeasible_rate: [100.0000%, 100.0000%], out: 173.2101, out_nodes: 57, Feasible_dist: 0.0000, Entropy: 2.3934
[2026-09-03 23:00:34] utils.py(229) : Diversity Loss: 10.0438, Constructive RL loss: 354.2618
[2026-09-03 23:00:35] utils.py(229) : Rank 0 >> Epoch 1: Train (20%)
[2026-09-03 23:00:35] utils.py(229) : [Construction] Score: 27.3256,  Loss: 352.6050,  Infeasible_rate: [100.0000%, 100.0000%], out: 114.7770, out_nodes: 25, Feasible_dist: 0.0000
[2026-09-03 23:00:35] utils.py(229) : [Improvement] Score: 158.0393 [BSF: 157.8022],  Loss: 20.8194,  Infeasible_rate: [100.0000%, 100.0000%], out: 172.9252, out_nodes: 57, Feasible_dist: 0.0000, Entropy: 2.3937
[2026-09-03 23:00:35] utils.py(229) : Diversity Loss: 10.0435, Constructive RL loss: 352.7054
[2026-09-03 23:00:37] utils.py(229) : Rank 0 >> Epoch 1: Train (20%)
[2026-09-03 23:00:37] utils.py(229) : [Construction] Score: 27.3329,  Loss: 350.7878,  Infeasible_rate: [100.0000%, 100.0000%], out: 115.2925, out_nodes: 25, Feasible_dist: 0.0000
[2026-09-03 23:00:37] utils.py(229) : [Improvement] Score: 158.6674 [BSF: 158.4364],  Loss: 20.9342,  Infeasible_rate: [100.0000%, 100.0000%], out: 173.5432, out_nodes: 57, Feasible_dist: 0.0000, Entropy: 2.3942
[2026-09-03 23:00:37] utils.py(229) : Diversity Loss: 10.0422, Constructive RL loss: 350.8882
[2026-09-03 23:00:38] utils.py(229) : Rank 0 >> Epoch 1: Train (20%)
[2026-09-03 23:00:38] utils.py(229) : [Construction] Score: 27.3170,  Loss: 351.5875,  Infeasible_rate: [100.0000%, 100.0000%], out: 115.4539, out_nodes: 25, Feasible_dist: 0.0000
[2026-09-03 23:00:38] utils.py(229) : [Improvement] Score: 158.5809 [BSF: 158.3557],  Loss: 21.0516,  Infeasible_rate: [100.0000%, 100.0000%], out: 173.8323, out_nodes: 57, Feasible_dist: 0.0000, Entropy: 2.3942
[2026-09-03 23:00:38] utils.py(229) : Diversity Loss: 10.0449, Constructive RL loss: 351.6880
[2026-09-03 23:00:39] utils.py(229) : Rank 0 >> Epoch 1: Train (25%)
[2026-09-03 23:00:39] utils.py(229) : [Construction] Score: 27.3231,  Loss: 352.7110,  Infeasible_rate: [100.0000%, 100.0000%], out: 115.5431, out_nodes: 25, Feasible_dist: 0.0000
[2026-09-03 23:00:39] utils.py(229) : [Improvement] Score: 158.5370 [BSF: 158.3173],  Loss: 21.0557,  Infeasible_rate: [100.0000%, 100.0000%], out: 173.9530, out_nodes: 57, Feasible_dist: 0.0000, Entropy: 2.3934
[2026-09-03 23:00:39] utils.py(229) : Diversity Loss: 10.0486, Constructive RL loss: 352.8115
[2026-09-03 23:00:41] utils.py(229) : Rank 0 >> Epoch 1: Train (25%)
[2026-09-03 23:00:41] utils.py(229) : [Construction] Score: 27.3410,  Loss: 351.9005,  Infeasible_rate: [100.0000%, 100.0000%], out: 115.4075, out_nodes: 25, Feasible_dist: 0.0000
[2026-09-03 23:00:41] utils.py(229) : [Improvement] Score: 158.5823 [BSF: 158.3678],  Loss: 21.1434,  Infeasible_rate: [100.0000%, 100.0000%], out: 173.9196, out_nodes: 57, Feasible_dist: 0.0000, Entropy: 2.3927
[2026-09-03 23:00:41] utils.py(229) : Diversity Loss: 10.0493, Constructive RL loss: 352.0010
[2026-09-03 23:00:42] utils.py(229) : Rank 0 >> Epoch 1: Train (25%)
[2026-09-03 23:00:42] utils.py(229) : [Construction] Score: 27.3198,  Loss: 354.1971,  Infeasible_rate: [100.0000%, 100.0000%], out: 115.2024, out_nodes: 25, Feasible_dist: 0.0000
[2026-09-03 23:00:42] utils.py(229) : [Improvement] Score: 158.5097 [BSF: 158.2631],  Loss: 21.1021,  Infeasible_rate: [100.0000%, 100.0000%], out: 173.9214, out_nodes: 57, Feasible_dist: 0.0000, Entropy: 2.3920
[2026-09-03 23:00:42] utils.py(229) : Diversity Loss: 10.0514, Constructive RL loss: 354.2976
[2026-09-03 23:00:44] utils.py(229) : Rank 0 >> Epoch 1: Train (25%)
[2026-09-03 23:00:44] utils.py(229) : [Construction] Score: 27.3027,  Loss: 354.1482,  Infeasible_rate: [100.0000%, 100.0000%], out: 115.3353, out_nodes: 25, Feasible_dist: 0.0000
[2026-09-03 23:00:44] utils.py(229) : [Improvement] Score: 158.2482 [BSF: 158.0073],  Loss: 21.1140,  Infeasible_rate: [100.0000%, 100.0000%], out: 174.2772, out_nodes: 57, Feasible_dist: 0.0000, Entropy: 2.3932
[2026-09-03 23:00:44] utils.py(229) : Diversity Loss: 10.0506, Constructive RL loss: 354.2487
[2026-09-03 23:00:45] utils.py(229) : Rank 0 >> Epoch 1: Train (25%)
[2026-09-03 23:00:45] utils.py(229) : [Construction] Score: 27.2970,  Loss: 356.3758,  Infeasible_rate: [100.0000%, 100.0000%], out: 115.3259, out_nodes: 25, Feasible_dist: 0.0000
[2026-09-03 23:00:45] utils.py(229) : [Improvement] Score: 158.1030 [BSF: 157.8675],  Loss: 21.1169,  Infeasible_rate: [100.0000%, 100.0000%], out: 174.4441, out_nodes: 57, Feasible_dist: 0.0000, Entropy: 2.3921
[2026-09-03 23:00:45] utils.py(229) : Diversity Loss: 10.0511, Constructive RL loss: 356.4763
[2026-09-03 23:00:46] utils.py(229) : Rank 0 >> Epoch 1: Train (25%)
[2026-09-03 23:00:46] utils.py(229) : [Construction] Score: 27.3085,  Loss: 357.8812,  Infeasible_rate: [100.0000%, 100.0000%], out: 114.9848, out_nodes: 25, Feasible_dist: 0.0000
[2026-09-03 23:00:46] utils.py(229) : [Improvement] Score: 158.0550 [BSF: 157.8133],  Loss: 21.1212,  Infeasible_rate: [100.0000%, 100.0000%], out: 174.4412, out_nodes: 57, Feasible_dist: 0.0000, Entropy: 2.3941
[2026-09-03 23:00:46] utils.py(229) : Diversity Loss: 10.0528, Constructive RL loss: 357.9817
[2026-09-03 23:00:48] utils.py(229) : Rank 0 >> Epoch 1: Train (25%)
[2026-09-03 23:00:48] utils.py(229) : [Construction] Score: 27.2910,  Loss: 357.9312,  Infeasible_rate: [100.0000%, 100.0000%], out: 115.0448, out_nodes: 25, Feasible_dist: 0.0000
[2026-09-03 23:00:48] utils.py(229) : [Improvement] Score: 157.9789 [BSF: 157.7423],  Loss: 21.2329,  Infeasible_rate: [100.0000%, 100.0000%], out: 174.3954, out_nodes: 57, Feasible_dist: 0.0000, Entropy: 2.3954
[2026-09-03 23:00:48] utils.py(229) : Diversity Loss: 10.0537, Constructive RL loss: 358.0317
[2026-09-03 23:00:49] utils.py(229) : Rank 0 >> Epoch 1: Train (25%)
[2026-09-03 23:00:49] utils.py(229) : [Construction] Score: 27.3221,  Loss: 357.5681,  Infeasible_rate: [100.0000%, 100.0000%], out: 115.2921, out_nodes: 25, Feasible_dist: 0.0000
[2026-09-03 23:00:49] utils.py(229) : [Improvement] Score: 158.2830 [BSF: 158.0514],  Loss: 21.2365,  Infeasible_rate: [100.0000%, 100.0000%], out: 174.6043, out_nodes: 57, Feasible_dist: 0.0000, Entropy: 2.3945
[2026-09-03 23:00:49] utils.py(229) : Diversity Loss: 10.0526, Constructive RL loss: 357.6686
[2026-09-03 23:00:51] utils.py(229) : Rank 0 >> Epoch 1: Train (30%)
[2026-09-03 23:00:51] utils.py(229) : [Construction] Score: 27.3168,  Loss: 359.6579,  Infeasible_rate: [100.0000%, 100.0000%], out: 114.9669, out_nodes: 25, Feasible_dist: 0.0000
[2026-09-03 23:00:51] utils.py(229) : [Improvement] Score: 158.3816 [BSF: 158.1521],  Loss: 21.2457,  Infeasible_rate: [100.0000%, 100.0000%], out: 174.5968, out_nodes: 57, Feasible_dist: 0.0000, Entropy: 2.3956
[2026-09-03 23:00:51] utils.py(229) : Diversity Loss: 10.0528, Constructive RL loss: 359.7585
[2026-09-03 23:00:52] utils.py(229) : Rank 0 >> Epoch 1: Train (30%)
[2026-09-03 23:00:52] utils.py(229) : [Construction] Score: 27.3284,  Loss: 359.8593,  Infeasible_rate: [100.0000%, 100.0000%], out: 114.7908, out_nodes: 25, Feasible_dist: 0.0000
[2026-09-03 23:00:52] utils.py(229) : [Improvement] Score: 158.3678 [BSF: 158.1355],  Loss: 21.2020,  Infeasible_rate: [100.0000%, 100.0000%], out: 174.6359, out_nodes: 57, Feasible_dist: 0.0000, Entropy: 2.3949
[2026-09-03 23:00:52] utils.py(229) : Diversity Loss: 10.0519, Constructive RL loss: 359.9599
[2026-09-03 23:00:54] utils.py(229) : Rank 0 >> Epoch 1: Train (30%)
[2026-09-03 23:00:54] utils.py(229) : [Construction] Score: 27.3448,  Loss: 360.2430,  Infeasible_rate: [100.0000%, 100.0000%], out: 115.0284, out_nodes: 25, Feasible_dist: 0.0000
[2026-09-03 23:00:54] utils.py(229) : [Improvement] Score: 158.5646 [BSF: 158.3369],  Loss: 21.2777,  Infeasible_rate: [100.0000%, 100.0000%], out: 174.8596, out_nodes: 57, Feasible_dist: 0.0000, Entropy: 2.3954
[2026-09-03 23:00:54] utils.py(229) : Diversity Loss: 10.0519, Constructive RL loss: 360.3435
[2026-09-03 23:00:55] utils.py(229) : Rank 0 >> Epoch 1: Train (30%)
[2026-09-03 23:00:55] utils.py(229) : [Construction] Score: 27.3368,  Loss: 360.4630,  Infeasible_rate: [100.0000%, 100.0000%], out: 115.0081, out_nodes: 25, Feasible_dist: 0.0000
[2026-09-03 23:00:55] utils.py(229) : [Improvement] Score: 158.2740 [BSF: 158.0506],  Loss: 21.3848,  Infeasible_rate: [100.0000%, 100.0000%], out: 174.7056, out_nodes: 57, Feasible_dist: 0.0000, Entropy: 2.3972
[2026-09-03 23:00:55] utils.py(229) : Diversity Loss: 10.0542, Constructive RL loss: 360.5635
[2026-09-03 23:00:57] utils.py(229) : Rank 0 >> Epoch 1: Train (30%)
[2026-09-03 23:00:57] utils.py(229) : [Construction] Score: 27.3454,  Loss: 359.1005,  Infeasible_rate: [100.0000%, 100.0000%], out: 115.3775, out_nodes: 25, Feasible_dist: 0.0000
[2026-09-03 23:00:57] utils.py(229) : [Improvement] Score: 158.3622 [BSF: 158.1431],  Loss: 21.4292,  Infeasible_rate: [100.0000%, 100.0000%], out: 175.0720, out_nodes: 57, Feasible_dist: 0.0000, Entropy: 2.3977
[2026-09-03 23:00:57] utils.py(229) : Diversity Loss: 10.0547, Constructive RL loss: 359.2011
[2026-09-03 23:00:58] utils.py(229) : Rank 0 >> Epoch 1: Train (30%)
[2026-09-03 23:00:58] utils.py(229) : [Construction] Score: 27.3539,  Loss: 357.8746,  Infeasible_rate: [100.0000%, 100.0000%], out: 115.4706, out_nodes: 25, Feasible_dist: 0.0000
[2026-09-03 23:00:58] utils.py(229) : [Improvement] Score: 158.3533 [BSF: 158.1382],  Loss: 21.5380,  Infeasible_rate: [100.0000%, 100.0000%], out: 174.9183, out_nodes: 57, Feasible_dist: 0.0000, Entropy: 2.3980
[2026-09-03 23:00:58] utils.py(229) : Diversity Loss: 10.0526, Constructive RL loss: 357.9751
[2026-09-03 23:00:59] utils.py(229) : Rank 0 >> Epoch 1: Train (30%)
[2026-09-03 23:00:59] utils.py(229) : [Construction] Score: 27.3579,  Loss: 358.0641,  Infeasible_rate: [100.0000%, 100.0000%], out: 115.4258, out_nodes: 25, Feasible_dist: 0.0000
[2026-09-03 23:00:59] utils.py(229) : [Improvement] Score: 158.2125 [BSF: 157.9969],  Loss: 21.4627,  Infeasible_rate: [100.0000%, 100.0000%], out: 174.8739, out_nodes: 57, Feasible_dist: 0.0000, Entropy: 2.3975
[2026-09-03 23:00:59] utils.py(229) : Diversity Loss: 10.0527, Constructive RL loss: 358.1646
[2026-09-03 23:01:01] utils.py(229) : Rank 0 >> Epoch 1: Train (30%)
[2026-09-03 23:01:01] utils.py(229) : [Construction] Score: 27.3657,  Loss: 359.4744,  Infeasible_rate: [100.0000%, 100.0000%], out: 115.1795, out_nodes: 25, Feasible_dist: 0.0000
[2026-09-03 23:01:01] utils.py(229) : [Improvement] Score: 158.2702 [BSF: 158.0584],  Loss: 21.4222,  Infeasible_rate: [100.0000%, 100.0000%], out: 174.6812, out_nodes: 57, Feasible_dist: 0.0000, Entropy: 2.3973
[2026-09-03 23:01:01] utils.py(229) : Diversity Loss: 10.0523, Constructive RL loss: 359.5749
[2026-09-03 23:01:02] utils.py(229) : Rank 0 >> Epoch 1: Train (35%)
[2026-09-03 23:01:02] utils.py(229) : [Construction] Score: 27.3594,  Loss: 358.0790,  Infeasible_rate: [100.0000%, 100.0000%], out: 115.1469, out_nodes: 25, Feasible_dist: 0.0000
[2026-09-03 23:01:02] utils.py(229) : [Improvement] Score: 158.5144 [BSF: 158.2786],  Loss: 21.4949,  Infeasible_rate: [100.0000%, 100.0000%], out: 174.7310, out_nodes: 57, Feasible_dist: 0.0000, Entropy: 2.3969
[2026-09-03 23:01:02] utils.py(229) : Diversity Loss: 10.0527, Constructive RL loss: 358.1795
[2026-09-03 23:01:04] utils.py(229) : Rank 0 >> Epoch 1: Train (35%)
[2026-09-03 23:01:04] utils.py(229) : [Construction] Score: 27.3515,  Loss: 359.2391,  Infeasible_rate: [100.0000%, 100.0000%], out: 115.3079, out_nodes: 25, Feasible_dist: 0.0000
[2026-09-03 23:01:04] utils.py(229) : [Improvement] Score: 158.4740 [BSF: 158.2422],  Loss: 21.5542,  Infeasible_rate: [100.0000%, 100.0000%], out: 174.7604, out_nodes: 57, Feasible_dist: 0.0000, Entropy: 2.3963
[2026-09-03 23:01:04] utils.py(229) : Diversity Loss: 10.0538, Constructive RL loss: 359.3396
[2026-09-03 23:01:05] utils.py(229) : Rank 0 >> Epoch 1: Train (35%)
[2026-09-03 23:01:05] utils.py(229) : [Construction] Score: 27.3470,  Loss: 358.5567,  Infeasible_rate: [100.0000%, 100.0000%], out: 115.2788, out_nodes: 25, Feasible_dist: 0.0000
[2026-09-03 23:01:05] utils.py(229) : [Improvement] Score: 158.5242 [BSF: 158.2921],  Loss: 21.5433,  Infeasible_rate: [100.0000%, 100.0000%], out: 174.7752, out_nodes: 57, Feasible_dist: 0.0000, Entropy: 2.3975
[2026-09-03 23:01:05] utils.py(229) : Diversity Loss: 10.0547, Constructive RL loss: 358.6573
[2026-09-03 23:01:06] utils.py(229) : Rank 0 >> Epoch 1: Train (35%)
[2026-09-03 23:01:06] utils.py(229) : [Construction] Score: 27.3356,  Loss: 358.7085,  Infeasible_rate: [100.0000%, 100.0000%], out: 115.4168, out_nodes: 25, Feasible_dist: 0.0000
[2026-09-03 23:01:06] utils.py(229) : [Improvement] Score: 158.5843 [BSF: 158.3561],  Loss: 21.5388,  Infeasible_rate: [100.0000%, 100.0000%], out: 174.7097, out_nodes: 57, Feasible_dist: 0.0000, Entropy: 2.3982
[2026-09-03 23:01:06] utils.py(229) : Diversity Loss: 10.0552, Constructive RL loss: 358.8091
[2026-09-03 23:01:08] utils.py(229) : Rank 0 >> Epoch 1: Train (35%)
[2026-09-03 23:01:08] utils.py(229) : [Construction] Score: 27.3269,  Loss: 359.5803,  Infeasible_rate: [100.0000%, 100.0000%], out: 115.3654, out_nodes: 25, Feasible_dist: 0.0000
[2026-09-03 23:01:08] utils.py(229) : [Improvement] Score: 158.5982 [BSF: 158.3683],  Loss: 21.5707,  Infeasible_rate: [100.0000%, 100.0000%], out: 174.8683, out_nodes: 57, Feasible_dist: 0.0000, Entropy: 2.3966
[2026-09-03 23:01:08] utils.py(229) : Diversity Loss: 10.0563, Constructive RL loss: 359.6809
[2026-09-03 23:01:09] utils.py(229) : Rank 0 >> Epoch 1: Train (35%)
[2026-09-03 23:01:09] utils.py(229) : [Construction] Score: 27.3078,  Loss: 358.9202,  Infeasible_rate: [100.0000%, 100.0000%], out: 115.2096, out_nodes: 25, Feasible_dist: 0.0000
[2026-09-03 23:01:09] utils.py(229) : [Improvement] Score: 158.5994 [BSF: 158.3732],  Loss: 21.4621,  Infeasible_rate: [100.0000%, 100.0000%], out: 174.7313, out_nodes: 57, Feasible_dist: 0.0000, Entropy: 2.3956
[2026-09-03 23:01:09] utils.py(229) : Diversity Loss: 10.0556, Constructive RL loss: 359.0208
[2026-09-03 23:01:11] utils.py(229) : Rank 0 >> Epoch 1: Train (35%)
[2026-09-03 23:01:11] utils.py(229) : [Construction] Score: 27.3159,  Loss: 358.6459,  Infeasible_rate: [100.0000%, 100.0000%], out: 115.1946, out_nodes: 25, Feasible_dist: 0.0000
[2026-09-03 23:01:11] utils.py(229) : [Improvement] Score: 158.4838 [BSF: 158.2422],  Loss: 21.4690,  Infeasible_rate: [100.0000%, 100.0000%], out: 174.6284, out_nodes: 57, Feasible_dist: 0.0000, Entropy: 2.3943
[2026-09-03 23:01:11] utils.py(229) : Diversity Loss: 10.0550, Constructive RL loss: 358.7464
[2026-09-03 23:01:12] utils.py(229) : Rank 0 >> Epoch 1: Train (35%)
[2026-09-03 23:01:12] utils.py(229) : [Construction] Score: 27.2925,  Loss: 359.3598,  Infeasible_rate: [100.0000%, 100.0000%], out: 115.2180, out_nodes: 25, Feasible_dist: 0.0000
[2026-09-03 23:01:12] utils.py(229) : [Improvement] Score: 158.5782 [BSF: 158.3405],  Loss: 21.5346,  Infeasible_rate: [100.0000%, 100.0000%], out: 174.5580, out_nodes: 57, Feasible_dist: 0.0000, Entropy: 2.3942
[2026-09-03 23:01:12] utils.py(229) : Diversity Loss: 10.0559, Constructive RL loss: 359.4604
[2026-09-03 23:01:13] utils.py(229) : Rank 0 >> Epoch 1: Train (40%)
[2026-09-03 23:01:13] utils.py(229) : [Construction] Score: 27.2833,  Loss: 357.2078,  Infeasible_rate: [100.0000%, 100.0000%], out: 115.1194, out_nodes: 25, Feasible_dist: 0.0000
[2026-09-03 23:01:13] utils.py(229) : [Improvement] Score: 158.5686 [BSF: 158.3344],  Loss: 21.4458,  Infeasible_rate: [100.0000%, 100.0000%], out: 174.5411, out_nodes: 57, Feasible_dist: 0.0000, Entropy: 2.3940
[2026-09-03 23:01:13] utils.py(229) : Diversity Loss: 10.0546, Constructive RL loss: 357.3084
[2026-09-03 23:01:15] utils.py(229) : Rank 0 >> Epoch 1: Train (40%)
[2026-09-03 23:01:15] utils.py(229) : [Construction] Score: 27.2871,  Loss: 358.2644,  Infeasible_rate: [100.0000%, 100.0000%], out: 115.1282, out_nodes: 25, Feasible_dist: 0.0000
[2026-09-03 23:01:15] utils.py(229) : [Improvement] Score: 158.6274 [BSF: 158.3968],  Loss: 21.4266,  Infeasible_rate: [100.0000%, 100.0000%], out: 174.6444, out_nodes: 57, Feasible_dist: 0.0000, Entropy: 2.3942
[2026-09-03 23:01:15] utils.py(229) : Diversity Loss: 10.0552, Constructive RL loss: 358.3649
[2026-09-03 23:01:16] utils.py(229) : Rank 0 >> Epoch 1: Train (40%)
[2026-09-03 23:01:16] utils.py(229) : [Construction] Score: 27.2883,  Loss: 358.7041,  Infeasible_rate: [100.0000%, 100.0000%], out: 115.2050, out_nodes: 25, Feasible_dist: 0.0000
[2026-09-03 23:01:16] utils.py(229) : [Improvement] Score: 158.6054 [BSF: 158.3782],  Loss: 21.4088,  Infeasible_rate: [100.0000%, 100.0000%], out: 174.5389, out_nodes: 57, Feasible_dist: 0.0000, Entropy: 2.3955
[2026-09-03 23:01:16] utils.py(229) : Diversity Loss: 10.0547, Constructive RL loss: 358.8046
[2026-09-03 23:01:18] utils.py(229) : Rank 0 >> Epoch 1: Train (40%)
[2026-09-03 23:01:18] utils.py(229) : [Construction] Score: 27.2876,  Loss: 356.9921,  Infeasible_rate: [100.0000%, 100.0000%], out: 115.1535, out_nodes: 25, Feasible_dist: 0.0000
[2026-09-03 23:01:18] utils.py(229) : [Improvement] Score: 158.5296 [BSF: 158.3005],  Loss: 21.3575,  Infeasible_rate: [100.0000%, 100.0000%], out: 174.5163, out_nodes: 57, Feasible_dist: 0.0000, Entropy: 2.3953
[2026-09-03 23:01:18] utils.py(229) : Diversity Loss: 10.0536, Constructive RL loss: 357.0927
[2026-09-03 23:01:19] utils.py(229) : Rank 0 >> Epoch 1: Train (40%)
[2026-09-03 23:01:19] utils.py(229) : [Construction] Score: 27.2915,  Loss: 356.7969,  Infeasible_rate: [100.0000%, 100.0000%], out: 115.0474, out_nodes: 25, Feasible_dist: 0.0000
[2026-09-03 23:01:19] utils.py(229) : [Improvement] Score: 158.4911 [BSF: 158.2635],  Loss: 21.2908,  Infeasible_rate: [100.0000%, 100.0000%], out: 174.5990, out_nodes: 57, Feasible_dist: 0.0000, Entropy: 2.3948
[2026-09-03 23:01:19] utils.py(229) : Diversity Loss: 10.0536, Constructive RL loss: 356.8975
[2026-09-03 23:01:20] utils.py(229) : Rank 0 >> Epoch 1: Train (40%)
[2026-09-03 23:01:20] utils.py(229) : [Construction] Score: 27.2888,  Loss: 356.4135,  Infeasible_rate: [100.0000%, 100.0000%], out: 115.2381, out_nodes: 25, Feasible_dist: 0.0000
[2026-09-03 23:01:20] utils.py(229) : [Improvement] Score: 158.6754 [BSF: 158.4401],  Loss: 21.3197,  Infeasible_rate: [100.0000%, 100.0000%], out: 174.6960, out_nodes: 57, Feasible_dist: 0.0000, Entropy: 2.3945
[2026-09-03 23:01:20] utils.py(229) : Diversity Loss: 10.0536, Constructive RL loss: 356.5140
[2026-09-03 23:01:22] utils.py(229) : Rank 0 >> Epoch 1: Train (40%)
[2026-09-03 23:01:22] utils.py(229) : [Construction] Score: 27.2989,  Loss: 358.2392,  Infeasible_rate: [100.0000%, 100.0000%], out: 115.5030, out_nodes: 25, Feasible_dist: 0.0000
[2026-09-03 23:01:22] utils.py(229) : [Improvement] Score: 158.6141 [BSF: 158.3822],  Loss: 21.2859,  Infeasible_rate: [100.0000%, 100.0000%], out: 174.7672, out_nodes: 57, Feasible_dist: 0.0000, Entropy: 2.3951
[2026-09-03 23:01:22] utils.py(229) : Diversity Loss: 10.0544, Constructive RL loss: 358.3397
[2026-09-03 23:01:23] utils.py(229) : Rank 0 >> Epoch 1: Train (40%)
[2026-09-03 23:01:23] utils.py(229) : [Construction] Score: 27.2972,  Loss: 358.2305,  Infeasible_rate: [100.0000%, 100.0000%], out: 115.2891, out_nodes: 25, Feasible_dist: 0.0000
[2026-09-03 23:01:23] utils.py(229) : [Improvement] Score: 158.7182 [BSF: 158.4398],  Loss: 21.2786,  Infeasible_rate: [100.0000%, 100.0000%], out: 174.6235, out_nodes: 57, Feasible_dist: 0.0000, Entropy: 2.3958
[2026-09-03 23:01:23] utils.py(229) : Diversity Loss: 10.0538, Constructive RL loss: 358.3311
[2026-09-03 23:01:25] utils.py(229) : Rank 0 >> Epoch 1: Train (45%)
[2026-09-03 23:01:25] utils.py(229) : [Construction] Score: 27.2950,  Loss: 357.0347,  Infeasible_rate: [100.0000%, 100.0000%], out: 115.3007, out_nodes: 25, Feasible_dist: 0.0000
[2026-09-03 23:01:25] utils.py(229) : [Improvement] Score: 158.6102 [BSF: 158.3356],  Loss: 21.2905,  Infeasible_rate: [100.0000%, 100.0000%], out: 174.4014, out_nodes: 57, Feasible_dist: 0.0000, Entropy: 2.3963
[2026-09-03 23:01:25] utils.py(229) : Diversity Loss: 10.0521, Constructive RL loss: 357.1352
[2026-09-03 23:01:26] utils.py(229) : Rank 0 >> Epoch 1: Train (45%)
[2026-09-03 23:01:26] utils.py(229) : [Construction] Score: 27.2747,  Loss: 357.2824,  Infeasible_rate: [100.0000%, 100.0000%], out: 115.0084, out_nodes: 25, Feasible_dist: 0.0000
[2026-09-03 23:01:26] utils.py(229) : [Improvement] Score: 158.4249 [BSF: 158.1450],  Loss: 21.2707,  Infeasible_rate: [100.0000%, 100.0000%], out: 174.3633, out_nodes: 57, Feasible_dist: 0.0000, Entropy: 2.3970
[2026-09-03 23:01:26] utils.py(229) : Diversity Loss: 10.0531, Constructive RL loss: 357.3829
[2026-09-03 23:01:27] utils.py(229) : Rank 0 >> Epoch 1: Train (45%)
[2026-09-03 23:01:27] utils.py(229) : [Construction] Score: 27.2762,  Loss: 357.5477,  Infeasible_rate: [100.0000%, 100.0000%], out: 115.3331, out_nodes: 25, Feasible_dist: 0.0000
[2026-09-03 23:01:27] utils.py(229) : [Improvement] Score: 158.5562 [BSF: 158.2800],  Loss: 21.4050,  Infeasible_rate: [100.0000%, 100.0000%], out: 174.5126, out_nodes: 57, Feasible_dist: 0.0000, Entropy: 2.3976
[2026-09-03 23:01:27] utils.py(229) : Diversity Loss: 10.0533, Constructive RL loss: 357.6482
[2026-09-03 23:01:29] utils.py(229) : Rank 0 >> Epoch 1: Train (45%)
[2026-09-03 23:01:29] utils.py(229) : [Construction] Score: 27.2830,  Loss: 357.9221,  Infeasible_rate: [100.0000%, 100.0000%], out: 115.3553, out_nodes: 25, Feasible_dist: 0.0000
[2026-09-03 23:01:29] utils.py(229) : [Improvement] Score: 158.2971 [BSF: 158.0246],  Loss: 21.3570,  Infeasible_rate: [100.0000%, 100.0000%], out: 174.3240, out_nodes: 57, Feasible_dist: 0.0000, Entropy: 2.3986
[2026-09-03 23:01:29] utils.py(229) : Diversity Loss: 10.0534, Constructive RL loss: 358.0226
[2026-09-03 23:01:30] utils.py(229) : Rank 0 >> Epoch 1: Train (45%)
[2026-09-03 23:01:30] utils.py(229) : [Construction] Score: 27.2907,  Loss: 357.9675,  Infeasible_rate: [100.0000%, 100.0000%], out: 115.1945, out_nodes: 25, Feasible_dist: 0.0000
[2026-09-03 23:01:30] utils.py(229) : [Improvement] Score: 158.3368 [BSF: 158.0678],  Loss: 21.3379,  Infeasible_rate: [100.0000%, 100.0000%], out: 174.0130, out_nodes: 57, Feasible_dist: 0.0000, Entropy: 2.3990
[2026-09-03 23:01:30] utils.py(229) : Diversity Loss: 10.0533, Constructive RL loss: 358.0680
[2026-09-03 23:01:32] utils.py(229) : Rank 0 >> Epoch 1: Train (45%)
[2026-09-03 23:01:32] utils.py(229) : [Construction] Score: 27.2827,  Loss: 357.7522,  Infeasible_rate: [100.0000%, 100.0000%], out: 115.1208, out_nodes: 25, Feasible_dist: 0.0000
[2026-09-03 23:01:32] utils.py(229) : [Improvement] Score: 158.2517 [BSF: 157.9861],  Loss: 21.3032,  Infeasible_rate: [100.0000%, 100.0000%], out: 173.8511, out_nodes: 57, Feasible_dist: 0.0000, Entropy: 2.3994
[2026-09-03 23:01:32] utils.py(229) : Diversity Loss: 10.0533, Constructive RL loss: 357.8527
[2026-09-03 23:01:33] utils.py(229) : Rank 0 >> Epoch 1: Train (45%)
[2026-09-03 23:01:33] utils.py(229) : [Construction] Score: 27.2804,  Loss: 358.5317,  Infeasible_rate: [100.0000%, 100.0000%], out: 115.0978, out_nodes: 25, Feasible_dist: 0.0000
[2026-09-03 23:01:33] utils.py(229) : [Improvement] Score: 158.2276 [BSF: 157.9654],  Loss: 21.2238,  Infeasible_rate: [100.0000%, 100.0000%], out: 173.7313, out_nodes: 57, Feasible_dist: 0.0000, Entropy: 2.4000
[2026-09-03 23:01:33] utils.py(229) : Diversity Loss: 10.0537, Constructive RL loss: 358.6323
[2026-09-03 23:01:35] utils.py(229) : Rank 0 >> Epoch 1: Train (45%)
[2026-09-03 23:01:35] utils.py(229) : [Construction] Score: 27.2829,  Loss: 357.3847,  Infeasible_rate: [100.0000%, 100.0000%], out: 115.1631, out_nodes: 25, Feasible_dist: 0.0000
[2026-09-03 23:01:35] utils.py(229) : [Improvement] Score: 158.1929 [BSF: 157.9339],  Loss: 21.1919,  Infeasible_rate: [100.0000%, 100.0000%], out: 173.6808, out_nodes: 57, Feasible_dist: 0.0000, Entropy: 2.4005
[2026-09-03 23:01:35] utils.py(229) : Diversity Loss: 10.0535, Constructive RL loss: 357.4853
[2026-09-03 23:01:36] utils.py(229) : Rank 0 >> Epoch 1: Train (50%)
[2026-09-03 23:01:36] utils.py(229) : [Construction] Score: 27.3117,  Loss: 354.0003,  Infeasible_rate: [100.0000%, 100.0000%], out: 114.2557, out_nodes: 25, Feasible_dist: 0.0000
[2026-09-03 23:01:36] utils.py(229) : [Improvement] Score: 157.3367 [BSF: 157.0810],  Loss: 20.9437,  Infeasible_rate: [100.0000%, 100.0000%], out: 172.1224, out_nodes: 57, Feasible_dist: 0.0000, Entropy: 2.4029
[2026-09-03 23:01:36] utils.py(229) : Diversity Loss: 10.0561, Constructive RL loss: 354.1009
[2026-09-03 23:01:38] utils.py(229) : Rank 0 >> Epoch 1: Train (50%)
[2026-09-03 23:01:38] utils.py(229) : [Construction] Score: 27.3325,  Loss: 350.9249,  Infeasible_rate: [100.0000%, 100.0000%], out: 113.3560, out_nodes: 25, Feasible_dist: 0.0000
[2026-09-03 23:01:38] utils.py(229) : [Improvement] Score: 156.5223 [BSF: 156.2697],  Loss: 20.7262,  Infeasible_rate: [100.0000%, 100.0000%], out: 170.6692, out_nodes: 57, Feasible_dist: 0.0000, Entropy: 2.4048
[2026-09-03 23:01:38] utils.py(229) : Diversity Loss: 10.0587, Constructive RL loss: 351.0255
[2026-09-03 23:01:40] utils.py(229) : Rank 0 >> Epoch 1: Train (50%)
[2026-09-03 23:01:40] utils.py(229) : [Construction] Score: 27.3539,  Loss: 347.5291,  Infeasible_rate: [100.0000%, 100.0000%], out: 112.5020, out_nodes: 25, Feasible_dist: 0.0000
[2026-09-03 23:01:40] utils.py(229) : [Improvement] Score: 155.6882 [BSF: 155.4386],  Loss: 20.4965,  Infeasible_rate: [100.0000%, 100.0000%], out: 169.1901, out_nodes: 56, Feasible_dist: 0.0000, Entropy: 2.4074
[2026-09-03 23:01:40] utils.py(229) : Diversity Loss: 10.0610, Constructive RL loss: 347.6297
[2026-09-03 23:01:41] utils.py(229) : Rank 0 >> Epoch 1: Train (50%)
[2026-09-03 23:01:41] utils.py(229) : [Construction] Score: 27.3622,  Loss: 343.9771,  Infeasible_rate: [100.0000%, 100.0000%], out: 111.5909, out_nodes: 25, Feasible_dist: 0.0000
[2026-09-03 23:01:41] utils.py(229) : [Improvement] Score: 154.8218 [BSF: 154.5714],  Loss: 20.2828,  Infeasible_rate: [100.0000%, 100.0000%], out: 167.7495, out_nodes: 56, Feasible_dist: 0.0000, Entropy: 2.4106
[2026-09-03 23:01:41] utils.py(229) : Diversity Loss: 10.0640, Constructive RL loss: 344.0777
[2026-09-03 23:01:43] utils.py(229) : Rank 0 >> Epoch 1: Train (50%)
[2026-09-03 23:01:43] utils.py(229) : [Construction] Score: 27.3794,  Loss: 341.0666,  Infeasible_rate: [100.0000%, 100.0000%], out: 110.7163, out_nodes: 25, Feasible_dist: 0.0000
[2026-09-03 23:01:43] utils.py(229) : [Improvement] Score: 154.0284 [BSF: 153.7809],  Loss: 20.0825,  Infeasible_rate: [100.0000%, 100.0000%], out: 166.3566, out_nodes: 56, Feasible_dist: 0.0000, Entropy: 2.4132
[2026-09-03 23:01:43] utils.py(229) : Diversity Loss: 10.0673, Constructive RL loss: 341.1672
[2026-09-03 23:01:44] utils.py(229) : Rank 0 >> Epoch 1: Train (50%)
[2026-09-03 23:01:44] utils.py(229) : [Construction] Score: 27.3900,  Loss: 338.3028,  Infeasible_rate: [100.0000%, 100.0000%], out: 109.8460, out_nodes: 25, Feasible_dist: 0.0000
[2026-09-03 23:01:44] utils.py(229) : [Improvement] Score: 153.2145 [BSF: 152.9699],  Loss: 19.8749,  Infeasible_rate: [100.0000%, 100.0000%], out: 164.9372, out_nodes: 56, Feasible_dist: 0.0000, Entropy: 2.4147
[2026-09-03 23:01:44] utils.py(229) : Diversity Loss: 10.0697, Constructive RL loss: 338.4035
[2026-09-03 23:01:46] utils.py(229) : Rank 0 >> Epoch 1: Train (50%)
[2026-09-03 23:01:46] utils.py(229) : [Construction] Score: 27.4170,  Loss: 334.9240,  Infeasible_rate: [100.0000%, 100.0000%], out: 109.0710, out_nodes: 25, Feasible_dist: 0.0000
[2026-09-03 23:01:46] utils.py(229) : [Improvement] Score: 152.4834 [BSF: 152.2389],  Loss: 19.6783,  Infeasible_rate: [100.0000%, 100.0000%], out: 163.6235, out_nodes: 55, Feasible_dist: 0.0000, Entropy: 2.4174
[2026-09-03 23:01:46] utils.py(229) : Diversity Loss: 10.0719, Constructive RL loss: 335.0247
[2026-09-03 23:01:48] utils.py(229) : Rank 0 >> Epoch 1: Train (50%)
[2026-09-03 23:01:48] utils.py(229) : [Construction] Score: 27.4327,  Loss: 332.1183,  Infeasible_rate: [100.0000%, 100.0000%], out: 108.2968, out_nodes: 25, Feasible_dist: 0.0000
[2026-09-03 23:01:48] utils.py(229) : [Improvement] Score: 151.7562 [BSF: 151.5145],  Loss: 19.4860,  Infeasible_rate: [100.0000%, 100.0000%], out: 162.3372, out_nodes: 55, Feasible_dist: 0.0000, Entropy: 2.4198
[2026-09-03 23:01:48] utils.py(229) : Diversity Loss: 10.0736, Constructive RL loss: 332.2190
[2026-09-03 23:01:49] utils.py(229) : Rank 0 >> Epoch 1: Train (55%)
[2026-09-03 23:01:49] utils.py(229) : [Construction] Score: 27.4790,  Loss: 328.3524,  Infeasible_rate: [100.0000%, 100.0000%], out: 107.2625, out_nodes: 25, Feasible_dist: 0.0000
[2026-09-03 23:01:49] utils.py(229) : [Improvement] Score: 150.8284 [BSF: 150.5888],  Loss: 19.2660,  Infeasible_rate: [100.0000%, 100.0000%], out: 160.7563, out_nodes: 55, Feasible_dist: 0.0000, Entropy: 2.4229
[2026-09-03 23:01:49] utils.py(229) : Diversity Loss: 10.0799, Constructive RL loss: 328.4532
[2026-09-03 23:01:51] utils.py(229) : Rank 0 >> Epoch 1: Train (55%)
[2026-09-03 23:01:51] utils.py(229) : [Construction] Score: 27.5526,  Loss: 324.7071,  Infeasible_rate: [100.0000%, 100.0000%], out: 106.3208, out_nodes: 25, Feasible_dist: 0.0000
[2026-09-03 23:01:51] utils.py(229) : [Improvement] Score: 150.0225 [BSF: 149.7852],  Loss: 19.0645,  Infeasible_rate: [100.0000%, 100.0000%], out: 159.2661, out_nodes: 54, Feasible_dist: 0.0000, Entropy: 2.4265
[2026-09-03 23:01:51] utils.py(229) : Diversity Loss: 10.0856, Constructive RL loss: 324.8079
[2026-09-03 23:01:53] utils.py(229) : Rank 0 >> Epoch 1: Train (55%)
[2026-09-03 23:01:53] utils.py(229) : [Construction] Score: 27.5856,  Loss: 321.1690,  Infeasible_rate: [100.0000%, 100.0000%], out: 105.3526, out_nodes: 24, Feasible_dist: 0.0000
[2026-09-03 23:01:53] utils.py(229) : [Improvement] Score: 149.1408 [BSF: 148.9041],  Loss: 18.8617,  Infeasible_rate: [100.0000%, 100.0000%], out: 157.7693, out_nodes: 54, Feasible_dist: 0.0000, Entropy: 2.4306
[2026-09-03 23:01:53] utils.py(229) : Diversity Loss: 10.0914, Constructive RL loss: 321.2699
[2026-09-03 23:01:55] utils.py(229) : Rank 0 >> Epoch 1: Train (55%)
[2026-09-03 23:01:55] utils.py(229) : [Construction] Score: 27.6244,  Loss: 317.7842,  Infeasible_rate: [100.0000%, 100.0000%], out: 104.4240, out_nodes: 24, Feasible_dist: 0.0000
[2026-09-03 23:01:55] utils.py(229) : [Improvement] Score: 148.2673 [BSF: 148.0332],  Loss: 18.6630,  Infeasible_rate: [100.0000%, 100.0000%], out: 156.2951, out_nodes: 54, Feasible_dist: 0.0000, Entropy: 2.4345
[2026-09-03 23:01:55] utils.py(229) : Diversity Loss: 10.0979, Constructive RL loss: 317.8851
[2026-09-03 23:01:57] utils.py(229) : Rank 0 >> Epoch 1: Train (55%)
[2026-09-03 23:01:57] utils.py(229) : [Construction] Score: 27.6708,  Loss: 314.2727,  Infeasible_rate: [100.0000%, 100.0000%], out: 103.5198, out_nodes: 24, Feasible_dist: 0.0000
[2026-09-03 23:01:57] utils.py(229) : [Improvement] Score: 147.4345 [BSF: 147.2029],  Loss: 18.4604,  Infeasible_rate: [100.0000%, 100.0000%], out: 154.8609, out_nodes: 54, Feasible_dist: 0.0000, Entropy: 2.4368
[2026-09-03 23:01:57] utils.py(229) : Diversity Loss: 10.1044, Constructive RL loss: 314.3737
[2026-09-03 23:01:58] utils.py(229) : Rank 0 >> Epoch 1: Train (55%)
[2026-09-03 23:01:58] utils.py(229) : [Construction] Score: 27.7150,  Loss: 310.8552,  Infeasible_rate: [100.0000%, 100.0000%], out: 102.6435, out_nodes: 24, Feasible_dist: 0.0000
[2026-09-03 23:01:58] utils.py(229) : [Improvement] Score: 146.6445 [BSF: 146.4154],  Loss: 18.2587,  Infeasible_rate: [100.0000%, 100.0000%], out: 153.4594, out_nodes: 53, Feasible_dist: 0.0000, Entropy: 2.4391
[2026-09-03 23:01:58] utils.py(229) : Diversity Loss: 10.1106, Constructive RL loss: 310.9563
[2026-09-03 23:02:00] utils.py(229) : Rank 0 >> Epoch 1: Train (55%)
[2026-09-03 23:02:00] utils.py(229) : [Construction] Score: 27.7493,  Loss: 307.5394,  Infeasible_rate: [100.0000%, 100.0000%], out: 101.7714, out_nodes: 24, Feasible_dist: 0.0000
[2026-09-03 23:02:00] utils.py(229) : [Improvement] Score: 145.8233 [BSF: 145.5965],  Loss: 18.0612,  Infeasible_rate: [100.0000%, 100.0000%], out: 152.0743, out_nodes: 53, Feasible_dist: 0.0000, Entropy: 2.4416
[2026-09-03 23:02:00] utils.py(229) : Diversity Loss: 10.1161, Constructive RL loss: 307.6406
[2026-09-03 23:02:02] utils.py(229) : Rank 0 >> Epoch 1: Train (55%)
[2026-09-03 23:02:02] utils.py(229) : [Construction] Score: 27.7817,  Loss: 304.3738,  Infeasible_rate: [100.0000%, 100.0000%], out: 100.8735, out_nodes: 24, Feasible_dist: 0.0000
[2026-09-03 23:02:02] utils.py(229) : [Improvement] Score: 145.0272 [BSF: 144.8018],  Loss: 17.8713,  Infeasible_rate: [100.0000%, 100.0000%], out: 150.7122, out_nodes: 53, Feasible_dist: 0.0000, Entropy: 2.4448
[2026-09-03 23:02:02] utils.py(229) : Diversity Loss: 10.1221, Constructive RL loss: 304.4750
[2026-09-03 23:02:03] utils.py(229) : Rank 0 >> Epoch 1: Train (60%)
[2026-09-03 23:02:03] utils.py(229) : [Construction] Score: 27.8487,  Loss: 301.0737,  Infeasible_rate: [100.0000%, 100.0000%], out: 99.9531, out_nodes: 24, Feasible_dist: 0.0000
[2026-09-03 23:02:03] utils.py(229) : [Improvement] Score: 144.1999 [BSF: 143.9768],  Loss: 17.6843,  Infeasible_rate: [100.0000%, 100.0000%], out: 149.2913, out_nodes: 52, Feasible_dist: 0.0000, Entropy: 2.4485
[2026-09-03 23:02:03] utils.py(229) : Diversity Loss: 10.1310, Constructive RL loss: 301.1751
[2026-09-03 23:02:05] utils.py(229) : Rank 0 >> Epoch 1: Train (60%)
[2026-09-03 23:02:05] utils.py(229) : [Construction] Score: 27.9022,  Loss: 297.9289,  Infeasible_rate: [100.0000%, 100.0000%], out: 99.0397, out_nodes: 24, Feasible_dist: 0.0000
[2026-09-03 23:02:05] utils.py(229) : [Improvement] Score: 143.3592 [BSF: 143.1383],  Loss: 17.5010,  Infeasible_rate: [100.0000%, 100.0000%], out: 147.8884, out_nodes: 52, Feasible_dist: 0.0000, Entropy: 2.4518
[2026-09-03 23:02:05] utils.py(229) : Diversity Loss: 10.1398, Constructive RL loss: 298.0303
[2026-09-03 23:02:07] utils.py(229) : Rank 0 >> Epoch 1: Train (60%)
[2026-09-03 23:02:07] utils.py(229) : [Construction] Score: 27.9607,  Loss: 294.8470,  Infeasible_rate: [100.0000%, 100.0000%], out: 98.1384, out_nodes: 23, Feasible_dist: 0.0000
[2026-09-03 23:02:07] utils.py(229) : [Improvement] Score: 142.5608 [BSF: 142.3422],  Loss: 17.3237,  Infeasible_rate: [100.0000%, 100.0000%], out: 146.5177, out_nodes: 52, Feasible_dist: 0.0000, Entropy: 2.4542
[2026-09-03 23:02:07] utils.py(229) : Diversity Loss: 10.1484, Constructive RL loss: 294.9485
[2026-09-03 23:02:09] utils.py(229) : Rank 0 >> Epoch 1: Train (60%)
[2026-09-03 23:02:09] utils.py(229) : [Construction] Score: 28.0243,  Loss: 291.7767,  Infeasible_rate: [100.0000%, 100.0000%], out: 97.2700, out_nodes: 23, Feasible_dist: 0.0000
[2026-09-03 23:02:09] utils.py(229) : [Improvement] Score: 141.7735 [BSF: 141.5571],  Loss: 17.1525,  Infeasible_rate: [100.0000%, 100.0000%], out: 145.1824, out_nodes: 51, Feasible_dist: 0.0000, Entropy: 2.4580
[2026-09-03 23:02:09] utils.py(229) : Diversity Loss: 10.1562, Constructive RL loss: 291.8783
[2026-09-03 23:02:11] utils.py(229) : Rank 0 >> Epoch 1: Train (60%)
[2026-09-03 23:02:11] utils.py(229) : [Construction] Score: 28.0820,  Loss: 288.7777,  Infeasible_rate: [100.0000%, 100.0000%], out: 96.4038, out_nodes: 23, Feasible_dist: 0.0000
[2026-09-03 23:02:11] utils.py(229) : [Improvement] Score: 140.9946 [BSF: 140.7803],  Loss: 16.9863,  Infeasible_rate: [100.0000%, 100.0000%], out: 143.8571, out_nodes: 51, Feasible_dist: 0.0000, Entropy: 2.4615
[2026-09-03 23:02:11] utils.py(229) : Diversity Loss: 10.1641, Constructive RL loss: 288.8793
[2026-09-03 23:02:13] utils.py(229) : Rank 0 >> Epoch 1: Train (60%)
[2026-09-03 23:02:13] utils.py(229) : [Construction] Score: 28.1459,  Loss: 285.8321,  Infeasible_rate: [100.0000%, 100.0000%], out: 95.5535, out_nodes: 23, Feasible_dist: 0.0000
[2026-09-03 23:02:13] utils.py(229) : [Improvement] Score: 140.2395 [BSF: 140.0262],  Loss: 16.8172,  Infeasible_rate: [100.0000%, 100.0000%], out: 142.5692, out_nodes: 51, Feasible_dist: 0.0000, Entropy: 2.4641
[2026-09-03 23:02:13] utils.py(229) : Diversity Loss: 10.1724, Constructive RL loss: 285.9338
[2026-09-03 23:02:15] utils.py(229) : Rank 0 >> Epoch 1: Train (60%)
[2026-09-03 23:02:15] utils.py(229) : [Construction] Score: 28.1955,  Loss: 282.9458,  Infeasible_rate: [100.0000%, 100.0000%], out: 94.7323, out_nodes: 23, Feasible_dist: 0.0000
[2026-09-03 23:02:15] utils.py(229) : [Improvement] Score: 139.4947 [BSF: 139.2812],  Loss: 16.6489,  Infeasible_rate: [100.0000%, 100.0000%], out: 141.3041, out_nodes: 50, Feasible_dist: 0.0000, Entropy: 2.4677
[2026-09-03 23:02:15] utils.py(229) : Diversity Loss: 10.1796, Constructive RL loss: 283.0476
[2026-09-03 23:02:17] utils.py(229) : Rank 0 >> Epoch 1: Train (60%)
[2026-09-03 23:02:17] utils.py(229) : [Construction] Score: 28.2396,  Loss: 280.1256,  Infeasible_rate: [100.0000%, 100.0000%], out: 93.9196, out_nodes: 23, Feasible_dist: 0.0000
[2026-09-03 23:02:17] utils.py(229) : [Improvement] Score: 138.7349 [BSF: 138.5235],  Loss: 16.4894,  Infeasible_rate: [100.0000%, 100.0000%], out: 140.0606, out_nodes: 50, Feasible_dist: 0.0000, Entropy: 2.4701
[2026-09-03 23:02:17] utils.py(229) : Diversity Loss: 10.1870, Constructive RL loss: 280.2275
[2026-09-03 23:02:18] utils.py(229) : Rank 0 >> Epoch 1: Train (65%)
[2026-09-03 23:02:18] utils.py(229) : [Construction] Score: 28.3147,  Loss: 277.3836,  Infeasible_rate: [100.0000%, 100.0000%], out: 93.0849, out_nodes: 23, Feasible_dist: 0.0000
[2026-09-03 23:02:18] utils.py(229) : [Improvement] Score: 137.9764 [BSF: 137.7665],  Loss: 16.3325,  Infeasible_rate: [100.0000%, 100.0000%], out: 138.7991, out_nodes: 50, Feasible_dist: 0.0000, Entropy: 2.4726
[2026-09-03 23:02:18] utils.py(229) : Diversity Loss: 10.1970, Constructive RL loss: 277.4856
[2026-09-03 23:02:20] utils.py(229) : Rank 0 >> Epoch 1: Train (65%)
[2026-09-03 23:02:20] utils.py(229) : [Construction] Score: 28.3870,  Loss: 274.6559,  Infeasible_rate: [100.0000%, 100.0000%], out: 92.2626, out_nodes: 23, Feasible_dist: 0.0000
[2026-09-03 23:02:20] utils.py(229) : [Improvement] Score: 137.2342 [BSF: 137.0262],  Loss: 16.1787,  Infeasible_rate: [100.0000%, 100.0000%], out: 137.5619, out_nodes: 49, Feasible_dist: 0.0000, Entropy: 2.4758
[2026-09-03 23:02:20] utils.py(229) : Diversity Loss: 10.2065, Constructive RL loss: 274.7579
[2026-09-03 23:02:22] utils.py(229) : Rank 0 >> Epoch 1: Train (65%)
[2026-09-03 23:02:22] utils.py(229) : [Construction] Score: 28.4442,  Loss: 271.9925,  Infeasible_rate: [100.0000%, 100.0000%], out: 91.4580, out_nodes: 22, Feasible_dist: 0.0000
[2026-09-03 23:02:22] utils.py(229) : [Improvement] Score: 136.4882 [BSF: 136.2822],  Loss: 16.0255,  Infeasible_rate: [100.0000%, 100.0000%], out: 136.3505, out_nodes: 49, Feasible_dist: 0.0000, Entropy: 2.4787
[2026-09-03 23:02:22] utils.py(229) : Diversity Loss: 10.2155, Constructive RL loss: 272.0947
[2026-09-03 23:02:24] utils.py(229) : Rank 0 >> Epoch 1: Train (65%)
[2026-09-03 23:02:24] utils.py(229) : [Construction] Score: 28.5226,  Loss: 269.3821,  Infeasible_rate: [100.0000%, 100.0000%], out: 90.6636, out_nodes: 22, Feasible_dist: 0.0000
[2026-09-03 23:02:24] utils.py(229) : [Improvement] Score: 135.7823 [BSF: 135.5782],  Loss: 15.8774,  Infeasible_rate: [100.0000%, 100.0000%], out: 135.1583, out_nodes: 49, Feasible_dist: 0.0000, Entropy: 2.4817
[2026-09-03 23:02:24] utils.py(229) : Diversity Loss: 10.2249, Constructive RL loss: 269.4844
[2026-09-03 23:02:26] utils.py(229) : Rank 0 >> Epoch 1: Train (65%)
[2026-09-03 23:02:26] utils.py(229) : [Construction] Score: 28.6026,  Loss: 266.7568,  Infeasible_rate: [100.0000%, 100.0000%], out: 89.8858, out_nodes: 22, Feasible_dist: 0.0000
[2026-09-03 23:02:26] utils.py(229) : [Improvement] Score: 135.0888 [BSF: 134.8856],  Loss: 15.7331,  Infeasible_rate: [100.0000%, 100.0000%], out: 133.9854, out_nodes: 49, Feasible_dist: 0.0000, Entropy: 2.4849
[2026-09-03 23:02:26] utils.py(229) : Diversity Loss: 10.2325, Constructive RL loss: 266.8591
[2026-09-03 23:02:28] utils.py(229) : Rank 0 >> Epoch 1: Train (65%)
[2026-09-03 23:02:28] utils.py(229) : [Construction] Score: 28.6543,  Loss: 264.2336,  Infeasible_rate: [100.0000%, 100.0000%], out: 89.1195, out_nodes: 22, Feasible_dist: 0.0000
[2026-09-03 23:02:28] utils.py(229) : [Improvement] Score: 134.3797 [BSF: 134.1774],  Loss: 15.5888,  Infeasible_rate: [100.0000%, 100.0000%], out: 132.8364, out_nodes: 48, Feasible_dist: 0.0000, Entropy: 2.4876
[2026-09-03 23:02:28] utils.py(229) : Diversity Loss: 10.2409, Constructive RL loss: 264.3360
[2026-09-03 23:02:29] utils.py(229) : Rank 0 >> Epoch 1: Train (65%)
[2026-09-03 23:02:29] utils.py(229) : [Construction] Score: 28.7133,  Loss: 261.7522,  Infeasible_rate: [100.0000%, 100.0000%], out: 88.3622, out_nodes: 22, Feasible_dist: 0.0000
[2026-09-03 23:02:29] utils.py(229) : [Improvement] Score: 133.6769 [BSF: 133.4764],  Loss: 15.4479,  Infeasible_rate: [100.0000%, 100.0000%], out: 131.7039, out_nodes: 48, Feasible_dist: 0.0000, Entropy: 2.4906
[2026-09-03 23:02:29] utils.py(229) : Diversity Loss: 10.2493, Constructive RL loss: 261.8547
[2026-09-03 23:02:31] utils.py(229) : Rank 0 >> Epoch 1: Train (65%)
[2026-09-03 23:02:31] utils.py(229) : [Construction] Score: 28.7768,  Loss: 259.3747,  Infeasible_rate: [100.0000%, 100.0000%], out: 87.6352, out_nodes: 22, Feasible_dist: 0.0000
[2026-09-03 23:02:31] utils.py(229) : [Improvement] Score: 133.0084 [BSF: 132.8097],  Loss: 15.3087,  Infeasible_rate: [100.0000%, 100.0000%], out: 130.5965, out_nodes: 48, Feasible_dist: 0.0000, Entropy: 2.4938
[2026-09-03 23:02:31] utils.py(229) : Diversity Loss: 10.2582, Constructive RL loss: 259.4773
[2026-09-03 23:02:33] utils.py(229) : Rank 0 >> Epoch 1: Train (70%)
[2026-09-03 23:02:33] utils.py(229) : [Construction] Score: 28.8554,  Loss: 256.9623,  Infeasible_rate: [100.0000%, 100.0000%], out: 86.8962, out_nodes: 22, Feasible_dist: 0.0000
[2026-09-03 23:02:33] utils.py(229) : [Improvement] Score: 132.3447 [BSF: 132.1478],  Loss: 15.1748,  Infeasible_rate: [100.0000%, 100.0000%], out: 129.4894, out_nodes: 47, Feasible_dist: 0.0000, Entropy: 2.4969
[2026-09-03 23:02:33] utils.py(229) : Diversity Loss: 10.2673, Constructive RL loss: 257.0650
[2026-09-03 23:02:35] utils.py(229) : Rank 0 >> Epoch 1: Train (70%)
[2026-09-03 23:02:35] utils.py(229) : [Construction] Score: 28.9028,  Loss: 254.5889,  Infeasible_rate: [100.0000%, 100.0000%], out: 86.1710, out_nodes: 21, Feasible_dist: 0.0000
[2026-09-03 23:02:35] utils.py(229) : [Improvement] Score: 131.6496 [BSF: 131.4544],  Loss: 15.0424,  Infeasible_rate: [100.0000%, 100.0000%], out: 128.3997, out_nodes: 47, Feasible_dist: 0.0000, Entropy: 2.4996
[2026-09-03 23:02:35] utils.py(229) : Diversity Loss: 10.2762, Constructive RL loss: 254.6916
[2026-09-03 23:02:37] utils.py(229) : Rank 0 >> Epoch 1: Train (70%)
[2026-09-03 23:02:37] utils.py(229) : [Construction] Score: 28.9621,  Loss: 252.2886,  Infeasible_rate: [100.0000%, 100.0000%], out: 85.4608, out_nodes: 21, Feasible_dist: 0.0000
[2026-09-03 23:02:37] utils.py(229) : [Improvement] Score: 130.9896 [BSF: 130.7961],  Loss: 14.9115,  Infeasible_rate: [100.0000%, 100.0000%], out: 127.3363, out_nodes: 47, Feasible_dist: 0.0000, Entropy: 2.5025
[2026-09-03 23:02:37] utils.py(229) : Diversity Loss: 10.2848, Constructive RL loss: 252.3914
[2026-09-03 23:02:39] utils.py(229) : Rank 0 >> Epoch 1: Train (70%)
[2026-09-03 23:02:39] utils.py(229) : [Construction] Score: 29.0276,  Loss: 250.0378,  Infeasible_rate: [100.0000%, 100.0000%], out: 84.7653, out_nodes: 21, Feasible_dist: 0.0000
[2026-09-03 23:02:39] utils.py(229) : [Improvement] Score: 130.3574 [BSF: 130.1635],  Loss: 14.7830,  Infeasible_rate: [100.0000%, 100.0000%], out: 126.2921, out_nodes: 46, Feasible_dist: 0.0000, Entropy: 2.5055
[2026-09-03 23:02:39] utils.py(229) : Diversity Loss: 10.2933, Constructive RL loss: 250.1408
[2026-09-03 23:02:41] utils.py(229) : Rank 0 >> Epoch 1: Train (70%)
[2026-09-03 23:02:41] utils.py(229) : [Construction] Score: 29.0774,  Loss: 247.7921,  Infeasible_rate: [100.0000%, 100.0000%], out: 84.0770, out_nodes: 21, Feasible_dist: 0.0000
[2026-09-03 23:02:41] utils.py(229) : [Improvement] Score: 129.7109 [BSF: 129.5186],  Loss: 14.6560,  Infeasible_rate: [100.0000%, 100.0000%], out: 125.2601, out_nodes: 46, Feasible_dist: 0.0000, Entropy: 2.5088
[2026-09-03 23:02:41] utils.py(229) : Diversity Loss: 10.3020, Constructive RL loss: 247.8951
[2026-09-03 23:02:43] utils.py(229) : Rank 0 >> Epoch 1: Train (70%)
[2026-09-03 23:02:43] utils.py(229) : [Construction] Score: 29.1540,  Loss: 245.6317,  Infeasible_rate: [100.0000%, 100.0000%], out: 83.3973, out_nodes: 21, Feasible_dist: 0.0000
[2026-09-03 23:02:43] utils.py(229) : [Improvement] Score: 129.0983 [BSF: 128.9069],  Loss: 14.5318,  Infeasible_rate: [100.0000%, 100.0000%], out: 124.2418, out_nodes: 46, Feasible_dist: 0.0000, Entropy: 2.5112
[2026-09-03 23:02:43] utils.py(229) : Diversity Loss: 10.3096, Constructive RL loss: 245.7348
[2026-09-03 23:02:45] utils.py(229) : Rank 0 >> Epoch 1: Train (70%)
[2026-09-03 23:02:45] utils.py(229) : [Construction] Score: 29.2303,  Loss: 243.4624,  Infeasible_rate: [100.0000%, 100.0000%], out: 82.7305, out_nodes: 21, Feasible_dist: 0.0000
[2026-09-03 23:02:45] utils.py(229) : [Improvement] Score: 128.5047 [BSF: 128.3149],  Loss: 14.4090,  Infeasible_rate: [100.0000%, 100.0000%], out: 123.2431, out_nodes: 46, Feasible_dist: 0.0000, Entropy: 2.5134
[2026-09-03 23:02:45] utils.py(229) : Diversity Loss: 10.3168, Constructive RL loss: 243.5655
[2026-09-03 23:02:46] utils.py(229) : Rank 0 >> Epoch 1: Train (70%)
[2026-09-03 23:02:46] utils.py(229) : [Construction] Score: 29.2992,  Loss: 241.3462,  Infeasible_rate: [100.0000%, 100.0000%], out: 82.0752, out_nodes: 21, Feasible_dist: 0.0000
[2026-09-03 23:02:46] utils.py(229) : [Improvement] Score: 127.9179 [BSF: 127.7297],  Loss: 14.2885,  Infeasible_rate: [100.0000%, 100.0000%], out: 122.2608, out_nodes: 45, Feasible_dist: 0.0000, Entropy: 2.5157
[2026-09-03 23:02:46] utils.py(229) : Diversity Loss: 10.3241, Constructive RL loss: 241.4495
[2026-09-03 23:02:48] utils.py(229) : Rank 0 >> Epoch 1: Train (75%)
[2026-09-03 23:02:48] utils.py(229) : [Construction] Score: 29.3701,  Loss: 239.2329,  Infeasible_rate: [100.0000%, 100.0000%], out: 81.4274, out_nodes: 20, Feasible_dist: 0.0000
[2026-09-03 23:02:48] utils.py(229) : [Improvement] Score: 127.3279 [BSF: 127.1405],  Loss: 14.1721,  Infeasible_rate: [100.0000%, 100.0000%], out: 121.2884, out_nodes: 45, Feasible_dist: 0.0000, Entropy: 2.5190
[2026-09-03 23:02:48] utils.py(229) : Diversity Loss: 10.3318, Constructive RL loss: 239.3362
[2026-09-03 23:02:50] utils.py(229) : Rank 0 >> Epoch 1: Train (75%)
[2026-09-03 23:02:50] utils.py(229) : [Construction] Score: 29.4391,  Loss: 237.1958,  Infeasible_rate: [100.0000%, 100.0000%], out: 80.7824, out_nodes: 20, Feasible_dist: 0.0000
[2026-09-03 23:02:50] utils.py(229) : [Improvement] Score: 126.7382 [BSF: 126.5524],  Loss: 14.0557,  Infeasible_rate: [100.0000%, 100.0000%], out: 120.3280, out_nodes: 45, Feasible_dist: 0.0000, Entropy: 2.5217
[2026-09-03 23:02:50] utils.py(229) : Diversity Loss: 10.3407, Constructive RL loss: 237.2992
[2026-09-03 23:02:52] utils.py(229) : Rank 0 >> Epoch 1: Train (75%)
[2026-09-03 23:02:52] utils.py(229) : [Construction] Score: 29.5091,  Loss: 235.1626,  Infeasible_rate: [100.0000%, 100.0000%], out: 80.1504, out_nodes: 20, Feasible_dist: 0.0000
[2026-09-03 23:02:52] utils.py(229) : [Improvement] Score: 126.1669 [BSF: 125.9826],  Loss: 13.9409,  Infeasible_rate: [100.0000%, 100.0000%], out: 119.3869, out_nodes: 45, Feasible_dist: 0.0000, Entropy: 2.5240
[2026-09-03 23:02:52] utils.py(229) : Diversity Loss: 10.3493, Constructive RL loss: 235.2660
[2026-09-03 23:02:54] utils.py(229) : Rank 0 >> Epoch 1: Train (75%)
[2026-09-03 23:02:54] utils.py(229) : [Construction] Score: 29.5816,  Loss: 233.2052,  Infeasible_rate: [100.0000%, 100.0000%], out: 79.5281, out_nodes: 20, Feasible_dist: 0.0000
[2026-09-03 23:02:54] utils.py(229) : [Improvement] Score: 125.6129 [BSF: 125.4301],  Loss: 13.8282,  Infeasible_rate: [100.0000%, 100.0000%], out: 118.4565, out_nodes: 44, Feasible_dist: 0.0000, Entropy: 2.5268
[2026-09-03 23:02:54] utils.py(229) : Diversity Loss: 10.3570, Constructive RL loss: 233.3088
[2026-09-03 23:02:56] utils.py(229) : Rank 0 >> Epoch 1: Train (75%)
[2026-09-03 23:02:56] utils.py(229) : [Construction] Score: 29.6333,  Loss: 231.2544,  Infeasible_rate: [100.0000%, 100.0000%], out: 78.9154, out_nodes: 20, Feasible_dist: 0.0000
[2026-09-03 23:02:56] utils.py(229) : [Improvement] Score: 125.0321 [BSF: 124.8508],  Loss: 13.7156,  Infeasible_rate: [100.0000%, 100.0000%], out: 117.5413, out_nodes: 44, Feasible_dist: 0.0000, Entropy: 2.5289
[2026-09-03 23:02:56] utils.py(229) : Diversity Loss: 10.3644, Constructive RL loss: 231.3580
[2026-09-03 23:02:58] utils.py(229) : Rank 0 >> Epoch 1: Train (75%)
[2026-09-03 23:02:58] utils.py(229) : [Construction] Score: 29.7112,  Loss: 229.3553,  Infeasible_rate: [100.0000%, 100.0000%], out: 78.3086, out_nodes: 20, Feasible_dist: 0.0000
[2026-09-03 23:02:58] utils.py(229) : [Improvement] Score: 124.5009 [BSF: 124.3210],  Loss: 13.6073,  Infeasible_rate: [100.0000%, 100.0000%], out: 116.6403, out_nodes: 44, Feasible_dist: 0.0000, Entropy: 2.5316
[2026-09-03 23:02:58] utils.py(229) : Diversity Loss: 10.3711, Constructive RL loss: 229.4590
[2026-09-03 23:03:00] utils.py(229) : Rank 0 >> Epoch 1: Train (75%)
[2026-09-03 23:03:00] utils.py(229) : [Construction] Score: 29.7722,  Loss: 227.4569,  Infeasible_rate: [100.0000%, 100.0000%], out: 77.7149, out_nodes: 20, Feasible_dist: 0.0000
[2026-09-03 23:03:00] utils.py(229) : [Improvement] Score: 123.9635 [BSF: 123.7850],  Loss: 13.5021,  Infeasible_rate: [100.0000%, 100.0000%], out: 115.7565, out_nodes: 44, Feasible_dist: 0.0000, Entropy: 2.5335
[2026-09-03 23:03:00] utils.py(229) : Diversity Loss: 10.3777, Constructive RL loss: 227.5607
[2026-09-03 23:03:02] utils.py(229) : Rank 0 >> Epoch 1: Train (75%)
[2026-09-03 23:03:02] utils.py(229) : [Construction] Score: 29.8565,  Loss: 225.6180,  Infeasible_rate: [100.0000%, 100.0000%], out: 77.1292, out_nodes: 20, Feasible_dist: 0.0000
[2026-09-03 23:03:02] utils.py(229) : [Improvement] Score: 123.4557 [BSF: 123.2785],  Loss: 13.3984,  Infeasible_rate: [100.0000%, 100.0000%], out: 114.8839, out_nodes: 43, Feasible_dist: 0.0000, Entropy: 2.5363
[2026-09-03 23:03:02] utils.py(229) : Diversity Loss: 10.3833, Constructive RL loss: 225.7219
[2026-09-03 23:03:04] utils.py(229) : Rank 0 >> Epoch 1: Train (80%)
[2026-09-03 23:03:04] utils.py(229) : [Construction] Score: 29.9321,  Loss: 223.8214,  Infeasible_rate: [100.0000%, 100.0000%], out: 76.5448, out_nodes: 19, Feasible_dist: 0.0000
[2026-09-03 23:03:04] utils.py(229) : [Improvement] Score: 122.9333 [BSF: 122.7573],  Loss: 13.2945,  Infeasible_rate: [100.0000%, 100.0000%], out: 114.0170, out_nodes: 43, Feasible_dist: 0.0000, Entropy: 2.5387
[2026-09-03 23:03:04] utils.py(229) : Diversity Loss: 10.3911, Constructive RL loss: 223.9253
[2026-09-03 23:03:06] utils.py(229) : Rank 0 >> Epoch 1: Train (80%)
[2026-09-03 23:03:06] utils.py(229) : [Construction] Score: 30.0078,  Loss: 222.0391,  Infeasible_rate: [100.0000%, 100.0000%], out: 75.9706, out_nodes: 19, Feasible_dist: 0.0000
[2026-09-03 23:03:06] utils.py(229) : [Improvement] Score: 122.4187 [BSF: 122.2434],  Loss: 13.1916,  Infeasible_rate: [100.0000%, 100.0000%], out: 113.1651, out_nodes: 43, Feasible_dist: 0.0000, Entropy: 2.5419
[2026-09-03 23:03:06] utils.py(229) : Diversity Loss: 10.3997, Constructive RL loss: 222.1431
[2026-09-03 23:03:08] utils.py(229) : Rank 0 >> Epoch 1: Train (80%)
[2026-09-03 23:03:08] utils.py(229) : [Construction] Score: 30.0828,  Loss: 220.2657,  Infeasible_rate: [100.0000%, 100.0000%], out: 75.4059, out_nodes: 19, Feasible_dist: 0.0000
[2026-09-03 23:03:08] utils.py(229) : [Improvement] Score: 121.9077 [BSF: 121.7337],  Loss: 13.0918,  Infeasible_rate: [100.0000%, 100.0000%], out: 112.3283, out_nodes: 43, Feasible_dist: 0.0000, Entropy: 2.5446
[2026-09-03 23:03:08] utils.py(229) : Diversity Loss: 10.4091, Constructive RL loss: 220.3698
[2026-09-03 23:03:10] utils.py(229) : Rank 0 >> Epoch 1: Train (80%)
[2026-09-03 23:03:10] utils.py(229) : [Construction] Score: 30.1671,  Loss: 218.5346,  Infeasible_rate: [100.0000%, 100.0000%], out: 74.8498, out_nodes: 19, Feasible_dist: 0.0000
[2026-09-03 23:03:10] utils.py(229) : [Improvement] Score: 121.4168 [BSF: 121.2441],  Loss: 12.9933,  Infeasible_rate: [100.0000%, 100.0000%], out: 111.5017, out_nodes: 42, Feasible_dist: 0.0000, Entropy: 2.5469
[2026-09-03 23:03:10] utils.py(229) : Diversity Loss: 10.4160, Constructive RL loss: 218.6388
[2026-09-03 23:03:12] utils.py(229) : Rank 0 >> Epoch 1: Train (80%)
[2026-09-03 23:03:12] utils.py(229) : [Construction] Score: 30.2334,  Loss: 216.8089,  Infeasible_rate: [100.0000%, 100.0000%], out: 74.3025, out_nodes: 19, Feasible_dist: 0.0000
[2026-09-03 23:03:12] utils.py(229) : [Improvement] Score: 120.9221 [BSF: 120.7505],  Loss: 12.8967,  Infeasible_rate: [100.0000%, 100.0000%], out: 110.6898, out_nodes: 42, Feasible_dist: 0.0000, Entropy: 2.5496
[2026-09-03 23:03:12] utils.py(229) : Diversity Loss: 10.4242, Constructive RL loss: 216.9132
[2026-09-03 23:03:14] utils.py(229) : Rank 0 >> Epoch 1: Train (80%)
[2026-09-03 23:03:14] utils.py(229) : [Construction] Score: 30.3048,  Loss: 215.1335,  Infeasible_rate: [100.0000%, 100.0000%], out: 73.7605, out_nodes: 19, Feasible_dist: 0.0000
[2026-09-03 23:03:14] utils.py(229) : [Improvement] Score: 120.4376 [BSF: 120.2672],  Loss: 12.8006,  Infeasible_rate: [100.0000%, 100.0000%], out: 109.8891, out_nodes: 42, Feasible_dist: 0.0000, Entropy: 2.5521
[2026-09-03 23:03:14] utils.py(229) : Diversity Loss: 10.4333, Constructive RL loss: 215.2378
[2026-09-03 23:03:16] utils.py(229) : Rank 0 >> Epoch 1: Train (80%)
[2026-09-03 23:03:16] utils.py(229) : [Construction] Score: 30.3808,  Loss: 213.4671,  Infeasible_rate: [100.0000%, 100.0000%], out: 73.2298, out_nodes: 19, Feasible_dist: 0.0000
[2026-09-03 23:03:16] utils.py(229) : [Improvement] Score: 119.9756 [BSF: 119.8064],  Loss: 12.7051,  Infeasible_rate: [100.0000%, 100.0000%], out: 109.1010, out_nodes: 42, Feasible_dist: 0.0000, Entropy: 2.5547
[2026-09-03 23:03:16] utils.py(229) : Diversity Loss: 10.4394, Constructive RL loss: 213.5715
[2026-09-03 23:03:18] utils.py(229) : Rank 0 >> Epoch 1: Train (80%)
[2026-09-03 23:03:18] utils.py(229) : [Construction] Score: 30.4608,  Loss: 211.8535,  Infeasible_rate: [100.0000%, 100.0000%], out: 72.7052, out_nodes: 19, Feasible_dist: 0.0000
[2026-09-03 23:03:18] utils.py(229) : [Improvement] Score: 119.5147 [BSF: 119.3466],  Loss: 12.6111,  Infeasible_rate: [100.0000%, 100.0000%], out: 108.3214, out_nodes: 42, Feasible_dist: 0.0000, Entropy: 2.5565
[2026-09-03 23:03:18] utils.py(229) : Diversity Loss: 10.4450, Constructive RL loss: 211.9579
[2026-09-03 23:03:20] utils.py(229) : Rank 0 >> Epoch 1: Train (85%)
[2026-09-03 23:03:20] utils.py(229) : [Construction] Score: 30.5376,  Loss: 210.2437,  Infeasible_rate: [100.0000%, 100.0000%], out: 72.1855, out_nodes: 18, Feasible_dist: 0.0000
[2026-09-03 23:03:20] utils.py(229) : [Improvement] Score: 119.0537 [BSF: 118.8868],  Loss: 12.5180,  Infeasible_rate: [100.0000%, 100.0000%], out: 107.5497, out_nodes: 41, Feasible_dist: 0.0000, Entropy: 2.5587
[2026-09-03 23:03:20] utils.py(229) : Diversity Loss: 10.4525, Constructive RL loss: 210.3482
[2026-09-03 23:03:22] utils.py(229) : Rank 0 >> Epoch 1: Train (85%)
[2026-09-03 23:03:22] utils.py(229) : [Construction] Score: 30.6057,  Loss: 208.6648,  Infeasible_rate: [100.0000%, 100.0000%], out: 71.6723, out_nodes: 18, Feasible_dist: 0.0000
[2026-09-03 23:03:22] utils.py(229) : [Improvement] Score: 118.5952 [BSF: 118.4295],  Loss: 12.4283,  Infeasible_rate: [100.0000%, 100.0000%], out: 106.7908, out_nodes: 41, Feasible_dist: 0.0000, Entropy: 2.5610
[2026-09-03 23:03:22] utils.py(229) : Diversity Loss: 10.4596, Constructive RL loss: 208.7694
[2026-09-03 23:03:24] utils.py(229) : Rank 0 >> Epoch 1: Train (85%)
[2026-09-03 23:03:24] utils.py(229) : [Construction] Score: 30.6620,  Loss: 207.0958,  Infeasible_rate: [100.0000%, 100.0000%], out: 71.1687, out_nodes: 18, Feasible_dist: 0.0000
[2026-09-03 23:03:24] utils.py(229) : [Improvement] Score: 118.1297 [BSF: 117.9652],  Loss: 12.3386,  Infeasible_rate: [100.0000%, 100.0000%], out: 106.0427, out_nodes: 41, Feasible_dist: 0.0000, Entropy: 2.5633
[2026-09-03 23:03:24] utils.py(229) : Diversity Loss: 10.4666, Constructive RL loss: 207.2005
[2026-09-03 23:03:26] utils.py(229) : Rank 0 >> Epoch 1: Train (85%)
[2026-09-03 23:03:26] utils.py(229) : [Construction] Score: 30.7314,  Loss: 205.5559,  Infeasible_rate: [100.0000%, 100.0000%], out: 70.6682, out_nodes: 18, Feasible_dist: 0.0000
[2026-09-03 23:03:26] utils.py(229) : [Improvement] Score: 117.6812 [BSF: 117.5177],  Loss: 12.2503,  Infeasible_rate: [100.0000%, 100.0000%], out: 105.3035, out_nodes: 41, Feasible_dist: 0.0000, Entropy: 2.5655
[2026-09-03 23:03:26] utils.py(229) : Diversity Loss: 10.4764, Constructive RL loss: 205.6607
[2026-09-03 23:03:28] utils.py(229) : Rank 0 >> Epoch 1: Train (85%)
[2026-09-03 23:03:28] utils.py(229) : [Construction] Score: 30.8067,  Loss: 204.0655,  Infeasible_rate: [100.0000%, 100.0000%], out: 70.1788, out_nodes: 18, Feasible_dist: 0.0000
[2026-09-03 23:03:28] utils.py(229) : [Improvement] Score: 117.2533 [BSF: 117.0910],  Loss: 12.1637,  Infeasible_rate: [100.0000%, 100.0000%], out: 104.5776, out_nodes: 41, Feasible_dist: 0.0000, Entropy: 2.5676
[2026-09-03 23:03:28] utils.py(229) : Diversity Loss: 10.4835, Constructive RL loss: 204.1703
[2026-09-03 23:03:30] utils.py(229) : Rank 0 >> Epoch 1: Train (85%)
[2026-09-03 23:03:30] utils.py(229) : [Construction] Score: 30.8718,  Loss: 202.5834,  Infeasible_rate: [100.0000%, 100.0000%], out: 69.6946, out_nodes: 18, Feasible_dist: 0.0000
[2026-09-03 23:03:30] utils.py(229) : [Improvement] Score: 116.8103 [BSF: 116.6490],  Loss: 12.0778,  Infeasible_rate: [100.0000%, 100.0000%], out: 103.8605, out_nodes: 40, Feasible_dist: 0.0000, Entropy: 2.5699
[2026-09-03 23:03:30] utils.py(229) : Diversity Loss: 10.4924, Constructive RL loss: 202.6884
[2026-09-03 23:03:32] utils.py(229) : Rank 0 >> Epoch 1: Train (85%)
[2026-09-03 23:03:32] utils.py(229) : [Construction] Score: 30.9366,  Loss: 201.1050,  Infeasible_rate: [100.0000%, 100.0000%], out: 69.2159, out_nodes: 18, Feasible_dist: 0.0000
[2026-09-03 23:03:32] utils.py(229) : [Improvement] Score: 116.3745 [BSF: 116.2144],  Loss: 11.9933,  Infeasible_rate: [100.0000%, 100.0000%], out: 103.1518, out_nodes: 40, Feasible_dist: 0.0000, Entropy: 2.5723
[2026-09-03 23:03:32] utils.py(229) : Diversity Loss: 10.4996, Constructive RL loss: 201.2100
[2026-09-03 23:03:34] utils.py(229) : Rank 0 >> Epoch 1: Train (85%)
[2026-09-03 23:03:34] utils.py(229) : [Construction] Score: 31.0096,  Loss: 199.6596,  Infeasible_rate: [100.0000%, 100.0000%], out: 68.7460, out_nodes: 18, Feasible_dist: 0.0000
[2026-09-03 23:03:34] utils.py(229) : [Improvement] Score: 115.9671 [BSF: 115.8079],  Loss: 11.9095,  Infeasible_rate: [100.0000%, 100.0000%], out: 102.4559, out_nodes: 40, Feasible_dist: 0.0000, Entropy: 2.5742
[2026-09-03 23:03:34] utils.py(229) : Diversity Loss: 10.5054, Constructive RL loss: 199.7647
[2026-09-03 23:03:36] utils.py(229) : Rank 0 >> Epoch 1: Train (90%)
[2026-09-03 23:03:36] utils.py(229) : [Construction] Score: 31.1024,  Loss: 198.2392,  Infeasible_rate: [100.0000%, 100.0000%], out: 68.2778, out_nodes: 18, Feasible_dist: 0.0000
[2026-09-03 23:03:36] utils.py(229) : [Improvement] Score: 115.5716 [BSF: 115.4127],  Loss: 11.8267,  Infeasible_rate: [100.0000%, 100.0000%], out: 101.7650, out_nodes: 40, Feasible_dist: 0.0000, Entropy: 2.5766
[2026-09-03 23:03:36] utils.py(229) : Diversity Loss: 10.5129, Constructive RL loss: 198.3443
[2026-09-03 23:03:38] utils.py(229) : Rank 0 >> Epoch 1: Train (90%)
[2026-09-03 23:03:38] utils.py(229) : [Construction] Score: 31.1770,  Loss: 196.8393,  Infeasible_rate: [100.0000%, 100.0000%], out: 67.8182, out_nodes: 17, Feasible_dist: 0.0000
[2026-09-03 23:03:38] utils.py(229) : [Improvement] Score: 115.1648 [BSF: 115.0068],  Loss: 11.7463,  Infeasible_rate: [100.0000%, 100.0000%], out: 101.0850, out_nodes: 40, Feasible_dist: 0.0000, Entropy: 2.5791
[2026-09-03 23:03:38] utils.py(229) : Diversity Loss: 10.5202, Constructive RL loss: 196.9445
[2026-09-03 23:03:40] utils.py(229) : Rank 0 >> Epoch 1: Train (90%)
[2026-09-03 23:03:40] utils.py(229) : [Construction] Score: 31.2395,  Loss: 195.4728,  Infeasible_rate: [100.0000%, 100.0000%], out: 67.3648, out_nodes: 17, Feasible_dist: 0.0000
[2026-09-03 23:03:40] utils.py(229) : [Improvement] Score: 114.7577 [BSF: 114.6006],  Loss: 11.6666,  Infeasible_rate: [100.0000%, 100.0000%], out: 100.4150, out_nodes: 39, Feasible_dist: 0.0000, Entropy: 2.5808
[2026-09-03 23:03:40] utils.py(229) : Diversity Loss: 10.5271, Constructive RL loss: 195.5781
[2026-09-03 23:03:42] utils.py(229) : Rank 0 >> Epoch 1: Train (90%)
[2026-09-03 23:03:42] utils.py(229) : [Construction] Score: 31.2992,  Loss: 194.1088,  Infeasible_rate: [100.0000%, 100.0000%], out: 66.9177, out_nodes: 17, Feasible_dist: 0.0000
[2026-09-03 23:03:42] utils.py(229) : [Improvement] Score: 114.3493 [BSF: 114.1930],  Loss: 11.5873,  Infeasible_rate: [100.0000%, 100.0000%], out: 99.7521, out_nodes: 39, Feasible_dist: 0.0000, Entropy: 2.5833
[2026-09-03 23:03:42] utils.py(229) : Diversity Loss: 10.5347, Constructive RL loss: 194.2141
[2026-09-03 23:03:44] utils.py(229) : Rank 0 >> Epoch 1: Train (90%)
[2026-09-03 23:03:44] utils.py(229) : [Construction] Score: 31.3678,  Loss: 192.7652,  Infeasible_rate: [100.0000%, 100.0000%], out: 66.4751, out_nodes: 17, Feasible_dist: 0.0000
[2026-09-03 23:03:44] utils.py(229) : [Improvement] Score: 113.9537 [BSF: 113.7985],  Loss: 11.5100,  Infeasible_rate: [100.0000%, 100.0000%], out: 99.0980, out_nodes: 39, Feasible_dist: 0.0000, Entropy: 2.5856
[2026-09-03 23:03:44] utils.py(229) : Diversity Loss: 10.5411, Constructive RL loss: 192.8706
[2026-09-03 23:03:46] utils.py(229) : Rank 0 >> Epoch 1: Train (90%)
[2026-09-03 23:03:46] utils.py(229) : [Construction] Score: 31.4358,  Loss: 191.4401,  Infeasible_rate: [100.0000%, 100.0000%], out: 66.0389, out_nodes: 17, Feasible_dist: 0.0000
[2026-09-03 23:03:46] utils.py(229) : [Improvement] Score: 113.5629 [BSF: 113.4087],  Loss: 11.4321,  Infeasible_rate: [100.0000%, 100.0000%], out: 98.4526, out_nodes: 39, Feasible_dist: 0.0000, Entropy: 2.5875
[2026-09-03 23:03:46] utils.py(229) : Diversity Loss: 10.5467, Constructive RL loss: 191.5456
[2026-09-03 23:03:48] utils.py(229) : Rank 0 >> Epoch 1: Train (90%)
[2026-09-03 23:03:48] utils.py(229) : [Construction] Score: 31.4920,  Loss: 190.1356,  Infeasible_rate: [100.0000%, 100.0000%], out: 65.6074, out_nodes: 17, Feasible_dist: 0.0000
[2026-09-03 23:03:48] utils.py(229) : [Improvement] Score: 113.1691 [BSF: 113.0146],  Loss: 11.3563,  Infeasible_rate: [100.0000%, 100.0000%], out: 97.8158, out_nodes: 39, Feasible_dist: 0.0000, Entropy: 2.5899
[2026-09-03 23:03:48] utils.py(229) : Diversity Loss: 10.5536, Constructive RL loss: 190.2411
[2026-09-03 23:03:50] utils.py(229) : Rank 0 >> Epoch 1: Train (90%)
[2026-09-03 23:03:50] utils.py(229) : [Construction] Score: 31.5647,  Loss: 188.8460,  Infeasible_rate: [100.0000%, 100.0000%], out: 65.1830, out_nodes: 17, Feasible_dist: 0.0000
[2026-09-03 23:03:50] utils.py(229) : [Improvement] Score: 112.8015 [BSF: 112.6477],  Loss: 11.2820,  Infeasible_rate: [100.0000%, 100.0000%], out: 97.1875, out_nodes: 38, Feasible_dist: 0.0000, Entropy: 2.5919
[2026-09-03 23:03:50] utils.py(229) : Diversity Loss: 10.5606, Constructive RL loss: 188.9516
[2026-09-03 23:03:52] utils.py(229) : Rank 0 >> Epoch 1: Train (95%)
[2026-09-03 23:03:52] utils.py(229) : [Construction] Score: 31.6508,  Loss: 187.5736,  Infeasible_rate: [100.0000%, 100.0000%], out: 64.7603, out_nodes: 17, Feasible_dist: 0.0000
[2026-09-03 23:03:52] utils.py(229) : [Improvement] Score: 112.4496 [BSF: 112.2967],  Loss: 11.2091,  Infeasible_rate: [100.0000%, 100.0000%], out: 96.5671, out_nodes: 38, Feasible_dist: 0.0000, Entropy: 2.5937
[2026-09-03 23:03:52] utils.py(229) : Diversity Loss: 10.5695, Constructive RL loss: 187.6793
[2026-09-03 23:03:55] utils.py(229) : Rank 0 >> Epoch 1: Train (95%)
[2026-09-03 23:03:55] utils.py(229) : [Construction] Score: 31.7289,  Loss: 186.3088,  Infeasible_rate: [100.0000%, 100.0000%], out: 64.3438, out_nodes: 17, Feasible_dist: 0.0000
[2026-09-03 23:03:55] utils.py(229) : [Improvement] Score: 112.0882 [BSF: 111.9359],  Loss: 11.1366,  Infeasible_rate: [100.0000%, 100.0000%], out: 95.9539, out_nodes: 38, Feasible_dist: 0.0000, Entropy: 2.5954
[2026-09-03 23:03:55] utils.py(229) : Diversity Loss: 10.5763, Constructive RL loss: 186.4145
[2026-09-03 23:03:57] utils.py(229) : Rank 0 >> Epoch 1: Train (95%)
[2026-09-03 23:03:57] utils.py(229) : [Construction] Score: 31.8041,  Loss: 185.0825,  Infeasible_rate: [100.0000%, 100.0000%], out: 63.9317, out_nodes: 17, Feasible_dist: 0.0000
[2026-09-03 23:03:57] utils.py(229) : [Improvement] Score: 111.7357 [BSF: 111.5845],  Loss: 11.0637,  Infeasible_rate: [100.0000%, 100.0000%], out: 95.3481, out_nodes: 38, Feasible_dist: 0.0000, Entropy: 2.5974
[2026-09-03 23:03:57] utils.py(229) : Diversity Loss: 10.5839, Constructive RL loss: 185.1883
[2026-09-03 23:03:59] utils.py(229) : Rank 0 >> Epoch 1: Train (95%)
[2026-09-03 23:03:59] utils.py(229) : [Construction] Score: 31.8861,  Loss: 183.8591,  Infeasible_rate: [100.0000%, 100.0000%], out: 63.5257, out_nodes: 16, Feasible_dist: 0.0000
[2026-09-03 23:03:59] utils.py(229) : [Improvement] Score: 111.3887 [BSF: 111.2374],  Loss: 10.9920,  Infeasible_rate: [100.0000%, 100.0000%], out: 94.7492, out_nodes: 38, Feasible_dist: 0.0000, Entropy: 2.5990
[2026-09-03 23:03:59] utils.py(229) : Diversity Loss: 10.5913, Constructive RL loss: 183.9650
[2026-09-03 23:04:01] utils.py(229) : Rank 0 >> Epoch 1: Train (95%)
[2026-09-03 23:04:01] utils.py(229) : [Construction] Score: 31.9636,  Loss: 182.6610,  Infeasible_rate: [100.0000%, 100.0000%], out: 63.1245, out_nodes: 16, Feasible_dist: 0.0000
[2026-09-03 23:04:01] utils.py(229) : [Improvement] Score: 111.0437 [BSF: 110.8933],  Loss: 10.9224,  Infeasible_rate: [100.0000%, 100.0000%], out: 94.1580, out_nodes: 38, Feasible_dist: 0.0000, Entropy: 2.6003
[2026-09-03 23:04:01] utils.py(229) : Diversity Loss: 10.5984, Constructive RL loss: 182.7670
[2026-09-03 23:04:03] utils.py(229) : Rank 0 >> Epoch 1: Train (95%)
[2026-09-03 23:04:03] utils.py(229) : [Construction] Score: 32.0222,  Loss: 181.4767,  Infeasible_rate: [100.0000%, 100.0000%], out: 62.7293, out_nodes: 16, Feasible_dist: 0.0000
[2026-09-03 23:04:03] utils.py(229) : [Improvement] Score: 110.6824 [BSF: 110.5324],  Loss: 10.8537,  Infeasible_rate: [100.0000%, 100.0000%], out: 93.5753, out_nodes: 37, Feasible_dist: 0.0000, Entropy: 2.6022
[2026-09-03 23:04:03] utils.py(229) : Diversity Loss: 10.6049, Constructive RL loss: 181.5828
[2026-09-03 23:04:05] utils.py(229) : Rank 0 >> Epoch 1: Train (95%)
[2026-09-03 23:04:05] utils.py(229) : [Construction] Score: 32.0864,  Loss: 180.2957,  Infeasible_rate: [100.0000%, 100.0000%], out: 62.3384, out_nodes: 16, Feasible_dist: 0.0000
[2026-09-03 23:04:05] utils.py(229) : [Improvement] Score: 110.3442 [BSF: 110.1951],  Loss: 10.7853,  Infeasible_rate: [100.0000%, 100.0000%], out: 93.0000, out_nodes: 37, Feasible_dist: 0.0000, Entropy: 2.6035
[2026-09-03 23:04:05] utils.py(229) : Diversity Loss: 10.6128, Constructive RL loss: 180.4018
[2026-09-03 23:04:07] utils.py(229) : Rank 0 >> Epoch 1: Train (95%)
[2026-09-03 23:04:07] utils.py(229) : [Construction] Score: 32.1511,  Loss: 179.1363,  Infeasible_rate: [100.0000%, 100.0000%], out: 61.9531, out_nodes: 16, Feasible_dist: 0.0000
[2026-09-03 23:04:07] utils.py(229) : [Improvement] Score: 110.0089 [BSF: 109.8603],  Loss: 10.7182,  Infeasible_rate: [100.0000%, 100.0000%], out: 92.4322, out_nodes: 37, Feasible_dist: 0.0000, Entropy: 2.6055
[2026-09-03 23:04:07] utils.py(229) : Diversity Loss: 10.6209, Constructive RL loss: 179.2425
[2026-09-03 23:04:08] utils.py(229) : Rank 0 >> Epoch 1: Train (95%)
[2026-09-03 23:04:08] utils.py(229) : [Construction] Score: 32.1511,  Loss: 179.1363,  Infeasible_rate: [100.0000%, 100.0000%], out: 61.9531, out_nodes: 16, Feasible_dist: 0.0000
[2026-09-03 23:04:08] utils.py(229) : [Improvement] Score: 110.0089 [BSF: 109.8603],  Loss: 10.7182,  Infeasible_rate: [100.0000%, 100.0000%], out: 92.4322, out_nodes: 37, Feasible_dist: 0.0000, Entropy: 2.6055
[2026-09-03 23:04:08] utils.py(229) : Diversity Loss: 10.6209, Constructive RL loss: 179.2425
[2026-09-03 23:04:08] utils.py(229) : dummy_size: 32.20625
[2026-09-03 23:04:08] utils.py(229) : Rank 0 >> Epoch 1/10: Time Est.: Elapsed[4.46m], Remain[40.17m]
[2026-09-03 23:04:08] utils.py(229) : >> Val 64 instances.
[2026-09-03 23:04:08] utils.py(229) : >> validation eval type:
[2026-09-03 23:04:08] utils.py(229) : argmax
[2026-09-03 23:04:08] utils.py(229) : Rank 0 >> val construction time:
[2026-09-03 23:04:08] utils.py(229) : 0.23348736763000488
[2026-09-03 23:04:08] utils.py(229) : ! solution size:
[2026-09-03 23:04:08] utils.py(229) : torch.Size([256, 1, 101])
[2026-09-03 23:04:11] utils.py(229) : Rank 0 >> val improvement time:
[2026-09-03 23:04:11] utils.py(229) : 2.630117654800415
[2026-09-03 23:04:11] utils.py(229) : Rank 0 >> val reconstruction time [w. mask]:
[2026-09-03 23:04:11] utils.py(229) : 0.19722843170166016
[2026-09-03 23:04:11] utils.py(229) : Rank 0 >> val construction time:
[2026-09-03 23:04:11] utils.py(229) : 0.19434499740600586
[2026-09-03 23:04:11] utils.py(229) : ! solution size:
[2026-09-03 23:04:11] utils.py(229) : torch.Size([256, 1, 101])
[2026-09-03 23:04:14] utils.py(229) : Rank 0 >> val improvement time:
[2026-09-03 23:04:14] utils.py(229) : 2.6410388946533203
[2026-09-03 23:04:14] utils.py(229) : Rank 0 >> val reconstruction time [w. mask]:
[2026-09-03 23:04:14] utils.py(229) : 0.20024561882019043
[2026-09-03 23:04:14] utils.py(229) : >> Only feasible solutions are under consideration!
[2026-09-03 23:04:14] utils.py(229) : >> Only feasible solutions are under consideration!
[2026-09-03 23:04:14] utils.py(229) : >> Load optimal solution from: ./data/VRPBLTW/or_tools_200s_vrpbltw50_uniform.pkl
[2026-09-03 23:04:14] utils.py(229) : Rank 0 >> Val Score on vrpbltw50_uniform.pkl: [Construction] NO_AUG_Score: nan, NO_AUG_Gap: nan% --> AUG_Score: nan, AUG_Gap: nan%; Infeasible rate: 100.0% (solution-level), 100.0% (instance-level)
[2026-09-03 23:04:14] utils.py(229) : Rank 0 >> Val Score on vrpbltw50_uniform.pkl: [Improvement] NO_AUG_Score: nan, NO_AUG_Gap: nan% --> AUG_Score: nan, AUG_Gap: nan%; Infeasible rate: 100.0% (solution-level), 100.0% (instance-level)
[2026-09-03 23:04:14] utils.py(229) : Rank 0 >> Val Score on vrpbltw50_uniform.pkl: [w. mask] NO_AUG_Score: 47.9986, NO_AUG_Gap: 242.6427% --> AUG_Score: 46.3073, AUG_Gap: 230.8354%; Infeasible rate: 0.0% (solution-level), 0.0% (instance-level)
[2026-09-03 23:04:14] utils.py(229) : ================================================================================
[2026-09-03 23:09:55] utils.py(229) : Rank 0 >> Epoch 2: Train (95%)
[2026-09-03 23:09:55] utils.py(229) : [Construction] Score: 46.7070,  Loss: -1.6617,  Infeasible_rate: [100.0000%, 100.0000%], out: 0.0446, out_nodes: 0, Feasible_dist: 0.0000
[2026-09-03 23:09:55] utils.py(229) : [Improvement] Score: 57.7703 [BSF: 57.6967],  Loss: 0.0288,  Infeasible_rate: [100.0000%, 100.0000%], out: 1.3977, out_nodes: 10, Feasible_dist: 0.0000, Entropy: 2.9486
[2026-09-03 23:09:55] utils.py(229) : Diversity Loss: 12.3539, Constructive RL loss: -1.5382
[2026-09-03 23:09:55] utils.py(229) : dummy_size: 50.66875
[2026-09-03 23:09:55] utils.py(229) : Rank 0 >> Epoch 2/10: Time Est.: Elapsed[10.26m], Remain[41.04m]
[2026-09-03 23:09:55] utils.py(229) : Rank 0 >> Best model of improvement saved!
[2026-09-03 23:09:55] utils.py(229) : >> Val 64 instances.
[2026-09-03 23:09:55] utils.py(229) : >> validation eval type:
[2026-09-03 23:09:55] utils.py(229) : argmax
[2026-09-03 23:09:56] utils.py(229) : Rank 0 >> val construction time:
[2026-09-03 23:09:56] utils.py(229) : 0.2420177459716797
[2026-09-03 23:09:56] utils.py(229) : ! solution size:
[2026-09-03 23:09:56] utils.py(229) : torch.Size([256, 1, 101])
[2026-09-03 23:09:58] utils.py(229) : Rank 0 >> val improvement time:
[2026-09-03 23:09:58] utils.py(229) : 2.6739776134490967
[2026-09-03 23:09:59] utils.py(229) : Rank 0 >> val reconstruction time [w. mask]:
[2026-09-03 23:09:59] utils.py(229) : 0.20360064506530762
[2026-09-03 23:09:59] utils.py(229) : Rank 0 >> val construction time:
[2026-09-03 23:09:59] utils.py(229) : 0.18587994575500488
[2026-09-03 23:09:59] utils.py(229) : ! solution size:
[2026-09-03 23:09:59] utils.py(229) : torch.Size([256, 1, 101])
[2026-09-03 23:10:01] utils.py(229) : Rank 0 >> val improvement time:
[2026-09-03 23:10:01] utils.py(229) : 2.623704433441162
[2026-09-03 23:10:02] utils.py(229) : Rank 0 >> val reconstruction time [w. mask]:
[2026-09-03 23:10:02] utils.py(229) : 0.23462748527526855
[2026-09-03 23:10:02] utils.py(229) : >> Only feasible solutions are under consideration!
[2026-09-03 23:10:02] utils.py(229) : >> Only feasible solutions are under consideration!
[2026-09-03 23:10:02] utils.py(229) : >> Load optimal solution from: ./data/VRPBLTW/or_tools_200s_vrpbltw50_uniform.pkl
[2026-09-03 23:10:02] utils.py(229) : Rank 0 >> Val Score on vrpbltw50_uniform.pkl: [Construction] NO_AUG_Score: nan, NO_AUG_Gap: nan% --> AUG_Score: nan, AUG_Gap: nan%; Infeasible rate: 100.0% (solution-level), 100.0% (instance-level)
[2026-09-03 23:10:02] utils.py(229) : Rank 0 >> Val Score on vrpbltw50_uniform.pkl: [Improvement] NO_AUG_Score: nan, NO_AUG_Gap: nan% --> AUG_Score: nan, AUG_Gap: nan%; Infeasible rate: 100.0% (solution-level), 100.0% (instance-level)
[2026-09-03 23:10:02] utils.py(229) : Rank 0 >> Val Score on vrpbltw50_uniform.pkl: [w. mask] NO_AUG_Score: 49.4494, NO_AUG_Gap: 253.0141% --> AUG_Score: 48.3466, AUG_Gap: 245.0458%; Infeasible rate: 0.0% (solution-level), 0.0% (instance-level)
[2026-09-03 23:10:02] utils.py(229) : ================================================================================
[2026-09-03 23:15:45] utils.py(229) : Rank 0 >> Epoch 3: Train (95%)
[2026-09-03 23:15:45] utils.py(229) : [Construction] Score: 47.5290,  Loss: -0.4528,  Infeasible_rate: [100.0000%, 100.0000%], out: 0.0003, out_nodes: 0, Feasible_dist: 0.0000
[2026-09-03 23:15:45] utils.py(229) : [Improvement] Score: 57.2264 [BSF: 57.1405],  Loss: 0.0180,  Infeasible_rate: [100.0000%, 100.0000%], out: 1.4492, out_nodes: 10, Feasible_dist: 0.0000, Entropy: 3.0055
[2026-09-03 23:15:45] utils.py(229) : Diversity Loss: 12.8645, Constructive RL loss: -0.3242
[2026-09-03 23:15:45] utils.py(229) : dummy_size: 50.91875
[2026-09-03 23:15:45] utils.py(229) : Rank 0 >> Epoch 3/10: Time Est.: Elapsed[16.09m], Remain[37.53m]
[2026-09-03 23:15:45] utils.py(229) : Rank 0 >> Best model of improvement saved!
[2026-09-03 23:15:45] utils.py(229) : ================================================================================
[2026-09-03 23:22:41] utils.py(229) : Rank 0 >> Epoch 4: Train (95%)
[2026-09-03 23:22:41] utils.py(229) : [Construction] Score: 44.3561,  Loss: -1.2309,  Infeasible_rate: [100.0000%, 100.0000%], out: 0.0090, out_nodes: 0, Feasible_dist: 0.0000
[2026-09-03 23:22:41] utils.py(229) : [Improvement] Score: 55.0684 [BSF: 54.6372],  Loss: 0.0041,  Infeasible_rate: [100.0000%, 100.0000%], out: 2.3277, out_nodes: 11, Feasible_dist: 0.0000, Entropy: 2.9132
[2026-09-03 23:22:41] utils.py(229) : Diversity Loss: 12.8439, Constructive RL loss: -1.1025
[2026-09-03 23:22:41] utils.py(229) : dummy_size: 48.15625
[2026-09-03 23:22:41] utils.py(229) : Rank 0 >> Epoch 4/10: Time Est.: Elapsed[23.01m], Remain[34.52m]
[2026-09-03 23:22:41] utils.py(229) : Rank 0 >> Best model of improvement saved!
[2026-09-03 23:22:41] utils.py(229) : >> Val 64 instances.
[2026-09-03 23:22:41] utils.py(229) : >> validation eval type:
[2026-09-03 23:22:41] utils.py(229) : argmax
[2026-09-03 23:22:41] utils.py(229) : Rank 0 >> val construction time:
[2026-09-03 23:22:41] utils.py(229) : 0.1967008113861084
[2026-09-03 23:22:41] utils.py(229) : ! solution size:
[2026-09-03 23:22:41] utils.py(229) : torch.Size([256, 1, 97])
[2026-09-03 23:22:44] utils.py(229) : Rank 0 >> val improvement time:
[2026-09-03 23:22:44] utils.py(229) : 2.711942434310913
[2026-09-03 23:22:44] utils.py(229) : Rank 0 >> val reconstruction time [w. mask]:
[2026-09-03 23:22:44] utils.py(229) : 0.24528121948242188
[2026-09-03 23:22:44] utils.py(229) : Rank 0 >> val construction time:
[2026-09-03 23:22:44] utils.py(229) : 0.20165467262268066
[2026-09-03 23:22:44] utils.py(229) : ! solution size:
[2026-09-03 23:22:44] utils.py(229) : torch.Size([256, 1, 98])
[2026-09-03 23:22:47] utils.py(229) : Rank 0 >> val improvement time:
[2026-09-03 23:22:47] utils.py(229) : 2.6719725131988525
[2026-09-03 23:22:47] utils.py(229) : Rank 0 >> val reconstruction time [w. mask]:
[2026-09-03 23:22:47] utils.py(229) : 0.20018601417541504
[2026-09-03 23:22:47] utils.py(229) : >> Only feasible solutions are under consideration!
[2026-09-03 23:22:47] utils.py(229) : >> Only feasible solutions are under consideration!
[2026-09-03 23:22:47] utils.py(229) : >> Load optimal solution from: ./data/VRPBLTW/or_tools_200s_vrpbltw50_uniform.pkl
[2026-09-03 23:22:47] utils.py(229) : Rank 0 >> Val Score on vrpbltw50_uniform.pkl: [Construction] NO_AUG_Score: nan, NO_AUG_Gap: nan% --> AUG_Score: nan, AUG_Gap: nan%; Infeasible rate: 100.0% (solution-level), 100.0% (instance-level)
[2026-09-03 23:22:47] utils.py(229) : Rank 0 >> Val Score on vrpbltw50_uniform.pkl: [Improvement] NO_AUG_Score: nan, NO_AUG_Gap: nan% --> AUG_Score: nan, AUG_Gap: nan%; Infeasible rate: 100.0% (solution-level), 100.0% (instance-level)
[2026-09-03 23:22:47] utils.py(229) : Rank 0 >> Val Score on vrpbltw50_uniform.pkl: [w. mask] NO_AUG_Score: 45.6349, NO_AUG_Gap: 226.2088% --> AUG_Score: 42.8768, AUG_Gap: 206.8107%; Infeasible rate: 0.0% (solution-level), 0.0% (instance-level)
[2026-09-03 23:22:47] utils.py(229) : ================================================================================
[2026-09-03 23:28:04] utils.py(229) : Rank 0 >> Epoch 5: Train (95%)
[2026-09-03 23:28:04] utils.py(229) : [Construction] Score: 41.8149,  Loss: -1.9339,  Infeasible_rate: [100.0000%, 100.0000%], out: 0.0111, out_nodes: 0, Feasible_dist: 0.0000
[2026-09-03 23:28:04] utils.py(229) : [Improvement] Score: 53.8243 [BSF: 52.3929],  Loss: -0.0070,  Infeasible_rate: [100.0000%, 100.0000%], out: 3.5451, out_nodes: 12, Feasible_dist: 0.0000, Entropy: 2.8386
[2026-09-03 23:28:04] utils.py(229) : Diversity Loss: 12.5667, Constructive RL loss: -1.8082
[2026-09-03 23:28:04] utils.py(229) : dummy_size: 43.65
[2026-09-03 23:28:04] utils.py(229) : Rank 0 >> Epoch 5/10: Time Est.: Elapsed[28.41m], Remain[28.41m]
[2026-09-03 23:28:04] utils.py(229) : Rank 0 >> Best model of improvement saved!
[2026-09-03 23:28:04] utils.py(229) : Rank 0 >> Saving trained_model
[2026-09-03 23:28:05] utils.py(229) : ================================================================================
[2026-09-03 23:33:00] utils.py(229) : Rank 0 >> Epoch 6: Train (95%)
[2026-09-03 23:33:00] utils.py(229) : [Construction] Score: 38.9474,  Loss: -4.0126,  Infeasible_rate: [99.9971%, 99.8828%], out: 0.0027, out_nodes: 0, Feasible_dist: 46.2888
[2026-09-03 23:33:00] utils.py(229) : [Improvement] Score: 51.3165 [BSF: 48.6638],  Loss: -0.0096,  Infeasible_rate: [100.0000%, 100.0000%], out: 4.7028, out_nodes: 13, Feasible_dist: 0.0000, Entropy: 2.7785
[2026-09-03 23:33:00] utils.py(229) : Diversity Loss: 12.2353, Constructive RL loss: -3.8902
[2026-09-03 23:33:00] utils.py(229) : dummy_size: 39.225
[2026-09-03 23:33:00] utils.py(229) : Rank 0 >> Epoch 6/10: Time Est.: Elapsed[33.33m], Remain[22.22m]
[2026-09-03 23:33:00] utils.py(229) : Rank 0 >> Best model of improvement saved!
[2026-09-03 23:33:00] utils.py(229) : >> Val 64 instances.
[2026-09-03 23:33:00] utils.py(229) : >> validation eval type:
[2026-09-03 23:33:00] utils.py(229) : argmax
[2026-09-03 23:33:00] utils.py(229) : Rank 0 >> val construction time:
[2026-09-03 23:33:00] utils.py(229) : 0.18357181549072266
[2026-09-03 23:33:00] utils.py(229) : ! solution size:
[2026-09-03 23:33:00] utils.py(229) : torch.Size([256, 1, 89])
[2026-09-03 23:33:02] utils.py(229) : Rank 0 >> val improvement time:
[2026-09-03 23:33:02] utils.py(229) : 2.3940231800079346
[2026-09-03 23:33:02] utils.py(229) : Rank 0 >> val reconstruction time [w. mask]:
[2026-09-03 23:33:02] utils.py(229) : 0.1804640293121338
[2026-09-03 23:33:03] utils.py(229) : Rank 0 >> val construction time:
[2026-09-03 23:33:03] utils.py(229) : 0.1728363037109375
[2026-09-03 23:33:03] utils.py(229) : ! solution size:
[2026-09-03 23:33:03] utils.py(229) : torch.Size([256, 1, 89])
[2026-09-03 23:33:05] utils.py(229) : Rank 0 >> val improvement time:
[2026-09-03 23:33:05] utils.py(229) : 2.278618335723877
[2026-09-03 23:33:06] utils.py(229) : Rank 0 >> val reconstruction time [w. mask]:
[2026-09-03 23:33:06] utils.py(229) : 0.18387460708618164
[2026-09-03 23:33:06] utils.py(229) : >> Only feasible solutions are under consideration!
[2026-09-03 23:33:06] utils.py(229) : >> Only feasible solutions are under consideration!
[2026-09-03 23:33:06] utils.py(229) : >> Load optimal solution from: ./data/VRPBLTW/or_tools_200s_vrpbltw50_uniform.pkl
[2026-09-03 23:33:06] utils.py(229) : Rank 0 >> Val Score on vrpbltw50_uniform.pkl: [Construction] NO_AUG_Score: nan, NO_AUG_Gap: nan% --> AUG_Score: nan, AUG_Gap: nan%; Infeasible rate: 100.0% (solution-level), 100.0% (instance-level)
[2026-09-03 23:33:06] utils.py(229) : Rank 0 >> Val Score on vrpbltw50_uniform.pkl: [Improvement] NO_AUG_Score: nan, NO_AUG_Gap: nan% --> AUG_Score: nan, AUG_Gap: nan%; Infeasible rate: 100.0% (solution-level), 100.0% (instance-level)
[2026-09-03 23:33:06] utils.py(229) : Rank 0 >> Val Score on vrpbltw50_uniform.pkl: [w. mask] NO_AUG_Score: 40.2543, NO_AUG_Gap: 187.7322% --> AUG_Score: 37.5103, AUG_Gap: 168.2891%; Infeasible rate: 0.0% (solution-level), 0.0% (instance-level)
[2026-09-03 23:33:06] utils.py(229) : ================================================================================
[2026-09-03 23:37:43] utils.py(229) : Rank 0 >> Epoch 7: Train (95%)
[2026-09-03 23:37:43] utils.py(229) : [Construction] Score: 35.2673,  Loss: -5.0752,  Infeasible_rate: [100.0000%, 100.0000%], out: 0.0063, out_nodes: 0, Feasible_dist: 0.0000
[2026-09-03 23:37:43] utils.py(229) : [Improvement] Score: 48.4116 [BSF: 44.6624],  Loss: -0.0053,  Infeasible_rate: [100.0000%, 100.0000%], out: 5.7687, out_nodes: 14, Feasible_dist: 0.0000, Entropy: 2.7258
[2026-09-03 23:37:43] utils.py(229) : Diversity Loss: 12.4136, Constructive RL loss: -4.9511
[2026-09-03 23:37:43] utils.py(229) : dummy_size: 35.24375
[2026-09-03 23:37:43] utils.py(229) : Rank 0 >> Epoch 7/10: Time Est.: Elapsed[38.06m], Remain[16.31m]
[2026-09-03 23:37:43] utils.py(229) : Rank 0 >> Best model of improvement saved!
[2026-09-03 23:37:43] utils.py(229) : ================================================================================
[2026-09-03 23:42:10] utils.py(229) : Rank 0 >> Epoch 8: Train (95%)
[2026-09-03 23:42:10] utils.py(229) : [Construction] Score: 31.9652,  Loss: -5.9655,  Infeasible_rate: [100.0000%, 100.0000%], out: 0.0205, out_nodes: 0, Feasible_dist: 0.0000
[2026-09-03 23:42:10] utils.py(229) : [Improvement] Score: 45.5959 [BSF: 41.1514],  Loss: -0.0038,  Infeasible_rate: [100.0000%, 100.0000%], out: 6.3826, out_nodes: 14, Feasible_dist: 0.0000, Entropy: 2.6971
[2026-09-03 23:42:10] utils.py(229) : Diversity Loss: 12.7304, Constructive RL loss: -5.8382
[2026-09-03 23:42:10] utils.py(229) : dummy_size: 32.40625
[2026-09-03 23:42:10] utils.py(229) : Rank 0 >> Epoch 8/10: Time Est.: Elapsed[42.51m], Remain[10.63m]
[2026-09-03 23:42:10] utils.py(229) : Rank 0 >> Best model of construction saved!
[2026-09-03 23:42:10] utils.py(229) : Rank 0 >> Best model of improvement saved!
[2026-09-03 23:42:10] utils.py(229) : >> Val 64 instances.
[2026-09-03 23:42:10] utils.py(229) : >> validation eval type:
[2026-09-03 23:42:10] utils.py(229) : argmax
[2026-09-03 23:42:10] utils.py(229) : Rank 0 >> val construction time:
[2026-09-03 23:42:10] utils.py(229) : 0.16226577758789062
[2026-09-03 23:42:10] utils.py(229) : ! solution size:
[2026-09-03 23:42:10] utils.py(229) : torch.Size([256, 1, 82])
[2026-09-03 23:42:13] utils.py(229) : Rank 0 >> val improvement time:
[2026-09-03 23:42:13] utils.py(229) : 2.233534336090088
[2026-09-03 23:42:13] utils.py(229) : Rank 0 >> val reconstruction time [w. mask]:
[2026-09-03 23:42:13] utils.py(229) : 0.17659306526184082
[2026-09-03 23:42:13] utils.py(229) : Rank 0 >> val construction time:
[2026-09-03 23:42:13] utils.py(229) : 0.16677427291870117
[2026-09-03 23:42:13] utils.py(229) : ! solution size:
[2026-09-03 23:42:13] utils.py(229) : torch.Size([256, 1, 84])
[2026-09-03 23:42:15] utils.py(229) : Rank 0 >> val improvement time:
[2026-09-03 23:42:15] utils.py(229) : 2.271510601043701
[2026-09-03 23:42:15] utils.py(229) : Rank 0 >> val reconstruction time [w. mask]:
[2026-09-03 23:42:15] utils.py(229) : 0.17429542541503906
[2026-09-03 23:42:15] utils.py(229) : >> Only feasible solutions are under consideration!
[2026-09-03 23:42:15] utils.py(229) : >> Only feasible solutions are under consideration!
[2026-09-03 23:42:15] utils.py(229) : >> Load optimal solution from: ./data/VRPBLTW/or_tools_200s_vrpbltw50_uniform.pkl
[2026-09-03 23:42:15] utils.py(229) : Rank 0 >> Val Score on vrpbltw50_uniform.pkl: [Construction] NO_AUG_Score: nan, NO_AUG_Gap: nan% --> AUG_Score: nan, AUG_Gap: nan%; Infeasible rate: 100.0% (solution-level), 100.0% (instance-level)
[2026-09-03 23:42:15] utils.py(229) : Rank 0 >> Val Score on vrpbltw50_uniform.pkl: [Improvement] NO_AUG_Score: nan, NO_AUG_Gap: nan% --> AUG_Score: nan, AUG_Gap: nan%; Infeasible rate: 100.0% (solution-level), 100.0% (instance-level)
[2026-09-03 23:42:15] utils.py(229) : Rank 0 >> Val Score on vrpbltw50_uniform.pkl: [w. mask] NO_AUG_Score: 34.7186, NO_AUG_Gap: 147.9665% --> AUG_Score: 32.2063, AUG_Gap: 130.2104%; Infeasible rate: 0.0% (solution-level), 0.0% (instance-level)
[2026-09-03 23:42:15] utils.py(229) : ================================================================================
[2026-09-03 23:46:36] utils.py(229) : Rank 0 >> Epoch 9: Train (95%)
[2026-09-03 23:46:36] utils.py(229) : [Construction] Score: 30.0251,  Loss: -6.2922,  Infeasible_rate: [99.9873%, 99.5703%], out: 0.0208, out_nodes: 0, Feasible_dist: 33.2598
[2026-09-03 23:46:36] utils.py(229) : [Improvement] Score: 43.2011 [BSF: 38.5785],  Loss: -0.0036,  Infeasible_rate: [100.0000%, 100.0000%], out: 6.3480, out_nodes: 14, Feasible_dist: 0.0000, Entropy: 2.6789
[2026-09-03 23:46:36] utils.py(229) : Diversity Loss: 13.1468, Constructive RL loss: -6.1607
[2026-09-03 23:46:36] utils.py(229) : dummy_size: 31.05
[2026-09-03 23:46:36] utils.py(229) : Rank 0 >> Epoch 9/10: Time Est.: Elapsed[46.93m], Remain[5.21m]
[2026-09-03 23:46:36] utils.py(229) : Rank 0 >> Best model of construction saved!
[2026-09-03 23:46:36] utils.py(229) : Rank 0 >> Best model of improvement saved!
[2026-09-03 23:46:36] utils.py(229) : ================================================================================
[2026-09-03 23:50:56] utils.py(229) : Rank 0 >> Epoch 10: Train (95%)
[2026-09-03 23:50:56] utils.py(229) : [Construction] Score: 27.8899,  Loss: -7.1131,  Infeasible_rate: [99.9834%, 99.3359%], out: 0.0218, out_nodes: 0, Feasible_dist: 31.1645
[2026-09-03 23:50:56] utils.py(229) : [Improvement] Score: 40.5328 [BSF: 35.8344],  Loss: -0.0020,  Infeasible_rate: [100.0000%, 100.0000%], out: 6.3867, out_nodes: 13, Feasible_dist: 0.0000, Entropy: 2.6582
[2026-09-03 23:50:56] utils.py(229) : Diversity Loss: 13.5759, Constructive RL loss: -6.9774
[2026-09-03 23:50:56] utils.py(229) : dummy_size: 29.66875
[2026-09-03 23:50:56] utils.py(229) : Rank 0 >> Epoch 10/10: Time Est.: Elapsed[51.28m], Remain[0.00m]
[2026-09-03 23:50:56] utils.py(229) : Rank 0 >> Best model of construction saved!
[2026-09-03 23:50:56] utils.py(229) : Rank 0 >> Best model of improvement saved!
[2026-09-03 23:50:56] utils.py(229) : Rank 0 >> Saving trained_model
[2026-09-03 23:50:56] utils.py(229) : >> Val 64 instances.
[2026-09-03 23:50:56] utils.py(229) : >> validation eval type:
[2026-09-03 23:50:56] utils.py(229) : argmax
[2026-09-03 23:50:57] utils.py(229) : Rank 0 >> val construction time:
[2026-09-03 23:50:57] utils.py(229) : 0.17440009117126465
[2026-09-03 23:50:57] utils.py(229) : ! solution size:
[2026-09-03 23:50:57] utils.py(229) : torch.Size([256, 1, 78])
[2026-09-03 23:50:59] utils.py(229) : Rank 0 >> val improvement time:
[2026-09-03 23:50:59] utils.py(229) : 2.0964431762695312
[2026-09-03 23:50:59] utils.py(229) : Rank 0 >> val reconstruction time [w. mask]:
[2026-09-03 23:50:59] utils.py(229) : 0.1671278476715088
[2026-09-03 23:50:59] utils.py(229) : Rank 0 >> val construction time:
[2026-09-03 23:50:59] utils.py(229) : 0.15974044799804688
[2026-09-03 23:50:59] utils.py(229) : ! solution size:
[2026-09-03 23:50:59] utils.py(229) : torch.Size([256, 1, 80])
[2026-09-03 23:51:01] utils.py(229) : Rank 0 >> val improvement time:
[2026-09-03 23:51:01] utils.py(229) : 2.13411808013916
[2026-09-03 23:51:01] utils.py(229) : Rank 0 >> val reconstruction time [w. mask]:
[2026-09-03 23:51:01] utils.py(229) : 0.16150760650634766
[2026-09-03 23:51:01] utils.py(229) : >> Only feasible solutions are under consideration!
[2026-09-03 23:51:01] utils.py(229) : >> Only feasible solutions are under consideration!
[2026-09-03 23:51:01] utils.py(229) : >> Load optimal solution from: ./data/VRPBLTW/or_tools_200s_vrpbltw50_uniform.pkl
[2026-09-03 23:51:01] utils.py(229) : Rank 0 >> Val Score on vrpbltw50_uniform.pkl: [Construction] NO_AUG_Score: nan, NO_AUG_Gap: nan% --> AUG_Score: 28.1077, AUG_Gap: 93.7051%; Infeasible rate: 99.805% (solution-level), 98.438% (instance-level)
[2026-09-03 23:51:01] utils.py(229) : Rank 0 >> Val Score on vrpbltw50_uniform.pkl: [Improvement] NO_AUG_Score: nan, NO_AUG_Gap: nan% --> AUG_Score: 28.1077, AUG_Gap: 93.7051%; Infeasible rate: 99.805% (solution-level), 98.438% (instance-level)
[2026-09-03 23:51:01] utils.py(229) : Rank 0 >> Val Score on vrpbltw50_uniform.pkl: [w. mask] NO_AUG_Score: 30.1819, NO_AUG_Gap: 115.6674% --> AUG_Score: 27.737, AUG_Gap: 98.4548%; Infeasible rate: 0.0% (solution-level), 0.0% (instance-level)
[2026-09-03 23:51:01] utils.py(229) : >> Finish VRPBLTW Training using SINGLE Model ...
[1;34mwandb[0m: 
[1;34mwandb[0m: 🚀 View run [33m20260903_235933train_attr[0m at: [34mhttps://wandb.ai/shoraaa-vnu/unified_solver/runs/4614msvy[0m
[1;34mwandb[0m: Find logs at: [1;35mwandb/run-20260903_225938-4614msvy/logs[0m
[W903 23:51:05.287725526 AllocatorConfig.cpp:28] Warning: PYTORCH_CUDA_ALLOC_CONF is deprecated, use PYTORCH_ALLOC_CONF instead (function operator())
